Word pair;Human jugdement;attract-reppel.emb;fastext.emb;glove.emb;cbow.emb;sp.500d.emb;paragram-ws.emb;paragram-sl.emb;cf.emb;wordnet-randomwalks.emb;wordnet-ukb.ppv;en_wordsenses_BN.txt+nasari-unified
go,come;2.42;-0.10253146225784164;0.6216894698684969;0.7423291323461432;0.6604675507076807;0.38907426588194344;0.6347646577611471;0.5545598417849651;-0.06983348801086427;0.33881420849275423;0.0682122137249205;0.19442588840898625
take,steal;6.18;0.19379878995465688;0.4294456073676617;0.5024626080301511;0.25938221360878255;0.16987884329443806;0.23602641447580133;0.21298014978073823;0.23380156369591912;0.27724331165127;0.029056332885024475;0.2968329057250193
listen,hear;8.17;0.8030623635564434;0.7567129322021865;0.8084040881268386;0.6487073768027778;0.3573269279110637;0.8202086238901019;0.8268007388527835;0.8840411250469148;0.4776717064956679;0.0876741085814635;1.0
think,rationalize;8.25;0.08484725116190828;0.4142345643243916;0.3025156702975648;0.20255310700439888;0.18779265926829014;0.19378851998755112;0.19042795630917037;0.15565224844537587;0.3459000367656185;0.020963954943929903;0.5
occur,happen;9.32;0.8373222590539872;0.6038896503779557;0.6802512704609426;0.6608620532503774;0.29490183598075886;0.8771241844026959;0.8132462322723547;0.862241914896965;0.8960654162693346;0.9216605374830653;1.0
vanish,disappear;9.8;0.8323519525751967;0.6848816635231436;0.8628318861371653;0.9004227089110728;0.4258405999987621;0.8888690328340813;0.8731904011711293;0.9829407300185349;0.8703168379940396;0.8651429268197146;1.0
multiply,divide;1.75;-0.18305684773031633;0.42089015227939336;0.534669854546767;0.29796527247898363;0.32495972503173165;0.22807992134838806;0.16259613581990143;-0.08779696812914631;0.31196572398230477;0.07937181328212334;0.5
plead,beg;9.08;0.5741952414180979;0.30331855750201253;0.5363748952328349;0.5100148371569548;0.2874031235773441;0.514193679245422;0.34797197843685895;0.32557934930947763;0.4787954002627656;0.19869903663349955;0.5
begin,originate;8.2;0.43135475142859336;0.32686727190984477;0.31824132642111286;0.15195355727108517;0.08331521557397852;0.1918184686120277;0.19640824936475929;0.22878248934113637;0.34917729377797385;0.01267199525932618;0.5
protect,defend;9.13;0.6753808885699898;0.6119072628492068;0.6297112713003952;0.6000393729466009;0.3762790651141353;0.7730774859345713;0.7019223119433772;0.7101922371224159;0.4145506963574336;0.0489310751049321;1.0
kill,destroy;5.9;0.29740832954577057;0.6869656833087028;0.7083571283691698;0.5964589178164269;0.3588212969985569;0.2745069314136727;0.18494287273431362;0.24605869378978268;0.41736148086565783;0.022732583330056382;0.5
create,make;8.72;0.5296546458402749;0.5748944132429029;0.7099024699044882;0.44415159558954953;0.20024089968332937;0.700907001235321;0.6195460310543931;0.6902481398230293;0.4284149411751357;0.32232032248023745;1.0
accept,reject;0.83;-0.16100415256624365;0.6871774314546119;0.70421208631258;0.6692347924903321;0.04670082621149277;0.3654353161760313;0.2586467190614809;-0.021764735398995247;0.4948320725705754;0.10382140765070955;0.5
ignore,avoid;6.87;0.35197983718871434;0.532183666877172;0.5989638444471573;0.3882372579340245;0.2626033689453451;0.37800528508516595;0.3300421615094665;0.3119955739689428;0.24277441375362546;0.009953446864981185;0.5
carry,bring;5.8;0.4055910220513694;0.49281290963859825;0.5904860548283806;0.4956368449241101;0.2181538828756312;0.7449808072403178;0.702583097992601;0.7264711967541527;0.35123109011202047;0.06855981388044403;0.5
leave,enter;0.95;-0.05129412067757459;0.5254368379613239;0.5728529540349983;0.47641236481116633;-0.016281322812520867;0.19699069606294878;0.1771091203540141;-0.012735354775146233;0.2696832164673021;0.023750231282081653;0.5
choose,elect;7.62;0.7373532051374021;0.4417265340272292;0.44915782625868717;0.4081230267054192;0.2454309159857197;0.8301103719411752;0.8761084630415222;0.9350542031026443;0.5101577493973994;0.11184852822698327;0.5
lose,fail;7.33;0.43838243227345625;0.4102594904686041;0.5560296817239453;0.42739905279059626;0.17899601831906986;0.22784529092336922;0.39235435291849446;0.38363866135505936;0.5142299160938347;0.1402096815241519;0.5
encourage,discourage;1.58;-0.24339601175537925;0.7563937909985122;0.7170885282596052;0.620431678151453;0.13429716123176566;0.444868622509907;0.30467111306119427;-0.00908903639488995;0.4519336365299276;0.018066702113196716;0.5
achieve,accomplish;8.57;0.8096930203691196;0.7267638329189784;0.7351416078341442;0.7061797565114498;0.31206049556009174;0.8191603145930857;0.8242097858394096;0.870316983175212;0.7867855937220282;0.43503706272708015;1.0
make,construct;8.33;0.5746283170774007;0.3895297796009097;0.4127626929721824;0.26238975268435155;0.1576636849852202;0.2805037587029151;0.26926196642318945;0.335276259024476;0.2790463067481334;0.035572244057194995;1.0
listen,obey;4.93;0.16615789952571206;0.39451769447715984;0.3710156760299086;0.29275347488530645;0.34592952850490344;0.31484994696879776;0.32864465791173675;0.3134669907674204;0.3835870212730853;0.01931489687103531;0.5
inform,notify;9.25;0.8738353189586601;0.3833534997865939;0.729564176214952;0.6716384946027106;0.31156568045113975;0.8772035174015905;0.8426438774599577;0.9461709935517073;0.5950333448067213;0.122297351837549;1.0
receive,give;1.47;0.2865273366794499;0.49358934925841624;0.5683851606661311;0.5135116878605788;0.0425239150771203;0.31406302320357443;0.2885757582011984;0.24455336712912226;0.21728687176208505;0.01094787625573259;0.5
borrow,beg;2.62;0.058985525482349324;0.3128318645505444;0.4040866192146755;0.22443755293481768;0.31246172621551876;0.23806797244705633;0.12684508327999275;0.10208989736611741;0.19425538751191138;0.0061811692042213874;0.5
take,obtain;7.1;0.3020713747470033;0.44657253743369035;0.46756341846507493;0.24656388577193408;0.1550018743803542;0.26259265260319126;0.2974221498521297;0.3108584984638076;0.2487158812262652;0.013427854591159563;0.5
advise,recommend;8.1;0.7273344944816176;0.6964533300937604;0.6804243661374947;0.5992340581048344;0.36200696665789156;0.62000003307543;0.6684307684163728;0.665233869175993;0.4092552456545969;0.03425222534210818;0.5
imitate,portray;6.75;0.23400956641997206;0.49693706984447983;0.5249741489306822;0.4300358929159315;0.1187866368364422;0.4137007377987597;0.3769092082979388;0.30105594428752763;0.3070005256495437;0.017469962816058622;0.5
win,succeed;7.9;0.5885218065117307;0.3217491723392038;0.4071552279154898;0.34874741937501963;0.24361164124056536;0.3803037506286411;0.41492498478010736;0.44195279535729387;0.4070839773223859;0.02562737209996911;1.0
think,decide;5.13;0.1926238715472234;0.48414025643327235;0.5823009661449441;0.3698435819942208;0.2495551981998757;0.20200369382407285;0.21441176777515797;0.19222827565639658;0.3938324655783708;0.01377959825072226;0.5
greet,meet;6.17;0.2918505343573735;0.4472542344119092;0.4870182850040918;0.4248201520495974;0.41093049725146313;0.251376657390965;0.23720526813545273;0.19603575991642413;0.3089396933673201;0.08189964891201552;0.5
agree,argue;0.77;0.17577674062079912;0.6519949472190393;0.6857514371780851;0.5025947967206628;0.22278078687376152;0.3169323214117038;0.2558684707296077;0.22499216147894135;0.24275732504353478;0.008067509635505028;0.5
enjoy,entertain;5.92;0.32686916100006275;0.569649467171594;0.5331176968685929;0.39684186888245526;0.2113163008438692;0.29219982045793375;0.2502693103605518;0.28319099213665777;0.24288732766553192;0.006793114384561198;0.5
destroy,make;1.6;-0.050745436379417495;0.391968647526769;0.44751592020608244;0.21364585776892497;0.021877893515298397;0.1588312092847426;0.10283944708287569;0.08161156372982038;0.18056616146336318;0.01788622538399108;0.5
save,protect;6.58;0.5462794405387699;0.4869213437774396;0.45871499685232736;0.40193017217793314;0.21644380710654543;0.39719898460631964;0.40672877326585577;0.38771112219448783;0.19229299429055252;0.007476159283157891;0.5
give,lend;7.22;0.7051512152798493;0.5361883680219602;0.5926354476729236;0.4730939940059156;0.3228982057447677;0.8061425333848545;0.8513120517209996;0.8445394398549018;0.3055012079818672;0.027982022561165835;0.5
understand,know;7.47;0.5109940543073681;0.7588543859105067;0.8385369839748271;0.7018061720264415;0.3561115610244661;0.7478309721470635;0.674167364493518;0.7101311377520838;0.39549341829980394;0.06377510695474355;0.5
take,receive;5.08;0.2825228719345581;0.3849239630040556;0.47464918105900833;0.3293255933073982;0.22193229394201439;0.3653971783041397;0.3676510166894595;0.3399044737701324;0.2924868447890265;0.04677462357831732;0.5
accept,acknowledge;6.88;0.5508077146825027;0.6527705421498943;0.6856867734223676;0.5503443646490156;0.35421536167055473;0.8250236040400364;0.6803123197298189;0.7068854808115327;0.4765982904998331;0.051668993626071906;0.5
decide,choose;8.87;0.5156049936869994;0.6654071119323858;0.7424836685368776;0.6101881701156857;0.32141369374554424;0.6458703252436405;0.6117967172232325;0.687211788893684;0.4713895504708506;0.05797811239287422;0.5
accept,believe;6.75;0.31152138119725703;0.4782676943291777;0.5806650773187588;0.33817702519465154;0.30266095582694597;0.29991760930686207;0.3204407590335244;0.3624746393057815;0.41219403183962494;0.0631207119356591;0.5
keep,possess;8.27;0.26152788732922866;0.18174265849649202;0.3252920760372773;0.17311662901794958;0.24873649473871562;0.29156210997581183;0.40064700787965546;0.34337614467154287;0.1551789606484975;0.005094729118769128;0.5
roam,wander;8.83;0.8481391545208466;0.6915273711796698;0.7396572731093283;0.6705389393023768;0.14566530344424547;0.8770386193716319;0.8844430945412648;0.8844435346339801;0.7944818722476149;0.9904801797568511;1.0
succeed,fail;0.83;-0.15112690759937983;0.36162847785621594;0.5765831436524186;0.34452341485218513;-0.05477502670282617;0.26920535289383785;0.2481731518920783;-0.01047234927504362;0.379476327030661;0.026041164568976136;0.5
spend,save;0.55;0.20099954442913692;0.4157684165807414;0.5105976501860235;0.3804436135985129;0.22655288349950753;0.22658686428441505;0.18269407794878603;0.23222874924701173;0.36732915522571113;0.019978061466846483;0.5
leave,go;7.63;0.2796303354493715;0.5557058250897512;0.69768254975696;0.47543649441084407;0.25638761530190096;0.4862144967305447;0.5251954251675894;0.48168665910305575;0.2822940350200595;0.021377668141370425;1.0
come,attend;8.1;0.045592769997343324;0.30677372831153144;0.4569028374112728;0.271150755884794;0.2773415107741982;0.280034214428305;0.23691597154643276;0.19940858964259153;0.23365429817356453;0.006262608062407486;0.5
know,believe;5.5;0.2958877397263477;0.6602331514348126;0.8284743599633625;0.5885565434999036;0.35066120423407227;0.5167786444463929;0.41003320163635193;0.5141894531842797;0.2697117657659205;0.011944842235260768;0.5
gather,meet;7.3;0.5983572721217228;0.3544276413763921;0.5097959840684284;0.3257775329182796;0.2696066509093178;0.3743177037841318;0.5005854972417225;0.4277958721008413;0.2995350043798985;0.08688193948116632;1.0
make,earn;7.62;0.49316760241410107;0.3631561932362741;0.45303788424165337;0.34733257554541147;0.12063764656877832;0.3633341484967259;0.38936474876271204;0.4092417583963749;0.2217971265091463;0.029671944958408584;1.0
forget,ignore;3.07;0.6243757712519624;0.5711145845349285;0.6567854884551401;0.5128526013166226;0.07419527850112996;0.8697153489980695;0.8005140870396182;0.7980276816566142;0.5471060929154797;0.09777750992591441;0.5
multiply,add;2.7;0.35722079357951;0.361132441140935;0.3140304229885942;0.3644183143196832;0.17281398503615575;0.2451551324963288;0.2770826028044571;0.22352919941270738;0.26848887595562604;0.01031325614661639;0.5
shrink,grow;0.23;-0.09447623923308505;0.5111809990832413;0.3343760203189662;0.5707283355371285;-0.057971934803076976;0.0969157766963616;0.02934168665715071;-0.022375239470834488;0.24554251078631412;0.014955952787773162;0.5
arrive,leave;1.33;-0.1291197921885896;0.5619152358890357;0.5837018164462646;0.4678978450925875;0.19438441538371595;0.26991973865015995;0.22668238551363745;-0.0671686731980338;0.34180789248748444;0.049062408406982796;0.5
succeed,try;3.98;0.153745896539373;0.31191934194046855;0.4782761282517103;0.18057776600337277;0.19455773801922024;0.3085381578805019;0.19475022122701202;0.28533289275555357;0.3452618882958325;0.031875845193224485;0.5
accept,deny;1.75;-0.19061951306654426;0.4893216596983846;0.6270116453675209;0.4046022392220757;0.09885754169675666;0.2814964009014201;0.25410238489238607;-0.04063050487622509;0.2904443921533646;0.018152335502651638;0.5
arrive,come;7.05;0.4686919353976789;0.5414820117159619;0.5934362168503866;0.44826442108281633;0.1526332714101508;0.8251310356036857;0.8195632761810564;0.8535176240960285;0.7460611001756199;0.6434183366072452;1.0
agree,differ;1.05;-0.19340075914288146;0.33069922991173656;0.4009221443843607;0.3402539363355766;0.13972421138327684;0.3012782309324697;0.2591425101068109;-0.05067451182170008;0.24755779635577346;0.007369006572900039;0.5
send,receive;1.08;0.2319832333960752;0.5666091005282407;0.6341230512936722;0.4633009098449162;0.018372881599281646;0.26116749996730126;0.19379549725613132;0.2624650274793406;0.1741170103953878;0.006482098459080985;0.5
win,dominate;5.68;0.3060422141919012;0.35582689688888036;0.42395621131658756;0.34382747216441834;0.18123415232983303;0.3884378233140831;0.3432218585405316;0.38703312180481864;0.2095133391049507;0.00539079609645404;0.5
add,divide;2.3;-0.12764452227013126;0.2714811457247691;0.2788096774856605;0.1640678473157587;0.23284815408964182;0.054128354044479875;0.10792654131195535;0.054092493702241055;0.1916842769397685;0.005789148356684169;0.5
kill,choke;4.92;0.29688280212958157;0.29293938246981654;0.38815017379013045;0.3950170972352024;0.28225807890357674;0.2407242854292309;0.20214224599451913;0.20082031416345186;0.24797578663650643;0.020095076075534596;0.3563483225498992
acquire,get;8.82;0.6627016120116362;0.3624237351259048;0.44329513328216735;0.20618372167833077;-0.003897820253661633;0.547680262135063;0.6963299295398239;0.718709511057057;0.611569224539709;0.7355132289471655;1.0
participate,join;7.7;0.4471963843910645;0.5690435224415216;0.635776121983018;0.6274108233347777;0.3082954503653246;0.46051869485771035;0.49795939645843756;0.6071241765521668;0.17669986632860302;0.005161058696054475;0.5
leave,remain;2.53;-0.04730770957146517;0.5649789172335987;0.6138951598840946;0.46549393135004385;0.12179101139555057;0.20175623663964024;0.2104238833113296;0.14981216600821898;0.2133650975773221;0.01641539576441924;0.5
go,enter;4.0;0.12036448434744887;0.45095691311116176;0.5724634134107431;0.4434318093212833;0.15459300148457444;0.33236506625406603;0.26975587447516836;0.04678808733847903;0.19551417171710045;0.018935187277112513;0.5
take,carry;5.23;0.4148214814394701;0.481225947495526;0.5772073147191548;0.481079739763085;0.19912698533867182;0.6621566599647652;0.6556620073161404;0.6794104447804963;0.2427305415610066;0.04850559729413298;1.0
forget,learn;1.18;0.13197984388897038;0.4813117656953604;0.594074649303123;0.387555341535045;0.13275949548978674;0.22425101478279683;0.12531082287913137;0.08583075275356843;0.38692874488457063;0.01717214184200515;0.5
appoint,elect;8.17;0.5513976484397964;0.7051642749771574;0.6948271446912837;0.5806847688061274;0.3875940681872976;0.4074870040300639;0.2590450474071149;0.32013581608329733;0.4274388980323763;0.020192268721013824;0.5
engage,marry;5.43;0.08300646794417531;0.29835336891503694;0.279100986120633;0.1942613034493232;0.21687447481158714;0.083537676835767;0.03275793064337256;0.08098873724814597;0.2808254470409675;0.010281417304886686;0.5
ask,pray;3.72;0.5364935520291444;0.4783293820901447;0.5573504197560581;0.4134027649628401;0.21685247471843047;0.613122997332258;0.5870973778680084;0.7134327753373975;0.4446089831062473;0.028020180063517388;0.5
go,send;3.75;0.16859955480993818;0.5019355323555619;0.5270688882163825;0.4585718887389258;0.13375762564593374;0.17120923079749234;0.18353446386322356;0.08467111888660897;0.20908964257437812;0.0108346132739149;0.5
take,deliver;4.37;0.1967842975489966;0.43061537569937663;0.45709868073221993;0.22928641423308668;0.14139889210727657;0.35604818783439857;0.38927631136459245;0.3474932935509339;0.13130872851768413;0.02244043462748405;0.5
speak,hear;3.02;0.2788037102653341;0.550396992741986;0.6755497550716253;0.4941715978447837;0.0784546839184453;0.3629778426029942;0.33789510932162703;0.3851512870700507;0.2025751304778593;0.007965212071831805;0.5
analyze,evaluate;8.03;0.6052506585394145;0.7406965349379292;0.8003895598227077;0.7479892523544618;0.5476890941440977;0.4260428722568851;0.27806693135330046;0.4606049193777711;0.24377192567791944;0.003546755483767994;0.5
argue,rationalize;4.2;0.14601037792848678;0.5770496582595596;0.5281737767271266;0.2792003940234487;0.15629556106754136;0.18173565891948168;0.06394814342639271;0.05988117821562841;0.3612013821626049;0.02607348722808495;0.5
lose,keep;1.05;-0.10079963174188439;0.288178045862454;0.6078790058068756;0.30240253776217585;0.12231688055478813;0.2489618254704179;0.18064621373923975;-0.035541149477783515;0.30354429073165423;0.03526210594759578;0.5
compare,analyze;8.1;0.34967217943898876;0.5086737944211932;0.46584791388331614;0.5279791911615028;0.5019035662486797;0.291204095023983;0.2863498130115528;0.2717849536249329;0.3411043748760687;0.030368320351541588;0.5
disorganize,organize;1.45;0.0;0.5941990091017869;0.19228065697438748;0.3486344436477234;0.0;0.15482488220736956;0.1279512704564289;0.0;0.6374312622411267;0.1367043713253342;0.5
go,allow;3.62;0.14921186364901753;0.3397388122783803;0.5077790398036491;0.23294698979464382;0.058524648862146686;0.3364123080113545;0.2924277479655651;0.2478439242611564;0.21008576051844324;0.007540827686009035;0.5
take,possess;7.2;0.24969088863561423;0.30814325576594637;0.4054429005498668;0.2435631100321654;0.2013275315605843;0.3078661134590621;0.43019775796797577;0.42100228097491627;0.13599464858667112;0.013261947155321701;0.5
learn,listen;3.88;0.38451352466554606;0.5143097580627162;0.5160901375023014;0.39190334391614007;0.4224345759777179;0.3998255206342218;0.412883153803811;0.403568422756015;0.2998103674083738;0.014105065678181383;0.5
destroy,construct;0.92;0.07603983354728741;0.4383752620222802;0.3768529396708633;0.32852807710997967;0.17693380146939128;0.23475792020731606;0.1767081296480054;0.19652788161734724;0.17113203708694544;0.004246461946153406;0.5
create,build;8.48;0.6502739884271106;0.5595609923936711;0.591690358069799;0.5695986944817103;0.3757823656049;0.6988567542497692;0.7167598756967487;0.7284832895334187;0.2925178667402129;0.028458630285761476;1.0
steal,buy;1.13;0.400997585876488;0.5581522597670481;0.3884481139617699;0.3605066092455787;0.23253647942625671;0.2355981871837665;0.24262983435041213;0.24964031002252604;0.3707848754325768;0.011908753093260255;1.0
kill,hang;4.45;0.0401300483934455;0.30848750621035215;0.3880157291025377;0.24479709247398074;0.19071512243980449;0.14429231825103161;0.13606714983826523;0.12547628762643698;0.28334093671460014;0.02556768031243726;0.5
forget,know;0.92;0.2549656649479711;0.6353415979186681;0.7822637997907048;0.5859935996606265;0.1348380448323395;0.36758832206466857;0.23395121234114163;0.001973280626220933;0.31663266789161787;0.008043256235303432;0.5
create,imagine;5.13;0.2559491296445364;0.4657609275326178;0.42114000561659004;0.24922572726537476;0.22906325588256765;0.1763141998069414;0.2235711448269608;0.2533806176222614;0.18418355964675132;0.00959671115976229;0.5
do,happen;4.23;0.17204326024728564;0.4927588579185799;0.667116709990017;0.5667038080469564;0.23677961323864838;0.4523007206775777;0.4051260635613448;0.41113870746791004;0.25782412644835423;0.012368918743594375;0.5
win,accomplish;7.85;0.3904533796704868;0.32075962221492227;0.27450201914958655;0.3058018363688749;0.03782021816114012;0.21369543219631337;0.330751118501453;0.3537676880400724;0.30039242856331605;0.0071177841225556066;0.5
give,deny;1.43;-0.06960967744061453;0.45534109190041155;0.4709872417866824;0.3630664433290104;0.1134363187639841;0.2019094345630369;0.13980218715114298;0.03269901336911403;0.2183363416804509;0.014107976913600582;0.5
deserve,earn;5.8;0.3546740263421229;0.3909673992042698;0.48746643406774426;0.41068211896884743;0.24555414499059114;0.6030311905106037;0.697109126259025;0.7064572894582283;0.46872405399657796;0.08351513542656601;0.5
get,put;1.98;0.046223420056809204;0.5461354804227473;0.7264983291914417;0.46231815329267273;0.17223404773928772;0.3648542165357938;0.4314372588774126;0.37655587624434783;0.20847774045635564;0.012421620154453266;0.3429971702850177
locate,find;8.73;0.707541490353707;0.7203086766908252;0.7535447982728344;0.5766037681384502;0.3844633592754065;0.7378919702720782;0.7100609532817176;0.7142285695806585;0.33629471678801587;0.07506627018138998;0.5
appear,attend;6.28;0.2621304750543031;0.22490947161098723;0.3323673277865139;0.25199141115968227;0.25076350766255856;0.1830361983155033;0.12960860093454357;0.1305735548298354;0.229698514988328;0.003518293296680098;0.5
know,comprehend;7.63;0.32328720085592916;0.5424495705421167;0.47594613517501544;0.43101106488971386;0.31989713337917797;0.5756639087333048;0.5551481086789741;0.6875057682110899;0.3947301078125128;0.0383802802233586;0.5
pretend,imagine;8.47;0.431520775155363;0.5490990294875938;0.6642213995968838;0.47361783744740993;0.37414193197276124;0.3987901386192718;0.3162014625186805;0.38092930684688114;0.4131053661187692;0.03179373306561066;0.5
satisfy,please;7.67;0.6277767029711365;0.23590661871142954;0.3302350151402648;0.16465097683202615;0.26515736921090427;0.18374070960000188;0.12674636222904398;0.17170005379626851;0.4404932145884291;0.059797530118717065;1.0
cherish,keep;4.85;0.28624645010401933;0.23327163496704503;0.4029851912963422;0.19325403831352292;0.2571672922430238;0.3400330313033291;0.26655749143944457;0.2354773801727587;0.16763279207561005;0.0021202055605368565;0.5
argue,differ;5.15;0.2966779948580472;0.3746380086495161;0.4766521695068835;0.25710172946698023;0.12407053045941602;0.27764103013052976;0.2057094406367661;0.15524261675225165;0.26082781144141887;0.0058227115270506466;0.5
overcome,dominate;6.25;0.218967194861852;0.3511526362590726;0.42579358295534026;0.27358391398167886;0.241461333243683;0.3066817369721848;0.22941589053821465;0.42887315573825036;0.33897632570486486;0.014816981498201041;0.5
behave,obey;7.3;0.18050388603679704;0.5536935565944019;0.5482943953609376;0.3743031285316134;0.253366136929698;0.4460383481996729;0.3283718666135518;0.3283972627416523;0.24831896220650332;0.005900419566675969;0.5
cooperate,participate;6.43;0.5104477298128148;0.5749778107823491;0.523110499111411;0.4417469735859287;0.3067585047256924;0.3799880910794924;0.3357425885013781;0.3187257962676416;0.234266846762145;0.001960540202635388;0.5
achieve,try;4.42;0.13000432388868108;0.3190645639814822;0.41627989682253025;0.14024978479352243;0.18245488017228773;0.3330388857546527;0.2389053897946215;0.3019026672955473;0.25334720290173424;0.008310421991612109;0.5
fail,discourage;3.33;0.24400217398130358;0.44064737506050966;0.3742425133889414;0.16838725830886758;0.0010466365864256531;0.15593901280956374;0.12831809938326796;0.19810807162811095;0.24845570058028357;0.0055296333217659775;0.5
begin,quit;1.28;0.12774660182908532;0.393951155152821;0.4349746212519449;0.220437036593039;0.11350883735173337;0.11718239220059665;0.22728589410686048;0.03042469764910586;0.27702873930174227;0.009655306867397842;0.5
say,participate;3.82;0.30381012445838457;0.22170377356789087;0.3224498303528353;0.1356434657634116;0.16279032455353942;0.12665528048919145;0.17904562907561108;0.16961843000982949;0.1376658821541089;0.002747822423661215;0.5
come,bring;2.42;0.14186600702863597;0.676380031788744;0.7128488350863416;0.6255680244134896;0.2356814271658654;0.41324948321806615;0.3315479501562126;0.23705959821452705;0.3563214884747153;0.11177051642573613;0.5
declare,announce;9.08;0.7952695930863831;0.5122231897967393;0.4041149347718537;0.39905641635626216;0.2786019793697857;0.8573022627424997;0.8110752513108818;0.8282458633513905;0.5505676780810744;0.09290928605569937;1.0
read,comprehend;4.7;0.14107023322789655;0.585622210525052;0.3691858777155588;0.4054545425302678;0.23526894867637055;0.13838869388445674;0.10476496433191777;0.1338484009826094;0.31153369669724124;0.011428134148918198;0.5
take,leave;2.47;0.1357244327239251;0.5711275547586456;0.6714581530644274;0.42964883265954584;0.2066670283496956;0.2586270752510635;0.2651118903204685;0.17661482257776495;0.1490437406547825;0.02161557879613537;0.20555108804970992
proclaim,announce;8.18;0.7779827652199623;0.5036076120130402;0.342562459214964;0.36278574743326636;0.37410173748746467;0.7844720446676667;0.833500727432814;0.8625141830049876;0.6026304554244745;0.10970575284018516;1.0
acquire,obtain;8.57;0.8616747306940614;0.6127318524520599;0.6479398421457938;0.46401533095530073;0.3915543389561365;0.6845135958272781;0.7096493961604358;0.7678872491549067;0.3808591496950677;0.07752796878683108;1.0
conclude,decide;7.75;0.4034927711965313;0.4498544786790095;0.5485731004695101;0.33212769030916034;0.16272285505384457;0.22065080219383035;0.17523837485356425;0.2853783909511972;0.4948411461085222;0.08877785072032982;0.5
please,plead;2.98;0.27156322045766745;0.2546451984562311;0.19356360811596643;0.14120863866119407;0.11871409176405338;0.27749067450915876;0.2667410797921899;0.29014558175956434;0.24433632327807675;0.0057835338970396895;0.5
argue,prove;4.83;0.17034806395590024;0.5992093796040812;0.6463969489444237;0.5282960039803923;0.32493569868153427;0.42496022112710186;0.33424371272147396;0.23432304446019744;0.26014686662096786;0.008561264398749864;0.5
ask,plead;6.47;0.40181532134826975;0.4566168806957394;0.3955771779968794;0.40351723476042206;0.3046930351049203;0.28523183506444555;0.3328601045780817;0.37060307479345006;0.50600068050769;0.06415566342661475;0.5
find,disappear;0.77;0.02594641431312781;0.4406900467754268;0.3234313471449006;0.24782832083952214;0.00846317664989413;0.09261217595579872;0.09467420944630518;0.09034179656249201;0.17042060645194007;0.007799000101020067;0.5
inspect,examine;8.75;0.7003944262358914;0.6056095227227021;0.5922221288116796;0.5661679569247288;0.4460200176154112;0.47562027723700123;0.6053990724758213;0.7698942578374907;0.5094199465283988;0.11341649203735861;0.5
verify,justify;4.08;0.23215521516507764;0.5111026111931765;0.34253345851253103;0.30099389396766346;0.3096800557095669;0.16674332545858078;0.20882615582322847;0.18306855524589732;0.3485857068424369;0.015734244384239426;0.5
assume,predict;4.85;0.2626859271706697;0.4527612119534608;0.5308813093609068;0.3866133807041339;0.14879671502508107;0.3225787300573265;0.25424000354349113;0.27149392290515456;0.19339901362735784;0.004465783084917082;0.5
learn,evaluate;4.17;0.23094004182679617;0.46805523994871817;0.4662416999820736;0.33646778076877665;0.23784625699516831;0.13472036823781824;0.07230771901080506;0.11941497741965428;0.16131887405344425;0.003108949884923516;0.5
argue,justify;5.0;0.28830048400891767;0.633956400184166;0.6907399188287875;0.4514865359856525;0.20666211105798574;0.38511894909766137;0.35024807630616134;0.3488269629709988;0.4067442194556545;0.031820025960830334;0.5
make,become;4.77;0.08684668719372018;0.4603588083457933;0.5960928287406115;0.40438100106192326;0.03212193239104216;0.32204146044307047;0.4014969075457137;0.4032825317035212;0.22422751459336554;0.011969257798329207;0.5
discover,originate;4.83;0.28396571547014;0.24037124243715174;0.36356888292138856;0.13742154282876837;0.10466220288352274;0.19236383788964057;0.2223994609039178;0.25336389744701987;0.19365624575620052;0.0044410058428017846;0.5
achieve,succeed;7.5;0.5770867175093088;0.3829872021623305;0.6172816107915021;0.46025863528623245;0.27887054132760225;0.5259699011217253;0.5119811399381294;0.4476229811139775;0.388674632227045;0.0401809648257444;0.5
give,put;3.65;0.0927910765593184;0.47111358837625766;0.7351401707200642;0.46623811137630133;0.199730430150059;0.38595137625793435;0.46174579933338517;0.3678114119942321;0.17174490832644435;0.016604259481046192;0.1533929977694741
understand,listen;4.68;0.3501613062091184;0.4828504910202094;0.5422160123029418;0.39678935794841774;0.41016789514310914;0.48628844713604746;0.46665874330472934;0.4962996085831837;0.31905105102728903;0.01951538559694353;0.5
expand,grow;8.27;0.744066352584803;0.516901235774839;0.5784877914111974;0.5926052915561268;0.40818455574677964;0.49714297920362766;0.6570480167356095;0.7107495167346136;0.4549341719374694;0.16663488346851116;0.5
borrow,sell;1.73;0.1298948267033481;0.49408257034912456;0.48506438619189257;0.4208316389390365;0.260412642693139;0.15637013168110014;0.0382284953731457;-0.10737415747839368;0.24818486482187058;0.012283064678385995;0.5
keep,protect;5.4;0.6878175001878711;0.3473971648262083;0.5920048888434205;0.43375132997104;0.21224780902309465;0.6093110356481012;0.5637733807526051;0.560957694066128;0.2631889116824646;0.008710858895122154;1.0
explain,prove;4.1;0.3087193622309651;0.5592626530612418;0.6411830723556021;0.33012517875578495;0.3904138573505994;0.4412914008015071;0.24920517168957673;0.2778141106816991;0.2599036047044823;0.008263084569479861;0.5
assume,pretend;3.72;0.5343305867745588;0.5464303734437552;0.6272771285930524;0.4567226595259419;0.3475192407292079;0.3408649113683284;0.29810715519489156;0.3117466414081388;0.35341378945187146;0.011334710598316164;0.5
agree,please;4.13;0.2519933300388363;0.379342930466394;0.4635468574836861;0.22300768575930371;0.1968101052612007;0.12098867506765798;0.04037275050862831;0.0606670723474413;0.2406676050767461;0.003941314894440045;0.5
forgive,forget;3.92;0.4567677613131212;0.6475309257568148;0.61249876745172;0.45380492318198995;-0.26273290545686356;0.3574068322623787;0.2843465601806245;0.2360256190659177;0.33000455413176827;0.011457067562662264;0.5
clarify,explain;8.33;0.7728783212197664;0.7303082597851084;0.7438380573845721;0.6327857860006347;0.5020781158016265;0.7583808139721292;0.6779259546628109;0.835470531255655;0.47579455118055125;0.10889063378509276;0.5
understand,forgive;4.87;0.1927457387375786;0.5531751264835242;0.5237946561911634;0.2959687131559506;0.3081432150120682;0.25576512057365297;0.15465222399631806;0.16037355444392645;0.1923101378904263;0.0032408077460780054;0.5
remind,forget;0.87;0.1369032855885907;0.6465161383818127;0.7262765137091274;0.5562858104734847;-0.010393908069561173;0.5199930599929986;0.457115006798941;-0.009287438020954199;0.4794885600735644;0.055398104432183154;0.5
get,remain;1.6;0.12827328081062864;0.3313832207229356;0.41138121258750027;0.24288737870189023;0.11392950027408233;0.25342503244775944;0.20760626232414803;0.2082620592331681;0.18646541535748334;0.013514895389973178;0.5
realize,discover;7.47;0.5200341088546055;0.6444635453559829;0.5922094458207259;0.49053546182560687;0.4000879731539187;0.32855044927518334;0.2941028373391369;0.29635756147094355;0.16578949118641692;0.008346747117255355;0.5
require,inquire;1.82;0.25479403541479445;0.2529871292703593;0.34361547090420563;0.03767392619700583;0.11296151635262477;0.22947010544993915;0.15450206465697558;0.2309117350070514;0.2623245556578391;0.005918946570829224;0.5
ignore,ask;1.07;-0.04144545671295488;0.5831879513889147;0.5759981172096685;0.3089954395988421;0.014202596681531201;0.09562369576091191;0.1057077972282974;0.03669490154724128;0.28714276051657867;0.011241693390741716;0.5
think,inquire;4.77;0.17854524100154998;0.3095125742271739;0.18835368666815547;0.11980808928949425;0.27794602238724797;0.16972452067211072;0.18298920285645592;0.1580730861162203;0.2666200153331157;0.006655619741019612;0.5
reject,avoid;4.78;0.23344564189133551;0.3345290391808166;0.4209570099766585;0.22534415242892333;0.2434292151976054;0.2560580439703307;0.24118928478412632;0.27094394510909164;0.2398174871217343;0.00737799148688763;0.5
argue,persuade;6.23;0.16987030349150195;0.47190926520930443;0.5397243512370598;0.3355444832286993;0.26840979104204704;0.4004398213998316;0.3016994050904008;0.35789037377091026;0.34835255276136295;0.015210533101363291;0.5
pursue,persuade;3.17;0.14891892492564254;0.45429855118228657;0.5165600583827996;0.20070943811153164;0.04096657721042487;0.19669164295123395;0.12127522738206496;0.13781211852894992;0.22652960794185006;0.01218544225112828;0.5
accept,forgive;3.73;0.3214863446631818;0.471306828310005;0.4734206124172704;0.41789659930234213;0.33413593569852135;0.34624007714108335;0.3603655268106;0.36695815241302726;0.2950896675360183;0.00603175026417088;0.5
do,quit;1.17;0.06054400030329801;0.2441351104054277;0.41663778147228375;0.28854558335013264;0.19751726440320477;0.15385936192392047;0.1226761737956051;0.08291553457658178;0.1601165543132493;0.00395146198595712;0.5
investigate,examine;8.1;0.7918199764334571;0.7083555061448391;0.7629643336109971;0.6976636464186493;0.5243123822132326;0.6538974055616557;0.7309015654024663;0.9087883505560131;0.5111524565426169;0.15093341447786854;0.5
discuss,explain;6.67;0.44225707505138123;0.6690126890010876;0.6452908361327934;0.4329390448096731;0.4059255523132351;0.3514269291059126;0.23744299607428732;0.38696231023737737;0.2501121929494686;0.007538877698174828;0.5
owe,lend;2.32;0.15238708019139743;0.41926442716989804;0.5531160348064619;0.2829301966591774;-0.042175758262726515;0.4886368555548157;0.4391387692001425;0.273664372491296;0.3282188885389133;0.01307082305202758;0.5
explore,discover;8.48;0.472939820090545;0.6064417884435327;0.7666056258724672;0.5438452335044097;0.5479031901673006;0.5365545642912266;0.5330511498319082;0.4648022601690317;0.3168296981465131;0.03385845294432797;0.5
complain,argue;4.8;0.26162183326361316;0.5603019390901292;0.6188188208397607;0.5308859058874819;0.299049941518449;0.4963709052822069;0.44724110324482746;0.47057900823733095;0.2591493332112658;0.0036226544827507087;0.5
withdraw,reject;6.38;0.3392918742314415;0.4267485520960924;0.4967566963618892;0.48090138485071493;0.27516222828918796;0.250729409633546;0.29029064002973254;0.3186490810295373;0.23182975136325118;0.012058041468535377;0.5
keep,borrow;2.25;0.034608632398327906;0.2288080034627633;0.37346100798965065;0.21306187535632673;0.03611129681315999;0.1319433285431112;0.1404371406235011;0.09292966546033746;0.05256293950840402;0.003575526902544323;0.5
beg,ask;6.0;0.5300429089599031;0.3480683236389261;0.5672463970396079;0.543697925722918;0.30602892907298723;0.4650862403345303;0.3989505522669562;0.3665072743951129;0.5712469423147452;0.1319048721680488;0.5
arrange,organize;8.27;0.6428113566067676;0.579162733373348;0.5690077247511492;0.5967074428148619;0.3528441174292509;0.9115315242327008;0.7825383550333302;0.9726767328319972;0.36196029396104584;0.03935344348817107;0.5
reduce,shrink;8.02;0.6186312352684531;0.4555845781878158;0.3821471802193209;0.5131847489870193;0.09626389986335417;0.34469753486960664;0.503770011190774;0.7766045563460576;0.4350153885879563;0.033027659440959645;1.0
speak,acknowledge;4.67;0.3334396109429892;0.4530256374516202;0.5245838241320437;0.38526950447400043;0.13044038877759176;0.2111845940696156;0.1888911535897048;0.18453288775893045;0.1520078595567102;0.009334500011956811;0.5
give,borrow;2.22;-0.06941701317258417;0.4094868105402686;0.4515798422961577;0.21991525806710527;0.1779341646596393;0.3452098952935191;0.4696634962756458;0.2719516126413848;0.21112864526988767;0.01020449400918971;0.5
kill,defend;2.63;-0.012599463313045777;0.39572819564585815;0.510336811045001;0.2956669755940139;0.057032688043055293;0.1441466201906323;0.08903532132412441;0.025943258357754382;0.22604482559604744;0.006827485392409484;0.5
disappear,shrink;5.8;0.30272616875567315;0.5369375869725566;0.4447853316539005;0.5115950926509684;-0.03954821391131629;0.1972824925654399;0.12892503082831966;0.25219453430140887;0.19923990732288038;0.006002251297502761;0.5
deliver,carry;3.88;0.20512170959955586;0.5585375027358043;0.47757836157540506;0.3697111234884058;0.18579065551662133;0.3877762450964234;0.3742118520906584;0.4003982723402443;0.20294844075751492;0.0188102562774363;0.5
breathe,choke;1.37;0.10260645346732535;0.33883442551670845;0.39878945670761323;0.3235376572476581;0.07293077221520837;0.3348923763342883;0.2944963041813672;0.29615638260086485;0.3172864643834157;0.2045368442842435;0.5
acknowledge,notify;5.3;0.3243285796572388;0.2692634512043448;0.4519404962357239;0.36949083831226137;0.12476397994675646;0.16953759756878825;0.1892258101792088;0.24797343245335607;0.2940039814642988;0.009972793918251234;0.5
become,seem;2.63;0.23792978208743693;0.2793424940706923;0.6161385835433317;0.3362845182611792;0.046964541054221924;0.3956265732630538;0.33762065328241103;0.35010524340568144;0.22551991255134157;0.004369578045743567;0.5
pretend,seem;4.68;0.23949144407374562;0.5612705646638269;0.577544462260745;0.4335329378337753;0.03332234433487664;0.20459455756117242;0.16588299354427397;0.23288769063279102;0.2614482110095703;0.011071508771025087;0.5
accomplish,become;4.0;0.12282013729540267;0.3355551842420832;0.4672832600712058;0.26040819434618984;0.17028137295488435;0.1788865994228125;0.21025938407699507;0.21259373988481783;0.11815352185119224;0.003035629351025579;0.5
contemplate,think;8.82;0.6674670818009406;0.46170765330280705;0.36915688835576876;0.34495977812850626;0.284203307443559;0.5582067531860588;0.6130118345104594;0.6502133988937654;0.4552751161301446;0.040125450470744055;1.0
determine,predict;5.8;0.16542137610190938;0.627048833354288;0.6139149793004429;0.49832933611868346;0.3931194620104074;0.19145868834144078;0.15904327142994473;0.24422218560049233;0.247691589379165;0.004425657771354334;0.5
please,entertain;5.0;0.23761729226564263;0.19432505842755438;0.2810709780244774;0.12855173455867072;0.33855351963533903;0.1289220411283792;0.1329172914214424;0.08242709347508334;0.289415151720953;0.013986463534312748;0.5
remain,retain;5.75;0.7763028076424008;0.6047094903912247;0.5641292851735603;0.4075029461767954;0.11315017200115547;0.6951519001042471;0.6068421212621901;0.6690889012826952;0.20139245246097295;0.01155977725548748;0.5
pretend,portray;7.03;0.30296463456128375;0.46955284450474555;0.5221588744712327;0.4028665831639511;0.0549905972989582;0.2604462199193851;0.2913232881708023;0.2838988762580351;0.36996491951094945;0.021764352096643496;0.5
forget,retain;0.63;0.13420600294942658;0.23820516911430645;0.3269007765951361;0.15699298549418428;0.006511872883200029;0.16349913066371133;0.20128639124563236;0.11116949796361392;0.45854045749655326;0.033505610478520055;0.5
want,choose;4.78;0.17976321337663656;0.6015885662009656;0.7233901908573218;0.49791481189237613;0.13560408492800205;0.2542147090843489;0.14203444060946735;0.20928610385841595;0.17618911982050253;0.003229218512977004;0.5
lose,get;0.77;-0.07488977648041438;0.5219505103918863;0.6290564332515631;0.4414209019899954;0.19799007530179247;0.22611024248072614;0.20384226827985683;-0.0299038571146379;0.3856449279259314;0.02290374489921201;0.5
try,think;2.62;0.20962223723293474;0.4267763274513993;0.635353271473452;0.42664873909891365;0.1783609564960293;0.30990880549715416;0.2896818796992717;0.22738748646912704;0.24884778601675023;0.010315855283705;0.5
become,appear;4.77;0.19644286845676312;0.3589223791155971;0.5778528109476211;0.288682116383942;0.1422986852089131;0.40195882351780715;0.313474399224802;0.30496173018634565;0.27879858102057364;0.005668502579090274;0.5
leave,ignore;4.42;0.11136130062417636;0.5066669274018999;0.5488618069814742;0.3785164214321639;0.21892503912818212;0.19110186761856118;0.16145574514903657;0.16774284088692537;0.2729096130817641;0.014866750231096204;0.5
accept,recommend;2.75;0.21080099020576953;0.38724331826256697;0.34667336211888483;0.3051032121275446;0.1915812215729416;0.21090641024036888;0.20728802056092313;0.23126925353271943;0.259294795164853;0.0078282041053549;0.5
leave,wander;3.57;0.01803174459868892;0.49293028521160714;0.4878281724382743;0.40245291571808955;0.14416929434208356;0.30213169826814495;0.23292742538232492;0.2119903369804366;0.2553177073916968;0.006436328606371772;0.5
keep,give;1.05;0.019708286442789894;0.35418318696951934;0.6955919878641506;0.3781269302964202;0.14268543169012238;0.1528676820370877;0.1861207013428994;-0.013113176451151681;0.13806970894732526;0.008037263038984346;0.40368671387966554
give,allow;5.15;0.39753566044782457;0.5482300697910156;0.6415547440397201;0.49367664868686906;0.2531813726511787;0.6380099265105096;0.6648303600008647;0.6468898000918818;0.3425191874330698;0.03109248761482423;0.5
bring,send;2.97;0.25030636610135065;0.571703519041405;0.5193342185328345;0.48253249553943545;-0.030683994344766496;0.2743869487447771;0.34517358882857874;0.2723288337319632;0.18881183257629214;0.012487167902375241;0.5
absorb,learn;5.48;0.30739343368054545;0.36448984536357787;0.33001474066052927;0.3005872472567493;0.32620903546018876;0.2517830979693108;0.18514348745451503;0.219102277525718;0.32847728329097325;0.060927653077803186;0.5
acquire,find;6.38;0.4190963097719102;0.31074668972556435;0.4202245823933088;0.2685349392485257;0.2574459515915835;0.3359232332138271;0.41326341649149184;0.3676269919323379;0.4037783944669299;0.1353868087297496;0.5
leave,appear;0.97;-0.013537988396331257;0.3145679419613646;0.47644891510906545;0.2687315543665983;-6.863315068035239E-4;0.14731445383588587;0.08711592385003329;-0.009821098004805942;0.14803793406771315;0.008015770462006947;0.5
create,destroy;0.63;0.025430307798299648;0.4125246013166311;0.42018065839601937;0.3772241805099634;0.28618694743094797;0.18179277704849622;0.1369734347458787;0.145007547771603;0.10141779091759018;0.005686004889057117;0.5
begin,go;7.42;0.14167234968704712;0.41323503120043764;0.5870772212167027;0.348311246736477;0.08876640921939845;0.24439402753837025;0.2474071537795228;0.2070992208318648;0.2043835158275999;0.004157195254784569;0.5
get,buy;5.08;0.30669769230624516;0.5097408979829391;0.5657448787544701;0.33785408760844965;0.160227672625759;0.4743491043248086;0.5460323843152384;0.5043404722521033;0.3234222344558695;0.03152088279001126;0.0
collect,save;6.67;0.23527340735740776;0.38883702176756846;0.39756104237298234;0.31494397467059587;0.2858560823816194;0.1432384199159349;0.1204583735973748;0.11107185523352472;0.2346177039806885;0.011694996572804504;0.13051680112713573
replace,restore;5.73;0.17607061949756875;0.44828639565482103;0.5216518211413684;0.3724876274681781;0.33354728320270927;0.1900996200340111;0.14683754171596183;0.11549759770889727;0.28187841268753916;0.01527233754166323;0.5
join,add;8.1;0.4835565753141115;0.23801067026664033;0.3222685720040447;0.3302069012427992;0.14545512648169553;0.2439708526196813;0.28405689505327947;0.33450647142068335;0.2712560404240918;0.007569671486100444;1.0
join,marry;5.35;0.1277951237620552;0.4001962331237176;0.3223134809072352;0.32295830384240193;0.030951741574871038;0.1270062316526882;0.0866888458561197;0.12691324810511617;0.2811215266569009;0.012286503983846694;0.5
accept,deliver;1.58;0.19337336155651222;0.312809109122925;0.3574507629022131;0.3003440458082654;0.2448282262698675;0.17600765541361302;0.25673179284957653;0.2681211208253697;0.16883845671234232;0.012593923035964603;0.5
attach,join;7.75;0.269214816483106;0.22676574509278055;0.20162567393057776;0.13634838088830575;0.07935228483315318;0.48097030862237466;0.5141663230033169;0.4386454428406771;0.32272761499497754;0.011222376605723807;0.5
put,hang;3.0;0.08120602669952631;0.37900877237534164;0.5431015764473665;0.4910971648651385;0.10007522899564443;0.12386070334233759;0.03268833184102571;0.023098255438540462;0.25804252895478275;0.018509977189848734;0.5
go,sell;0.97;0.0407679649705766;0.30013877719039406;0.4726907941829852;0.2750225583995049;0.10186857035267338;0.14903323368932292;0.10786231095754166;0.06368721307876364;0.19165569140402924;0.007383452519608872;0.5
communicate,pray;3.55;0.22405093540418042;0.30129344345451164;0.3441133860840526;0.2333683244121717;0.12038949945736406;0.16507962276913696;0.155374267494362;0.17325559751774147;0.35684940706695345;0.015605207517767691;0.5
give,steal;0.5;0.09339731366031084;0.40318161997259244;0.4788564856947528;0.320304763839934;0.12880334059088344;0.16590175097899867;0.10263649821198538;-0.055102372446179396;0.16855653545226626;0.008228598231554758;0.0
add,build;4.92;0.3685611836475302;0.32339269925157893;0.3891299860338741;0.43186079073072675;0.2028936247611387;0.18703795456352595;0.20087712236257063;0.2352241616740095;0.12504406307841467;0.0030540775492573875;0.5
bring,restore;2.62;0.10728570511781454;0.5028861785168532;0.40699548812719344;0.3950392619648434;0.21871839248742966;0.0671597326041525;0.02273511542097079;0.012290920516414654;0.2902099856223544;0.017657360752158596;0.5
comprehend,satisfy;2.55;0.11553712541921798;0.4341633160423122;0.4232512310326407;0.3025495910667709;0.0461497940868408;0.2933090728669495;0.2171067946766763;0.2669919105742442;0.21219973321773422;0.004183368436305894;0.5
portray,decide;1.18;0.07347602748340912;0.2589826036049887;0.34108326470390826;0.1295626779975008;0.18062183676145427;0.16633641991653728;0.15320233049541337;0.20667440672427273;0.14091339056581087;0.0036249032196326077;0.5
organize,become;1.77;0.17057121701680358;0.31601300667694776;0.3284945028836057;0.17344735928737148;0.0891180023892286;0.06999136257321147;0.06871818789277895;0.08080590198858936;0.07119055788468028;0.004443250843734569;0.5
give,know;0.88;0.05940270717464281;0.44565942585050744;0.703693905133578;0.30868444512418247;0.04373191661129086;0.10374967679328688;0.06851085894598483;0.06703275450414667;0.15904298782424767;0.01056990645898564;0.5
say,verify;4.9;0.4349547366480308;0.5287592179955324;0.2882831368207062;0.2863424608818022;0.06239939191062014;0.14509409921218475;0.15962690387805004;0.16772706042961366;0.18397264152134815;0.009512900935530156;0.5
cooperate,join;5.18;0.2824149799262477;0.5116022672093532;0.37261536062137635;0.3937349065055865;0.3575882193026058;0.26722865207655877;0.18339424656178713;0.2938022605614744;0.23470860227048354;0.0034898927781761434;0.5
arrange,require;0.98;0.11868041713679904;0.28970756970222816;0.4275122613606469;0.20031327652979244;0.25231917707007173;0.1879396823391349;0.21494106948395325;0.2101932960527692;0.1572483615414123;0.005760712422207601;0.5
borrow,want;1.77;0.10735920724794588;0.3898880070804829;0.450064746327995;0.16126491968774034;0.11455938819360083;0.23682490892371877;0.1687962777501414;0.22631823606569565;0.07616947787481995;0.0022465133155823015;0.5
investigate,pursue;7.15;0.38351796615666656;0.39407834109908785;0.5212277301973492;0.40061702592400067;0.38957378236651263;0.24762544660684335;0.2270277802179786;0.21167416502680167;0.2448016794069205;0.009078010733800216;0.5
ignore,explore;0.4;-0.11014350426226824;0.31061959585393983;0.33318088213093455;0.21225457692016814;0.10187430667131879;0.09682741349886104;0.11789726422595656;0.005299581618264181;0.1806342087442126;0.00619299615902272;0.5
bring,complain;0.98;-0.019811126922741933;0.4026586832965085;0.3643931054363859;0.15107226020740572;0.16792482012824808;0.08404309619502869;0.007118909157705351;0.03617657484538429;0.20823788734612966;0.004326423218092752;0.5
enter,owe;0.68;-0.007823311388809007;0.14736465132663298;0.20068261492643433;4.081842014199395E-4;0.0444187309481396;0.06578693659073848;0.091330346899888;0.02909860901628628;0.19076191317243027;0.008428597810964156;0.5
portray,notify;0.78;0.15982415792424126;0.18595837889483982;0.057782673702903284;0.14553344532368911;0.021147882272924814;0.08724951934033298;0.0700693495557009;0.12724457876700287;0.2528041359772893;0.01043793870419368;0.5
remind,sell;0.4;0.009295250154266094;0.23536291069987755;0.25970508173792206;0.14801064637616895;0.008885162023945388;0.04551624443798296;-0.014075434066468667;-0.007987454503781065;0.14563114915284384;0.017442215598427242;0.5
absorb,possess;5.0;0.2079244954136808;0.49659469441556886;0.41259238797072095;0.23864419437228235;0.24143395733057146;0.18867399480445277;0.11511679086513474;0.13018656333948955;0.11238639125101982;0.005798301093618502;0.5
join,acquire;2.85;0.08510609286282904;0.33841326843705516;0.28365805351083073;0.2623196136148632;0.16275291070066683;0.14335943905586962;0.1966771846117432;0.2157365692367945;0.11680140741981272;0.004191199841653547;0.5
send,attend;1.67;0.1434828845913211;0.4037283479659279;0.3671897565271394;0.3135007643318472;0.11333701544114808;0.11492070732015068;0.1139142163094562;0.07324491532133594;0.07664047899944809;0.004009977072765277;0.5
gather,attend;4.8;0.2110956020522551;0.4140512853411984;0.5227775908214874;0.3329026673750985;0.19240334919674257;0.26013059241985653;0.20996618239777667;0.2307589745444885;0.1437506848535668;0.003613518364031162;0.5
absorb,withdraw;2.97;0.10894883701257026;0.2641948342945884;0.30948762858462125;0.21690406290785838;0.14856993105434096;0.1352536772898697;0.1218723339371386;0.10987426188779986;0.17612310396500255;0.007060930181793112;0.5
attend,arrive;6.08;0.08554181169753326;0.3944311550012277;0.5034411013669108;0.3653857142422955;0.17168178692416047;0.312355150746599;0.20874166544388864;0.2034953471735398;0.18358234177246824;0.0023245711603228037;0.5
