sun;sunlight;50
automobile;car;50
river;water;49
stair;staircase;49
morning;sunrise;49
rain;storm;49
cat;kitten;49
dance;dancer;49
camera;photography;49
cat;feline;48
sunny;sunshine;48
pregnancy;pregnant;48
beach;sand;48
bakery;bread;48
flower;garden;48
grass;lawn;48
copper;metal;48
photo;photography;47
cemetery;graveyard;47
gravestone;graveyard;47
sun;sunshine;47
black;dark;47
cathedral;church;47
frozen;ice;47
station;subway;47
child;kid;46
aquarium;fish;46
light;lighting;46
fungi;mushroom;46
frost;snow;46
burn;flame;46
ocean;sea;46
candy;chocolate;46
car;vehicle;46
concert;music;46
photo;picture;46
grape;wine;46
bath;bathroom;46
bud;flower;46
cat;kitty;46
ocean;water;46
aircraft;airplane;46
butterfly;caterpillar;46
hair;wig;46
blossom;bud;46
highway;road;46
bunny;rabbit;46
bread;sandwich;46
mist;misty;46
flower;petal;46
airplane;flight;46
fish;fishing;46
ice;snow;46
bright;sun;45
shade;tree;45
bicycle;bike;45
truck;vehicle;45
shore;water;45
boat;fishing;45
dog;puppy;45
bride;wedding;45
bird;hummingbird;45
sea;water;45
cow;milk;45
bird;feather;45
skate;skating;45
chapel;church;45
branch;twig;45
concert;musician;45
clothe;dress;45
automobile;vehicle;45
splash;swimming;45
bed;furniture;45
aircraft;flight;45
reptile;snake;45
motorcycle;scooter;45
coffee;tea;45
feather;goose;45
pool;swimming;45
eye;face;45
dirt;dirty;45
railway;train;45
harbour;port;45
fruit;strawberry;45
flight;plane;45
smoke;smoking;45
ivy;plant;45
river;stream;45
lake;water;45
kitten;kitty;45
snow;snowman;45
dog;terrier;45
daffodil;flower;45
pond;water;45
show;television;44
handwriting;written;44
flood;water;44
jazz;musician;44
eagle;feather;44
grape;vine;44
bird;hawk;44
clothe;outfit;44
exhibition;museum;44
hand;palm;44
grave;graveyard;44
berry;strawberry;44
forest;oak;44
crochet;knitting;44
bird;eagle;44
canine;puppy;44
bar;cocktail;44
bar;pub;44
sunlight;sunshine;44
apple;fruit;44
sun;sunrise;44
gymnastic;sport;44
sailing;ship;44
beach;sea;44
game;hockey;44
bed;pillow;44
daffodil;tulip;44
flower;plant;44
fire;smoke;44
canine;dog;44
bracelet;jewelry;44
feline;kitty;44
architecture;building;44
shop;shopping;44
highway;traffic;44
lizard;reptile;44
music;piano;44
strawberry;sweet;44
snow;winter;44
autumn;spring;44
bacon;meat;44
raspberry;strawberry;44
chipmunk;squirrel;44
coast;harbor;44
dress;skirt;44
sun;sunny;44
lily;tulip;44
grave;gravestone;44
bright;sunny;44
dandelion;plant;44
light;sunlight;44
hill;mountain;43
burger;food;43
sea;shore;43
feather;peacock;43
child;mother;43
night;sunset;43
orange;peel;43
subway;train;43
camera;lens;43
daisy;petal;43
aircraft;wing;43
bloom;flower;43
clothe;jacket;43
dinner;restaurant;43
swim;swimming;43
cemetery;gravestone;43
cigarette;smoke;43
shirt;skirt;43
baby;pregnant;43
cherry;fruit;43
beef;meat;43
blossom;daffodil;43
bloom;blossom;43
maple;oak;43
frost;winter;43
colour;pink;43
dog;poodle;43
lantern;light;43
coast;sea;43
tunnel;underground;43
dog;pet;43
hair;haircut;43
day;sunset;43
bikini;swimsuit;43
rail;railway;43
art;museum;43
painting;portrait;43
dress;wedding;43
poodle;puppy;43
port;ship;43
bloom;tulip;43
cold;winter;43
bakery;cake;43
building;roof;43
iron;steel;43
bird;stork;43
lily;plant;43
eat;food;43
bathroom;kitchen;43
jazz;music;43
fabric;wool;43
aquarium;tank;43
fire;flame;43
bloom;rose;43
leaf;nature;43
town;village;43
apple;orange;43
dawn;sunrise;43
engine;gasoline;43
oak;tree;43
guitar;piano;43
chocolate;dessert;43
cat;paw;43
bird;goose;43
blue;sky;43
pool;swim;43
bracelet;necklace;42
fruit;salad;42
egg;nest;42
boat;sailing;42
bird;crow;42
bird;flamingo;42
day;sunshine;42
hockey;sport;42
burger;eat;42
fruit;raspberry;42
lunch;sandwich;42
foot;toe;42
baby;mother;42
amphibian;frog;42
burn;fire;42
hockey;ice;42
cold;frozen;42
oak;wood;42
photographer;photography;42
man;woman;42
hair;redhead;42
harbor;port;42
pug;puppy;42
sunrise;sunset;42
leather;shoe;42
beach;shore;42
color;red;42
paint;painting;42
storm;wind;42
color;violet;42
rain;wet;42
diner;eat;42
bed;bedroom;42
guitar;musician;42
petal;rose;42
rail;subway;42
holiday;vacation;42
bed;sleep;42
cigarette;smoking;42
airplane;plane;42
daffodil;plant;42
diner;kitchen;42
coin;silver;42
cake;chocolate;42
evening;night;42
race;racing;42
flight;flying;42
face;lip;42
berry;raspberry;42
lamp;light;42
bird;nest;42
mother;pregnant;42
animal;pet;42
butterfly;insect;42
sky;sunrise;42
canine;husky;42
food;meat;42
cloud;sky;42
crow;feather;42
blossom;flower;42
splash;swim;42
band;musician;42
cactus;plant;42
eagle;hawk;42
harbour;sea;42
flower;foliage;42
red;violet;42
music;sing;42
breakfast;morning;42
cafe;restaurant;42
beach;coast;42
puddle;splash;42
bird;pelican;42
clothe;sock;42
amphibian;lizard;41
daughter;son;41
car;motor;41
amphibian;reptile;41
day;morning;41
aircraft;flying;41
airplane;airport;41
metro;train;41
band;music;41
shadow;sunlight;41
night;sleep;41
salad;soup;41
porch;roof;41
eye;tear;41
colour;rainbow;41
berry;fruit;41
red;yellow;41
sock;stocking;41
flamingo;hummingbird;41
tree;twig;41
kiss;lip;41
burger;sandwich;41
pregnant;woman;41
rain;weather;41
dinner;eat;41
feather;hawk;41
animal;zoo;41
duck;mallard;41
mountain;valley;41
beach;harbour;41
musician;rock;41
band;guitar;41
car;garage;41
foot;leg;41
sky;sunlight;41
mist;rain;41
mother;son;41
airplane;wing;41
colour;red;41
music;musician;41
bay;beach;41
blonde;redhead;41
petal;plant;41
kitchen;room;41
lingerie;sexy;41
automobile;parking;41
bar;restaurant;41
bedroom;room;41
bus;taxi;41
fun;happy;41
station;train;41
pelican;stork;41
black;grey;41
orange;yellow;41
foliage;petal;41
park;parking;41
lip;tongue;41
fog;misty;41
canine;poodle;41
bath;washing;41
foliage;tree;41
panorama;view;41
bloom;daisy;41
escalator;stair;41
petal;tulip;41
fishing;sea;41
beef;cattle;41
noodle;rice;41
bird;parrot;41
fruit;orange;41
mural;painting;41
airport;flight;41
shopping;store;41
summer;sunny;41
road;sidewalk;41
airplane;flying;41
guitar;music;40
cat;whisker;40
family;friend;40
bloom;petal;40
musician;piano;40
dirty;washing;40
elephant;giraffe;40
puppy;terrier;40
breakfast;kitchen;40
subway;underground;40
sand;shore;40
butterfly;dragonfly;40
cheetah;lion;40
color;yellow;40
door;lock;40
bright;sunlight;40
van;vehicle;40
orange;red;40
beetle;insect;40
kid;mom;40
daughter;mother;40
child;school;40
giraffe;zebra;40
harbor;harbour;40
lamb;sheep;40
heart;love;40
lily;rose;40
asphalt;road;40
morning;sunny;40
coast;shore;40
sunny;sunset;40
nest;twig;40
happy;smile;40
figure;skating;40
rail;train;40
door;wall;40
dawn;sun;40
feather;stork;40
morning;sunshine;40
building;construction;40
cafe;coffee;40
bloom;bud;40
jacket;leather;40
map;travel;40
plant;seed;40
city;metro;40
pebble;sand;40
cafe;lunch;40
coast;harbour;40
dog;pug;40
sky;sun;40
mallard;swan;40
cloud;rain;40
sky;sunshine;40
frost;weather;40
cherry;raspberry;40
downtown;street;40
bloom;dandelion;40
dragonfly;insect;40
bottle;wine;40
feel;happy;40
railway;station;40
beach;swimming;40
cafe;diner;40
cafe;pub;40
building;tall;40
burger;meat;40
gold;silver;40
summer;weather;40
military;soldier;40
cemetery;grave;40
pizza;restaurant;39
bright;colour;39
canine;paw;39
swim;underwater;39
sea;swim;39
pub;restaurant;39
day;time;39
canine;terrier;39
bottle;glass;39
bed;relax;39
se;sunflower;39
bird;owl;39
art;sculpture;39
light;shade;39
apartment;staircase;39
outfit;sock;39
carrot;potato;39
lizard;snake;39
city;sidewalk;39
guitar;rock;39
brick;building;39
eat;soup;39
dew;misty;39
blue;colour;39
dawn;morning;39
cooking;restaurant;39
bay;sea;39
cafe;shop;39
floor;roof;39
clothe;hat;39
marble;stone;39
duck;goose;39
collection;museum;39
happy;love;39
bakery;shop;39
mist;wet;39
blossom;petal;39
bright;light;39
rice;sushi;39
cooking;meat;39
day;night;39
kiss;love;39
stream;waterfall;39
interior;room;39
surf;surfer;39
poodle;terrier;39
cold;frost;39
city;town;39
ocean;underwater;39
harbor;sailing;39
scenery;sunset;39
green;violet;39
harbor;ship;39
summer;sunshine;39
blue;grey;39
art;graphic;39
lake;shore;39
rust;rusty;39
architecture;design;39
goose;swan;39
architecture;construction;39
hawk;nest;39
carrot;salad;39
fruit;tomato;39
purple;violet;39
misty;rain;39
clothe;jean;39
bloom;daffodil;39
brick;construction;39
diner;restaurant;39
ceiling;roof;39
paint;portrait;39
ripple;wave;39
beard;face;39
apple;raspberry;39
fashion;outfit;39
downtown;skyscraper;39
bud;daffodil;39
harbor;shore;39
blonde;hair;39
kitten;paw;39
bay;shore;39
shop;store;39
gravestone;memorial;38
canine;pug;38
crow;hawk;38
dress;outfit;38
city;urban;38
bedroom;door;38
bus;tram;38
spring;summer;38
scenery;waterfall;38
road;traffic;38
hill;valley;38
ceiling;floor;38
splash;water;38
grass;weed;38
sunny;weather;38
parrot;wing;38
daisy;violet;38
copper;silver;38
baseball;hockey;38
pet;poodle;38
blossom;foliage;38
pink;purple;38
grey;shade;38
panorama;scenery;38
downtown;metro;38
beard;hair;38
dandelion;petal;38
blue;violet;38
daisy;flower;38
noodle;soup;38
pet;puppy;38
bud;petal;38
ancient;ruin;38
eye;iris;38
puddle;water;38
harbor;sea;38
painting;sculpture;38
sand;sea;38
feline;kitten;38
bird;swan;38
baseball;game;38
colour;purple;38
pool;splash;38
cattle;sheep;38
landscape;scenery;38
coin;gold;38
boat;shore;38
skyscraper;tall;38
apple;cherry;38
beef;chicken;38
hot;sunny;38
dessert;fruit;38
photographer;portrait;38
chicken;meat;38
ceiling;interior;38
bathroom;bedroom;38
hummingbird;stork;38
motor;vehicle;38
colour;grey;38
blue;orange;38
dawn;dusk;38
building;downtown;38
face;tear;38
boat;harbour;38
cattle;farm;38
dripping;wet;38
brown;green;38
bedroom;ceiling;38
bread;eat;38
dinner;evening;38
face;smile;38
bride;dress;38
stone;wall;38
mural;paint;38
foliage;plant;38
day;dusk;38
roof;wall;38
cooking;food;38
photography;portrait;38
bud;foliage;38
lily;pond;37
harbour;shore;37
palm;tree;37
bus;subway;37
holiday;travel;37
skyline;view;37
bedroom;cottage;37
dinner;lunch;37
grave;memorial;37
dessert;sweet;37
bird;insect;37
concert;rock;37
mushroom;tomato;37
metro;railway;37
giraffe;zoo;37
railway;subway;37
misty;weather;37
parrot;pelican;37
bedroom;sleep;37
autumn;summer;37
automobile;truck;37
amphibian;mammal;37
cemetery;memorial;37
orange;purple;37
blue;color;37
daffodil;rose;37
berry;seed;37
hummingbird;mallard;37
dandelion;grass;37
brick;concrete;37
costume;dress;37
cloud;mist;37
sea;tropical;37
brown;grey;37
bathroom;room;37
daisy;plant;37
paint;picture;37
eye;lip;37
autumn;winter;37
dripping;rain;37
horizon;sky;37
black;blue;37
metro;station;37
alley;street;37
child;family;37
mountain;scenery;37
concrete;construction;37
mill;windmill;37
summer;winter;37
plant;twig;37
breakfast;lunch;37
concrete;floor;37
rain;sky;37
food;frozen;37
moss;plant;37
flower;spring;37
bird;mallard;37
graphic;illustration;37
eat;fruit;37
ceiling;porch;37
river;valley;37
fog;mist;37
dude;guy;37
moon;sky;37
bar;sushi;37
beauty;scenery;37
feather;mallard;37
furniture;patio;37
light;shadow;37
bay;harbour;37
washing;water;37
flight;owl;37
paw;whisker;37
costume;wig;37
animal;giraffe;37
autumn;foliage;37
animal;cattle;37
building;skyscraper;37
ice;skating;37
meat;potato;37
bud;twig;37
knitting;stitch;37
hot;sunshine;37
bed;room;37
music;rock;37
cooking;rice;37
berry;cherry;37
piano;play;37
flower;lily;37
cherry;strawberry;37
clothe;skirt;37
art;painting;37
bird;gull;37
spiral;staircase;37
paw;pet;37
feather;nest;37
feather;owl;37
blossom;cherry;37
goat;sheep;37
green;pink;37
foliage;garden;37
dog;husky;37
feather;hummingbird;37
sunshine;weather;37
snow;weather;37
surfer;wave;37
breakfast;dinner;37
shoe;toe;37
band;play;37
coffee;mug;37
brick;wall;37
fishing;sailing;37
grey;white;37
orange;strawberry;37
color;purple;37
blossom;daisy;37
hawk;owl;37
exhibition;photography;37
morning;night;37
band;concert;37
dress;shirt;37
river;waterfall;37
ceramic;tile;36
cloud;droplet;36
exhibition;sculpture;36
oak;twig;36
movie;television;36
butterfly;hummingbird;36
daisy;grass;36
floor;marble;36
canyon;river;36
decoration;interior;36
flamingo;stork;36
born;mother;36
moon;sun;36
musician;sing;36
green;red;36
purple;white;36
canine;pet;36
morning;sleep;36
weather;winter;36
sky;sunny;36
jacket;sock;36
blue;red;36
green;grey;36
lily;petal;36
blue;purple;36
goose;mallard;36
hotel;restaurant;36
downtown;urban;36
jean;skirt;36
guy;people;36
birthday;happy;36
chicken;soup;36
flying;wing;36
door;room;36
skyline;skyscraper;36
cheetah;giraffe;36
feline;pet;36
car;parking;36
gull;mallard;36
spring;winter;36
daffodil;spring;36
building;skyline;36
salad;tomato;36
book;written;36
bucket;water;36
lady;sexy;36
ceiling;room;36
puddle;rain;36
costume;outfit;36
hill;scenery;36
bacon;chicken;36
dawn;night;36
cocktail;restaurant;36
daffodil;petal;36
canyon;valley;36
brick;house;36
band;rock;36
book;illustration;36
desk;sitting;36
bright;sky;36
autumn;sunny;36
colour;yellow;36
cold;weather;36
blue;green;36
glittering;sunlight;36
dripping;water;36
day;misty;36
food;noodle;36
goat;milk;36
pink;yellow;36
floor;interior;36
black;purple;36
door;window;36
city;skyline;36
born;live;35
art;work;35
pink;violet;35
bath;room;35
dew;rain;35
boy;girl;35
canyon;mountain;35
white;yellow;35
colour;shade;35
banana;cherry;35
mammal;rodent;35
explosion;fire;35
shore;swim;35
cloud;misty;35
sitting;stand;35
glittering;gold;35
black;white;35
light;neon;35
machine;washing;35
coffee;dinner;35
feather;flamingo;35
downtown;sidewalk;35
cooking;eat;35
feline;paw;35
crow;gull;35
festival;music;35
dirt;road;35
gull;pelican;35
carrot;tomato;35
blossom;tree;35
restaurant;shop;35
cherry;grape;35
automobile;racing;35
jazz;piano;35
hawk;pelican;35
baseball;play;35
bloom;plant;35
ceiling;wall;35
beef;potato;35
breakfast;restaurant;35
black;colour;35
bright;glittering;35
hummingbird;nest;35
feline;whisker;35
beach;holiday;35
sailing;shore;35
design;graphic;35
music;track;35
air;cold;35
dessert;eat;35
chocolate;strawberry;35
dinner;night;35
dusk;sunrise;35
boat;sunk;35
beef;cooking;35
jacket;jean;35
computer;lab;35
downtown;skyline;35
fun;game;35
ivy;tree;35
nest;wasp;35
garden;pumpkin;35
curl;haircut;35
eat;meat;35
outfit;skirt;35
bacon;beef;35
skyscraper;tower;35
splash;washing;35
daffodil;foliage;34
garden;patio;34
metro;subway;34
beach;scenery;34
photographer;wedding;34
floor;room;34
purple;yellow;34
guitar;sing;34
petal;yellow;34
bead;necklace;34
black;brown;34
dessert;strawberry;34
beef;lamb;34
bread;potato;34
fishing;harbour;34
pug;terrier;34
evening;time;34
office;table;34
cat;licking;34
building;interior;34
crochet;stitch;34
spring;sunshine;34
concert;jazz;34
cooking;soup;34
shade;sun;34
tall;tower;34
pepper;salad;34
strawberry;tomato;34
fruit;peel;34
scenery;skyline;34
green;yellow;34
brown;orange;34
colour;orange;34
harbour;ship;34
violet;yellow;34
sport;swimming;34
friend;happy;34
blue;pink;34
blossom;orange;34
rail;station;34
potato;salad;34
interior;wall;34
hawk;hummingbird;34
cliff;coast;34
feather;wing;34
brown;yellow;34
raspberry;sweet;34
concert;sing;34
art;craft;34
bloom;foliage;34
chicken;rice;34
cherry;orange;34
blossom;fruit;34
animal;wild;34
line;railway;34
roof;tile;34
concert;piano;34
potato;rice;34
cloud;sunshine;34
marble;statue;34
frozen;meat;34
band;punk;34
insect;reptile;34
building;staircase;34
bed;breakfast;34
bloom;lily;34
blonde;girl;34
jean;outfit;34
bread;cooking;34
flower;violet;34
peel;skin;34
dessert;diner;34
art;exhibition;34
jacket;shirt;34
brown;purple;34
floor;patio;34
downtown;highway;34
purple;red;34
dragonfly;frog;33
mammal;monkey;33
mist;morning;33
feather;gull;33
gull;stork;33
dusk;morning;33
guitar;play;33
bloom;violet;33
mallard;stork;33
band;piano;33
glittering;sky;33
orange;pink;33
potato;soup;33
grey;violet;33
construction;demolition;33
scenery;valley;33
morning;sky;33
beach;cliff;33
storm;tropical;33
black;pink;33
hat;jacket;33
dragonfly;hummingbird;33
pink;white;33
blue;yellow;33
cold;hot;33
flower;pink;33
bright;star;33
restaurant;sushi;33
guitar;keyboard;33
diner;sushi;33
furniture;room;33
desert;scenery;33
cafe;dinner;33
bakery;cafe;33
flamingo;pelican;33
salad;sandwich;33
bright;dark;33
building;floor;33
bacon;eat;33
apartment;floor;33
railway;underground;33
lip;smile;33
fungi;plant;33
breakfast;diner;33
feather;pelican;33
bath;hot;33
arch;roof;33
game;match;33
metro;rail;33
decoration;wood;33
building;demolition;33
art;collage;33
ship;sunk;33
grey;purple;33
garden;lawn;33
orange;violet;33
ivy;oak;33
dog;licking;33
dawn;sunny;33
fun;kid;33
lunch;restaurant;33
metro;underground;33
eat;strawberry;33
foliage;rose;33
evening;sleep;33
construction;interior;33
weather;wet;33
fruit;nut;33
car;park;33
ink;pencil;32
frost;wet;32
mural;work;32
berry;blossom;32
decoration;lighting;32
man;muscle;32
dripping;puddle;32
porch;stair;32
brown;red;32
iron;rusty;32
apartment;bedroom;32
foliage;lily;32
face;happy;32
airport;traffic;32
rain;wind;32
handwriting;sketch;32
city;live;32
rain;sunny;32
blonde;haircut;32
abandon;ruin;32
black;yellow;32
bacon;cooking;32
dragonfly;pond;32
ceiling;staircase;32
morning;time;32
potato;sweet;32
day;sunny;32
hotel;house;32
guy;haircut;32
mud;sand;32
staircase;wall;32
brown;white;32
dinner;sitting;32
evening;morning;32
bench;sitting;32
hummingbird;pelican;32
bike;chopper;32
foliage;tulip;32
bar;cafe;32
autumn;sunshine;32
potato;tomato;32
scenery;trail;32
jacket;skirt;32
construction;skyscraper;32
chicken;lamb;32
grey;orange;32
bikini;lake;32
carrot;soup;32
bar;diner;32
dessert;frozen;32
cooking;diner;32
violet;white;32
apple;dessert;32
cooking;noodle;32
born;son;32
insect;lizard;32
foliage;twig;32
outdoor;pool;32
morning;sunset;32
escalator;subway;32
bacon;soup;32
berry;sweet;32
grey;pink;32
rain;sunshine;32
game;play;32
cocktail;dinner;32
building;concrete;32
street;town;32
friend;love;32
festival;musician;32
berry;twig;32
ball;drop;31
black;violet;31
hawk;wild;31
cooking;salad;31
floor;staircase;31
lawn;patio;31
guy;sport;31
blossom;purple;31
cold;rain;31
reptile;wild;31
glittering;sunshine;31
room;staircase;31
mammal;wild;31
interior;paint;31
forest;frog;31
ceiling;window;31
coast;sailing;31
relax;sitting;31
fungi;moss;31
interior;staircase;31
bride;photographer;31
dirt;racing;31
frozen;raspberry;31
boy;school;31
brown;violet;31
play;stadium;31
chapel;graveyard;31
dew;frost;31
dark;grey;31
desert;mountain;31
berry;purple;31
collage;illustration;31
cold;wet;31
burger;cooking;31
day;evening;31
jean;shirt;31
blue;white;31
giraffe;lion;31
dandelion;foliage;31
bird;reptile;31
bathroom;floor;31
love;smile;31
small;village;31
hat;jean;31
bright;orange;31
bud;fruit;31
fell;tear;31
food;fruit;31
red;white;31
collage;exhibition;31
orange;raspberry;31
hat;outfit;31
hockey;play;31
berry;eat;31
bag;pillow;31
bread;salad;31
bathroom;ceiling;31
bacon;burger;31
ceramic;floor;31
fun;relax;31
dawn;misty;31
hot;weather;31
pepper;potato;31
pink;red;31
interior;roof;31
cute;kid;31
vine;wine;31
skyline;tower;31
pet;terrier;31
girl;sexy;31
downtown;subway;31
jump;leg;31
dessert;salad;31
shirt;sock;31
exhibition;painting;31
boardwalk;trail;31
apple;blossom;31
hawk;mallard;31
hand;stand;31
flower;yellow;31
floor;porch;31
dripping;washing;31
foliage;ivy;31
cliff;waterfall;30
foliage;fruit;30
orange;white;30
station;underground;30
foliage;yellow;30
dude;friend;30
forest;tropical;30
rain;sun;30
belly;dance;30
man;sexy;30
colorful;outfit;30
reptile;rodent;30
burger;salad;30
fruit;sweet;30
flamingo;mallard;30
garage;kitchen;30
roof;stair;30
club;hockey;30
house;staircase;30
feel;kiss;30
bright;red;30
lake;valley;30
door;patio;30
apartment;kitchen;30
grey;yellow;30
chicken;salad;30
punk;rock;30
bloom;twig;30
blonde;wig;30
cold;water;30
blur;lens;30
door;porch;30
foliage;orchid;30
door;interior;30
female;makeup;30
cloud;sunlight;30
beach;pebble;30
bright;yellow;30
bed;floor;30
cherry;dessert;30
misty;sunrise;30
dark;shade;30
railroad;underground;30
cafe;donut;30
musician;punk;30
memorial;people;30
stop;time;30
glittering;star;30
fun;idea;30
band;uniform;30
insect;plant;30
bedroom;kitchen;30
harbour;scenery;30
collage;painting;30
mist;sky;30
dawn;sunshine;30
costume;shirt;30
mud;water;30
blossom;violet;30
fishing;shore;30
cloud;sunny;30
shade;sunlight;30
friend;smile;30
bacon;salad;30
pod;round;30
flower;fruit;30
abstract;museum;30
door;stair;30
foot;tall;30
cooking;fruit;30
burger;soup;30
match;play;30
cattle;goat;29
camera;theatre;29
flower;wild;29
licking;lip;29
lunch;tea;29
berry;dessert;29
downtown;shopping;29
kitchen;washing;29
petal;twig;29
happy;kid;29
amphibian;bird;29
cold;sunny;29
meat;soup;29
camel;desert;29
foliage;shade;29
restaurant;room;29
couple;family;29
bird;mammal;29
arch;porch;29
kitty;licking;29
blossom;ivy;29
grey;red;29
bright;pink;29
bay;cliff;29
door;staircase;29
chess;toy;29
gull;hummingbird;29
beauty;peacock;29
boardwalk;park;29
city;ruin;29
bay;swim;29
daisy;foliage;29
apartment;bathroom;29
flower;purple;29
hill;path;29
match;stadium;29
monument;ruin;29
dark;white;29
ancient;city;29
licking;puppy;29
metal;punk;29
hotel;relax;29
nut;sunflower;29
hot;wet;29
glass;vinyl;29
foliage;moss;29
coast;scenery;29
bacon;bread;29
brick;roof;29
wet;winter;29
dark;silhouette;29
bacon;dessert;29
floor;stair;29
day;lunch;29
line;lunch;29
room;sitting;29
interior;outdoor;29
shirt;white;29
licking;paw;29
brown;pink;29
friend;fun;29
city;downtown;29
pool;relax;28
bird;dragonfly;28
bacon;tomato;28
dandelion;seed;28
purple;shade;28
bacon;pepper;28
dark;purple;28
door;floor;28
sidewalk;street;28
bacon;sandwich;28
petal;pink;28
colour;dark;28
brick;staircase;28
fog;sunny;28
valley;waterfall;28
rice;soup;28
patio;pool;28
patio;sitting;28
river;scenery;28
beard;blonde;28
nest;stork;28
carrot;pepper;28
collage;paint;28
jump;swimming;28
chapel;gravestone;28
feel;smile;28
flag;stripe;28
harbour;town;28
guitar;punk;28
scenery;sunny;28
christmas;valentine;28
bloom;pink;28
born;daughter;28
insect;rodent;28
bedroom;floor;28
stair;wall;28
chapel;ruin;28
beef;tomato;28
doodle;scratch;28
daffodil;purple;28
lake;scenery;28
roof;staircase;28
boy;live;28
chain;store;28
coast;hill;28
mushroom;pepper;28
porch;window;28
hot;water;28
sock;white;28
arch;bridge;28
dessert;raspberry;28
brick;ceiling;28
scenery;sunshine;28
city;square;28
stand;walk;28
evening;fun;28
happy;sexy;28
burger;mac;28
paint;sculpture;28
misty;morning;28
frost;rain;28
color;shade;28
bacon;potato;28
patio;stair;28
hot;washing;27
button;sticker;27
cute;happy;27
happy;tear;27
pepper;soup;27
alley;racing;27
smile;tear;27
train;underground;27
blonde;curl;27
flamingo;mammal;27
porch;staircase;27
ford;river;27
room;stair;27
face;glittering;27
nest;reptile;27
sailing;sunk;27
floor;kitchen;27
cottage;garden;27
day;weather;27
amphibian;insect;27
eat;sweet;27
pregnant;round;27
brown;feather;27
bed;sitting;27
bike;rally;27
apartment;patio;27
cooking;dessert;27
lily;purple;27
kitchen;patio;27
line;subway;27
breakfast;room;27
gull;reptile;27
dirty;rusty;27
bath;bedroom;27
cottage;patio;27
misty;sunshine;27
band;metal;27
skyline;tall;27
berry;foliage;27
mushroom;salad;27
abandon;soldier;27
bath;kitchen;27
sitting;stop;27
outdoor;swimming;27
ruin;stone;27
building;sidewalk;27
fell;stop;27
cloud;ripple;27
cliff;scenery;27
salad;strawberry;27
graveyard;ruin;27
pepper;tomato;27
line;metro;27
bird;wild;27
hill;road;27
cliff;harbour;27
clothe;sexy;27
baseball;club;27
petal;purple;27
collar;skirt;27
cottage;sleep;27
match;round;27
kitchen;stair;27
church;graveyard;27
lighthouse;wall;27
kitchen;sitting;27
dawn;spring;27
hot;spring;27
flower;weather;27
child;fun;27
evening;walk;27
cliff;sea;27
cold;mist;27
station;theatre;27
dusk;misty;27
friend;lady;27
mountain;sea;26
escalator;metro;26
live;old;26
friend;guy;26
theatre;tv;26
ceiling;kitchen;26
nature;snowman;26
coin;ticket;26
plane;sailing;26
sea;sunk;26
bench;boardwalk;26
happy;kiss;26
bath;bed;26
restaurant;shopping;26
canine;run;26
lunch;sitting;26
bus;rail;26
frog;tropical;26
bathroom;bed;26
goose;wolf;26
happy;mom;26
black;paint;26
glittering;scenery;26
beef;salad;26
construction;downtown;26
parking;underground;26
park;skate;26
apartment;pool;26
flood;line;26
marble;wall;26
hummingbird;tropical;26
palace;ruin;26
panda;pig;26
frost;shade;26
cherry;sweet;26
carrot;fruit;26
brick;skyscraper;26
collage;sculpture;26
fruit;potato;26
grey;stripe;26
patio;room;26
fun;sexy;26
blue;fabric;26
guy;sexy;26
guitar;track;26
misty;scenery;26
kitchen;porch;26
sweet;wine;26
cute;guy;26
bedroom;relax;26
hummingbird;insect;26
hill;horizon;26
beef;pepper;26
hand;left;26
beef;deer;26
frog;whale;26
bright;shade;26
cooking;frozen;26
festival;gate;26
interior;object;25
bathroom;sitting;25
smoke;sun;25
crochet;jewelry;25
architecture;skyline;25
cold;puddle;25
blur;eye;25
guy;sleep;25
baseball;shirt;25
amphibian;pelican;25
shade;violet;25
green;shade;25
evening;sunny;25
blue;stripe;25
patio;staircase;25
puddle;street;25
eye;smile;25
canine;licking;25
outfit;punk;25
dragonfly;reptile;25
mist;sunshine;25
castle;ruin;25
angel;sculpture;25
bud;ivy;25
chicken;mammal;25
family;live;25
carrot;sunflower;25
interior;stair;25
craft;game;25
valley;village;25
brown;gull;25
decoration;tulip;25
bud;pink;25
dessert;orange;25
mammal;reptile;25
cute;sexy;25
relax;scenery;25
blue;bright;25
cold;misty;25
floor;skyscraper;25
coast;valley;25
ceiling;stair;25
couple;live;25
red;stripe;25
sing;written;25
hanging;stand;25
meat;pepper;25
insect;mammal;25
track;vinyl;25
show;sketch;25
clothe;cute;25
harbour;sunk;25
dude;sexy;25
blue;shade;25
garden;house;25
crane;wild;25
feel;tear;24
bar;relax;24
breakfast;sleep;24
shore;valley;24
amphibian;wild;24
door;kitchen;24
sexy;smile;24
stripe;white;24
family;male;24
hummingbird;mammal;24
amphibian;dragonfly;24
rice;yellow;24
happy;time;24
line;street;24
black;skirt;24
porch;wall;24
drop;hanging;24
mist;sunny;24
pepper;strawberry;24
ruin;skyline;24
nude;painting;24
diner;patio;24
bridge;ford;24
blonde;cute;24
morning;weather;24
dress;match;24
fungi;rust;24
stripe;yellow;24
chapel;tower;24
feather;wild;24
cake;christmas;24
bright;raspberry;24
harbor;sunk;24
barn;owl;24
daisy;purple;24
frost;grass;24
blue;shirt;24
post;view;24
hawk;mammal;24
garden;kitchen;24
bright;purple;24
cute;haircut;24
hawk;reptile;24
fun;lego;24
snow;sunshine;24
bloom;purple;24
family;female;24
orange;salad;24
architecture;shade;24
bedroom;stair;24
hill;town;24
bread;dessert;24
cathedral;step;24
bedroom;staircase;24
shore;town;24
bench;game;24
mist;sunlight;24
fountain;marble;24
makeup;reflection;24
cocktail;relax;24
sketch;texture;24
deer;elephant;24
bed;ceiling;24
evening;relax;24
berry;ivy;24
ruin;village;24
cafe;street;24
palm;twig;24
frost;spring;24
daisy;pink;24
dirty;hand;24
arch;wall;24
porch;room;24
cottage;scenery;24
fruit;meat;24
cute;smile;24
bath;floor;24
old;town;24
skirt;white;24
glittering;misty;23
fire;sand;23
sitting;staircase;23
blue;dark;23
nail;rusty;23
ceiling;marble;23
basket;dinner;23
card;party;23
bright;foliage;23
cold;dripping;23
lamb;snow;23
cafe;relax;23
cathedral;ruin;23
hill;river;23
friend;night;23
orange;shade;23
live;male;23
coffee;lunch;23
key;palace;23
shop;show;23
burger;dessert;23
morning;relax;23
craft;note;23
dessert;sandwich;23
dirty;feel;23
beer;patio;23
eat;frozen;23
brick;porch;23
ceiling;door;23
deer;insect;23
happy;home;23
rock;track;23
footprint;tile;23
exhibition;work;23
city;lamp;23
cute;lady;23
shade;white;23
beauty;orchid;23
hummingbird;rodent;23
haircut;sexy;23
arch;concrete;23
airport;asphalt;23
air;dew;23
pregnancy;sitting;23
frost;plant;23
forest;hummingbird;23
kiss;smile;23
eat;rabbit;23
autumn;shade;23
guy;kid;23
fell;love;23
oak;rose;23
city;firework;23
lamb;mother;23
cone;diamond;23
concrete;school;23
scenery;sketch;23
face;guy;23
scenery;shore;23
daisy;gravestone;23
field;skyscraper;23
leather;rope;23
sunk;sunset;23
amphibian;brown;23
evening;misty;23
miniature;painting;23
dessert;wine;23
foliage;tall;23
evening;lunch;23
dark;orange;23
dessert;lunch;23
misty;mountain;23
boy;hand;23
dessert;soup;23
blue;skirt;22
dark;pink;22
interior;patio;22
sunny;wet;22
camera;painting;22
automobile;police;22
boardwalk;evening;22
guy;smile;22
sitting;time;22
pink;skirt;22
ivy;wall;22
rock;sing;22
action;truck;22
hill;shore;22
happy;morning;22
demolition;skyscraper;22
happy;idea;22
hummingbird;reptile;22
breakfast;sitting;22
light;sleep;22
cute;feel;22
bead;gold;22
clothe;haircut;22
evening;sunshine;22
foliage;violet;22
cathedral;interior;22
post;quote;22
mammal;pelican;22
escalator;underground;22
band;outfit;22
church;interior;22
market;sushi;22
grey;rusty;22
arch;brick;22
feel;sleep;22
insect;twig;22
colorful;toy;22
cherry;vine;22
dessert;noodle;22
black;pencil;22
band;track;22
happy;sleep;22
skate;vehicle;22
dessert;rice;22
movie;shopping;22
shade;twig;22
frost;sunny;22
misty;sky;22
misty;sunset;22
black;stripe;22
church;porch;22
morning;smile;22
autumn;frost;22
bath;patio;22
person;stair;22
pumpkin;valley;22
dark;pod;22
child;live;22
orchid;patio;22
shade;yellow;21
dirty;dripping;21
key;stone;21
people;stair;21
bathroom;staircase;21
dome;interior;21
breakfast;hotel;21
bike;patio;21
female;old;21
glittering;smile;21
downtown;shore;21
fruit;sunflower;21
feline;reptile;21
run;train;21
shopping;street;21
cat;garden;21
cute;mom;21
steel;wing;21
guy;walk;21
horse;work;21
chipmunk;wolf;21
red;shade;21
school;traffic;21
dance;hotel;21
sunny;winter;21
ceramic;colour;21
house;poster;21
colorful;frame;21
sweet;vine;21
barn;food;21
field;squirrel;21
brown;hawk;21
city;small;21
dark;violet;21
brick;interior;21
couple;female;21
cliff;sand;21
key;motor;21
square;town;21
misty;sunny;21
jean;washing;21
foot;piano;21
model;toe;21
crystal;spiral;21
cliff;shore;21
lake;whale;21
shore;waterfall;21
foliage;pink;21
hawk;insect;21
curl;whisker;21
dessert;pepper;21
dinner;room;21
art;drive;21
drop;time;21
hanging;sitting;21
skin;sunglass;21
lunch;morning;21
drug;musician;21
redhead;rusty;21
live;race;21
fell;stand;21
cliff;fence;21
misty;snow;21
gasoline;town;21
decoration;twig;21
flower;shade;21
skin;skirt;21
feel;idea;21
ruin;town;21
bedroom;breakfast;21
lunch;relax;21
fountain;hill;20
couple;male;20
bathroom;patio;20
dusk;hummingbird;20
guitar;vinyl;20
bright;fruit;20
dead;hanging;20
heart;wing;20
salad;sunflower;20
bedroom;patio;20
badge;metro;20
fun;time;20
dark;red;20
concrete;interior;20
cone;windmill;20
racing;shirt;20
mom;smile;20
object;scooter;20
cone;hill;20
breakfast;relax;20
friend;relax;20
fun;guy;20
black;bright;20
dancer;palace;20
frozen;salad;20
brown;hummingbird;20
escalator;railway;20
camel;outdoor;20
autumn;bud;20
male;old;20
held;nest;20
cute;mammal;20
baseball;show;20
patio;spring;20
mammal;nest;20
cow;pregnancy;20
fun;night;20
game;rocket;20
downtown;ruin;20
makeup;people;20
interior;porch;20
bed;patio;20
relax;sunshine;20
dark;yellow;20
floor;sitting;20
grave;number;20
mill;sunflower;20
farm;wind;20
cold;washing;20
dripping;hot;20
idea;people;20
couple;old;20
food;gull;20
gate;hotel;20
glittering;night;20
cold;sun;20
chicken;pepper;20
salad;sweet;20
porch;stone;20
coffee;room;20
berry;bright;20
amphibian;hummingbird;20
flamingo;insect;20
club;shirt;20
porch;tower;20
skateboard;swimsuit;20
desert;road;20
kiss;tear;20
feather;grey;20
club;match;19
sitting;sleep;19
chapel;porch;19
figure;spiral;19
bud;purple;19
bird;shade;19
blonde;dark;19
burger;frozen;19
chain;engine;19
bathroom;porch;19
country;work;19
left;stop;19
desk;white;19
object;piano;19
can;mill;19
female;race;19
frost;sunshine;19
soup;sweet;19
black;seat;19
lion;pelican;19
graffiti;interior;19
apartment;sleep;19
cold;summer;19
market;orange;19
guy;kiss;19
dirty;guy;19
arm;caterpillar;19
foliage;frost;19
gravestone;pattern;19
shop;summer;19
petal;shade;19
gull;mammal;19
cone;palm;19
makeup;town;19
gull;insect;19
dessert;meat;19
morning;sitting;19
doll;new;19
butterfly;glittering;19
interior;skyscraper;19
market;white;19
cute;fun;19
night;sunny;19
bed;staircase;19
miniature;paint;19
bloom;glittering;19
evening;friend;19
city;mill;19
coast;downtown;18
dew;sunshine;18
dragonfly;underwater;18
star;storm;18
patio;washing;18
cold;ear;18
house;windmill;18
flying;toy;18
breakfast;evening;18
hanging;rusty;18
dinner;relax;18
aircraft;door;18
porch;ruin;18
cop;dirty;18
cross;tower;18
city;old;18
cold;sunshine;18
dragon;metal;18
light;shed;18
hotel;library;18
feel;friend;18
parking;scenery;18
ruin;tower;18
abandon;railroad;18
bright;violet;18
couple;makeup;18
dude;smile;18
dirty;rabbit;18
smile;walk;18
autumn;daffodil;18
hotel;sand;18
crystal;dirt;18
reptile;stork;18
coast;sunk;18
dark;rusty;18
band;vinyl;18
parrot;reptile;18
steel;town;18
architecture;table;18
bedroom;porch;18
aquarium;seagull;18
butterfly;transformer;18
feel;sitting;18
landscape;stadium;18
lunch;walk;18
church;cookie;18
stripe;violet;18
origami;white;18
bag;flag;18
escalator;station;18
dawn;snow;18
green;lantern;18
painting;work;18
pigeon;round;18
haircut;smile;18
coast;sketch;18
colorful;duck;18
man;stand;18
demolition;interior;18
pelican;toe;18
garage;garden;18
brown;insect;18
family;old;18
brown;pelican;18
fountain;parade;18
fungi;insect;18
female;live;18
frost;hot;18
handle;shop;17
happy;stand;17
collection;work;17
pepper;sunflower;17
graphic;roof;17
play;spiral;17
cute;fashion;17
ball;square;17
red;tea;17
port;sweet;17
lunch;sunny;17
night;stop;17
muscle;nature;17
guy;sitting;17
game;scooter;17
interior;toy;17
gate;pebble;17
blue;sock;17
bedroom;pool;17
graveyard;house;17
foot;friend;17
cute;idea;17
bed;picture;17
glass;road;17
bed;kitchen;17
dusk;gull;17
bicycle;green;17
shade;whale;17
lab;spider;17
bar;stair;17
hanging;time;17
reptile;swim;17
happy;night;17
dude;fun;17
branch;tea;17
club;play;17
garbage;lunch;17
interior;tower;17
breakfast;people;17
couple;race;17
bay;porch;17
country;library;17
black;cigarette;17
handle;tram;17
feel;stair;17
oak;petal;17
lake;town;17
play;sign;17
old;race;17
parade;store;17
jellyfish;texture;17
curl;leaf;17
hummingbird;moss;17
book;gold;17
desk;match;17
handle;lighting;17
frozen;soup;17
dude;sitting;17
amphibian;stork;16
asphalt;crane;16
bright;grey;16
flight;jaguar;16
happy;toe;16
bathroom;stair;16
bay;curve;16
foot;train;16
snow;sunny;16
blue;happy;16
sunshine;wet;16
clown;jellyfish;16
family;town;16
pattern;time;16
cherry;peel;16
bakery;vehicle;16
cross;post;16
garbage;underground;16
bible;leaf;16
nature;new;16
cute;dude;16
curve;dance;16
autumn;hat;16
fabric;handle;16
arm;white;16
feel;fun;16
bridge;ceramic;16
ruin;valley;16
castle;patio;16
button;grey;16
club;sign;16
feather;insect;16
hotel;oak;16
alley;punk;16
design;muscle;16
circle;snake;16
auto;quote;16
post;white;16
animal;clown;16
dinner;sleep;16
office;woman;16
line;underground;16
metro;television;16
waterfall;wood;16
relax;restaurant;16
bed;stair;16
dude;husky;16
demolition;skyline;16
ceiling;patio;16
flight;museum;16
paper;tattoo;16
action;subway;16
grave;shore;16
sunshine;winter;16
ford;wall;16
band;stocking;16
dirty;tear;16
leg;stripe;16
family;square;16
eye;sky;16
dinner;morning;16
apartment;beach;16
bus;crane;16
aquarium;coin;16
path;sunflower;16
red;uniform;16
band;ear;16
kitchen;staircase;16
glittering;vintage;16
gold;texture;16
air;carnival;16
guy;stand;16
bacon;sweet;16
abstract;feel;16
band;bride;16
mom;sitting;15
foliage;purple;15
husky;painting;15
evening;surfer;15
postcard;texture;15
breakfast;night;15
makeup;skull;15
guy;tear;15
hamster;lock;15
chess;family;15
fun;haircut;15
bud;shade;15
ad;track;15
dead;pigeon;15
chipmunk;illustration;15
cold;silver;15
insect;number;15
bar;boat;15
restaurant;scenery;15
hair;stencil;15
guy;idea;15
gravestone;silhouette;15
bright;mist;15
coin;musician;15
arm;bicycle;15
hanging;morning;15
demolition;tall;15
bedroom;diner;15
candle;line;15
bar;ship;15
club;cone;15
art;christmas;15
travel;wood;15
foot;outdoor;15
hanging;left;15
rusty;shade;15
abstract;moon;15
auto;round;15
mist;temple;15
stripe;urban;15
smile;view;15
ripple;shadow;15
dirty;fun;15
haircut;hanging;15
brick;skyline;15
bathroom;sleep;15
school;tear;15
cute;friend;15
action;dress;15
cow;station;15
play;sailing;15
fungi;pattern;15
button;police;15
ceramic;church;15
home;smoking;15
food;wild;15
colorful;wood;15
smile;time;15
amphibian;flamingo;15
apartment;child;15
graveyard;silver;15
outfit;sign;15
dude;kid;15
pole;weather;15
city;round;15
nail;wolf;15
night;sunshine;15
bath;sleep;15
hanging;stencil;15
cherry;meat;14
blue;poster;14
fire;movie;14
drawn;wing;14
husky;play;14
dripping;rusty;14
arrow;boxer;14
basket;moss;14
pin;wing;14
apartment;valley;14
guy;poodle;14
seagull;urban;14
dessert;tomato;14
egg;family;14
aircraft;guy;14
dark;flamingo;14
cheerleader;scenery;14
pink;shade;14
couple;outdoor;14
garden;smoke;14
glass;mill;14
race;square;14
paper;vine;14
smile;stand;14
frost;summer;14
bay;parking;14
kiss;sitting;14
monkey;oak;14
bead;redhead;14
animal;hand;14
cute;music;14
downtown;hockey;14
dead;guy;14
aircraft;asphalt;14
magazine;run;14
flight;rain;14
bathroom;garden;14
door;skyscraper;14
makeup;old;14
game;sign;14
dead;face;14
friend;sexy;14
flower;interior;14
bag;wire;14
game;goat;14
note;rally;14
stair;steel;14
diamond;stencil;14
nature;tv;14
happy;post;14
abstract;rally;14
party;sailing;14
beard;kitty;14
eat;seagull;14
building;sandwich;14
belly;black;14
left;walk;14
dark;stripe;14
ford;valley;14
insect;stork;14
animal;mural;14
leather;weed;14
pub;washing;14
left;play;14
cop;gravestone;14
book;building;14
happy;walk;14
colorful;lab;14
flag;quote;14
sunk;time;14
friend;sitting;14
lantern;oak;14
sitting;smile;14
cottage;outfit;14
downtown;lock;14
pet;poster;14
industrial;lake;14
licking;sitting;14
pool;rust;14
stripe;train;14
beef;downtown;13
blonde;eye;13
lady;sunset;13
feel;stop;13
old;seat;13
dirty;happy;13
ruin;shore;13
black;paw;13
egg;lego;13
born;play;13
black;pigeon;13
feather;reptile;13
gymnastic;port;13
mom;snowman;13
dirty;haircut;13
party;seat;13
lily;pig;13
dirty;hanging;13
guy;wire;13
orange;shop;13
cactus;fell;13
circle;sport;13
redhead;reflection;13
cafe;reflection;13
outfit;play;13
bar;female;13
belly;dirty;13
rope;train;13
boardwalk;drop;13
abstract;candle;13
church;soldier;13
boxer;reflection;13
crystal;silhouette;13
feel;guy;13
pattern;pier;13
downtown;field;13
beer;wild;13
hanging;happy;13
rope;shore;13
airplane;camera;13
button;flower;13
frozen;shop;13
curl;licking;13
sunny;zoo;13
people;stop;13
bucket;insect;13
fence;friend;13
can;sketch;13
frozen;pebble;13
ceramic;live;13
day;horse;13
born;boxer;13
iris;necklace;13
lighting;person;13
boot;cliff;13
landscape;umbrella;13
man;transformer;13
dark;sand;13
ruin;swimsuit;13
abstract;rose;13
guy;gymnastic;12
grass;ruin;12
lighting;stone;12
porch;scooter;12
colour;wild;12
crane;stair;12
shore;tear;12
cactus;porch;12
belly;drawn;12
fabric;photo;12
lamb;lantern;12
owl;rocket;12
party;scooter;12
display;scratch;12
ball;curl;12
cookie;peel;12
couple;post;12
field;red;12
theatre;wolf;12
blue;swing;12
guy;happy;12
quote;santa;12
dude;feel;12
bath;wine;12
brown;wet;12
kiss;stop;12
husky;match;12
cocktail;garage;12
face;stand;12
kid;stop;12
boxer;diner;12
patio;sleep;12
city;family;12
drop;rusty;12
parade;table;12
dawn;drug;12
design;orange;12
lunch;sunshine;12
dirty;dude;12
fun;tear;12
bikini;ivy;12
step;swimsuit;12
frog;poppy;12
cross;pub;12
frost;lily;12
curve;outdoor;12
collage;stream;12
twig;underground;12
chair;holiday;12
coffee;sun;12
lighting;sleep;12
mill;wild;12
circle;wig;12
highway;squirrel;12
pin;truck;12
boxer;swimming;12
shore;small;12
punk;vinyl;12
number;web;12
brown;demolition;12
interior;skyline;12
breakfast;floor;12
aerial;clown;12
hat;peel;12
baseball;rainbow;12
dude;happy;12
foot;mural;12
creature;grey;12
cross;outfit;12
left;smile;11
fishing;rainbow;11
bathroom;dude;11
paint;puddle;11
skating;sticker;11
dome;uniform;11
lawn;sleep;11
office;sun;11
military;reflection;11
fashion;handwriting;11
cop;ruin;11
blur;metro;11
smile;stop;11
cute;licking;11
cross;mug;11
concrete;pin;11
cigarette;hotel;11
airplane;market;11
architecture;yellow;11
handle;terrier;11
patio;woman;11
green;gull;11
dew;parrot;11
country;hanging;11
dude;hanging;11
stripe;tank;11
hanging;tear;11
crochet;family;11
cute;post;11
machine;sketch;11
feel;haircut;11
match;moss;11
art;sailing;11
foliage;restaurant;11
tea;village;11
branch;feline;11
day;plane;11
gold;idea;11
moon;mushroom;11
interior;tall;11
mallard;portrait;11
live;stitch;11
fun;morning;11
dripping;rust;11
fun;stop;11
gull;mill;11
dirty;friend;11
blue;hand;11
bucket;curve;11
patio;swan;11
body;miniature;11
cafe;child;11
belly;stripe;11
mural;taxi;11
furniture;man;11
bead;library;11
daffodil;wool;11
eat;shade;11
collection;jellyfish;11
country;elephant;11
line;temple;11
bead;chess;11
skirt;wig;11
daisy;flood;11
camera;rally;11
happy;sitting;11
bottle;construction;11
auto;bright;11
computer;railway;11
night;sitting;11
hair;lizard;11
happy;licking;11
jump;sunlight;11
desert;smoke;11
chopper;window;11
left;rusty;11
hanging;stop;11
animal;sandwich;11
cute;dirty;11
cafe;drawn;11
boxer;pyramid;11
arm;television;10
feel;hanging;10
asphalt;moon;10
dusk;skirt;10
car;skull;10
left;sitting;10
outfit;rock;10
mom;stop;10
dripping;round;10
friend;stop;10
asphalt;water;10
sitting;tear;10
cafe;spiral;10
ad;bacon;10
green;phone;10
duck;outfit;10
coast;zebra;10
breakfast;makeup;10
purple;stripe;10
clothe;skyline;10
step;wind;10
portrait;rocket;10
break;glittering;10
construction;sailing;10
boy;gate;10
lens;storm;10
orange;school;10
shirt;show;10
gasoline;pepper;10
drug;sing;10
sticker;track;10
furniture;nature;10
play;rail;10
rusty;stand;10
military;wasp;10
port;squirrel;10
grape;rainbow;10
flood;neon;10
morning;tear;10
memorial;rope;10
bright;rusty;10
home;wet;10
feather;sunflower;10
house;stop;10
plant;skate;10
cocktail;dandelion;10
airport;foot;10
display;pond;10
alley;bloom;10
escalator;redhead;10
caterpillar;paint;10
bacon;wild;10
stand;tear;10
collar;tiger;10
car;hawk;10
burn;reading;10
cigarette;live;10
footprint;scooter;10
barn;mug;10
bacon;guy;10
keyboard;soldier;10
cute;sitting;10
track;yellow;10
bag;dude;10
lady;stop;10
arrow;mural;10
jacket;stream;10
lab;rusty;10
jaguar;storm;10
dirty;smile;10
friend;rusty;10
morning;stop;10
cemetery;male;10
jump;stitch;10
friend;left;10
family;hawk;10
monster;rock;10
feel;time;10
face;hanging;10
pizza;railway;10
cross;shopping;10
guy;hanging;10
craft;van;10
art;beer;9
beard;flamingo;9
monster;shell;9
bench;mask;9
club;river;9
boxer;child;9
fungi;leather;9
licking;stop;9
creature;reading;9
ivy;urban;9
bed;candy;9
feel;spiral;9
hockey;sign;9
daughter;pub;9
idea;rusty;9
lighting;man;9
dude;post;9
mill;puddle;9
santa;table;9
action;whisker;9
eat;web;9
hot;winter;9
dog;silver;9
lip;run;9
porch;pug;9
bird;pregnancy;9
camera;crow;9
eat;truck;9
licking;marble;9
rabbit;stop;9
paper;railway;9
poster;tank;9
clothe;transformer;9
smoking;sunny;9
cactus;leg;9
held;theatre;9
arm;outdoor;9
lighting;panda;9
punk;toe;9
branch;protest;9
daughter;graphic;9
air;fruit;9
book;copper;9
night;sticker;9
explosion;table;9
snake;strawberry;9
dragon;drop;9
dog;sailing;9
burn;ripple;9
clock;pink;9
kitten;lingerie;9
abandon;frost;9
chicken;star;9
se;stair;9
left;night;9
small;valley;9
green;number;9
left;morning;9
lock;mannequin;9
shade;whisker;9
collar;garbage;9
ink;organ;9
poppy;store;9
smoking;vine;9
flame;word;9
daffodil;frost;9
dancer;rusty;9
canal;coffee;9
camera;mallard;9
noodle;pigeon;9
couple;square;9
rainbow;whale;9
flying;keyboard;9
soup;view;9
goat;pebble;9
abandon;button;9
belly;dark;9
diamond;parade;9
horse;sweet;9
ancient;pod;9
banana;foot;9
shed;traffic;9
bucket;morning;9
bucket;duck;8
dessert;eye;8
cold;flag;8
skin;television;8
bedroom;feline;8
palm;traffic;8
necklace;snow;8
licking;origami;8
protest;tile;8
beetle;chocolate;8
monkey;pumpkin;8
cop;music;8
beard;sport;8
gasoline;summer;8
footprint;holiday;8
abandon;crane;8
car;pig;8
grave;santa;8
iron;splash;8
dirt;gymnastic;8
orange;wet;8
ceramic;ocean;8
vintage;zebra;8
hair;shore;8
lingerie;underground;8
marble;postcard;8
fish;leg;8
book;smoking;8
kiss;rusty;8
canal;number;8
kitchen;sleep;8
cherry;lamb;8
bag;cop;8
leaf;moon;8
dude;time;8
kitchen;outfit;8
garbage;jean;8
bedroom;downtown;8
grass;ski;8
day;held;8
mug;vehicle;8
lighting;small;8
sea;sing;8
computer;farm;8
feline;pumpkin;8
jean;map;8
dirty;eagle;8
book;ceramic;8
van;vine;8
desert;roof;8
seagull;tag;8
jewelry;muscle;8
milk;outdoor;8
guy;rusty;8
chocolate;jellyfish;8
boxer;stair;8
jaguar;pier;7
nut;waterfall;7
bread;chair;7
goat;vinyl;7
kitten;rain;7
hanging;smile;7
bikini;sculpture;7
bible;dirt;7
portrait;underground;7
clock;stripe;7
bud;floor;7
air;knitting;7
idea;stop;7
haircut;stop;7
storm;sweet;7
auto;santa;7
marble;sing;7
drive;ear;7
born;subway;7
pumpkin;road;7
makeup;race;7
washing;web;7
haircut;pyramid;7
blonde;rock;7
belly;field;7
mammal;yellow;7
paint;sing;7
cat;locomotive;7
dead;sidewalk;7
angel;pod;7
eat;underwater;7
makeup;square;7
cigarette;tile;7
museum;scratch;7
butterfly;stadium;7
graveyard;porch;7
flame;peacock;7
chopper;poppy;7
rusty;tear;7
bloom;friend;7
gun;jaguar;7
guy;stop;7
cloud;kitten;7
pillow;stone;7
stocking;tomato;7
frost;protest;7
sign;stocking;7
angel;asphalt;7
ski;skirt;7
cat;purple;7
diner;muscle;7
marble;sunglass;7
berry;flying;7
chocolate;rock;7
airplane;guitar;7
bread;ocean;7
bay;chipmunk;7
tall;wool;7
restaurant;violet;7
drop;fun;7
purple;twig;7
cemetery;cone;7
face;stop;7
dude;stop;7
bicycle;handwriting;7
chapel;dusk;7
cute;twig;7
dragon;oak;7
drug;reflection;7
apple;relax;7
bakery;panorama;7
mallard;poster;7
snake;taxi;7
dessert;head;7
born;hockey;7
puddle;red;7
brick;dress;7
building;zombie;7
neon;tank;7
bible;cottage;7
bath;panorama;7
automobile;fabric;7
gun;picture;7
cow;table;6
born;construction;6
dye;kiss;6
baseball;born;6
crab;grave;6
craft;soup;6
lock;misty;6
horse;interior;6
grass;stop;6
jellyfish;punk;6
parade;salad;6
reptile;vacation;6
clown;flood;6
aerial;violet;6
crab;ink;6
canyon;pizza;6
butterfly;left;6
hamster;party;6
museum;swim;6
lego;rodent;6
branch;lego;6
game;husky;6
camel;highway;6
baseball;cheetah;6
stripe;weather;6
journal;squirrel;6
cake;rusty;6
bacon;view;6
dandelion;stand;6
cheetah;flame;6
abstract;vehicle;6
party;sunk;6
floor;transformer;6
amphibian;berry;6
marble;monkey;6
jump;salad;6
subway;valentine;6
baseball;cactus;6
ancient;poster;6
grass;skull;6
cattle;web;6
drive;lego;6
flying;sexy;6
ink;tropical;6
pyramid;swimsuit;6
chess;sleep;6
bag;wild;6
chapel;whisker;6
chair;word;6
angel;construction;6
exhibition;soup;6
kitten;travel;6
swim;vehicle;6
costume;ocean;6
pigeon;reading;6
origami;stadium;6
animal;candy;6
happy;stop;5
insect;mom;5
canyon;piano;5
leather;swan;5
goose;outfit;5
sunglass;weed;5
play;wine;5
monkey;restaurant;5
goose;locomotive;5
garage;mammal;5
drug;wolf;5
graveyard;pug;5
chair;ipod;5
rice;ticket;5
mammal;rope;5
hill;rust;5
paw;protest;5
petal;pug;5
interior;mushroom;5
chocolate;squirrel;5
mammal;written;5
reading;seagull;5
parking;photographer;5
tea;whisker;5
cactus;gasoline;5
kitchen;wedding;5
chocolate;wig;5
hanging;mom;5
dragonfly;piano;5
leather;sunshine;5
handwriting;pig;5
brick;rabbit;5
burger;mountain;5
girl;morning;5
canal;silhouette;5
advertisement;pond;5
paw;theatre;5
raspberry;written;5
family;red;5
concrete;swan;5
bedroom;canyon;5
breakfast;staircase;5
flame;sidewalk;5
carrot;city;5
ipod;rope;5
licking;rusty;5
meat;pond;5
female;machine;5
live;makeup;5
piano;wolf;5
girl;wind;5
frog;subway;5
map;weed;5
bike;flame;5
dew;engine;5
cake;library;5
carnival;wool;5
bottle;library;5
eat;hair;5
dragon;furniture;5
skull;storm;5
rodent;smile;5
punk;skyscraper;5
gun;pizza;4
female;square;4
pub;snowman;4
meat;moon;4
potato;skating;4
dragonfly;wine;4
flight;whisker;4
boxer;lighthouse;4
fungi;wedding;4
licking;pier;4
mirror;raspberry;4
bike;hummingbird;4
key;misty;4
cafe;frog;4
soup;wool;4
carrot;memorial;4
lion;square;4
bucket;girl;4
feline;nut;4
gun;quote;4
furniture;pizza;4
goose;stencil;4
chicken;knitting;4
abstract;frog;4
ceiling;mug;4
fish;rocket;4
flamingo;office;4
rabbit;sphere;4
ice;sheep;4
car;tongue;4
bracelet;mountain;4
cocktail;written;4
lego;weather;4
cigarette;skating;3
happy;rusty;3
tomato;whale;3
chess;cigarette;3
fish;theatre;3
donut;panda;3
hot;zombie;3
machine;pond;3
guitar;nude;3
giraffe;mist;3
bread;cliff;3
bible;misty;3
construction;violet;3
cheetah;soup;3
puppy;skyline;3
child;ford;3
cheetah;phone;3
explosion;stencil;3
carrot;design;2
jellyfish;rally;2
military;tomato;2
gun;stair;2
cafe;lizard;2
post;tulip;2
grave;hat;2
apple;cute;2
angel;gasoline;1
giraffe;harbor;1
feather;truck;1
festival;whisker;1
muscle;tulip;1
bikini;pizza;1
bakery;zebra;0
