water;shortage;2.714285714
horse;wedding;2.266666667
play;losses;3.2
classics;advertiser;2.25
Latin;credit;2.0625
ship;ballot;2.3125
mistake;error;4.352941176
disease;plague;4.117647059
sake;shade;2.529411765
saint;observatory;1.9375
treaty;wheat;1.8125
Texas;death;1.533333333
republican;challenge;2.3125
admiralty;intensity;2.647058824
heroin;marijuana;3.375
Scottish;commuter;2.6875
Apollo;myth;2.6
film;cautious;2.125
exhibition;art;4.117647059
chocolate;candy;3.764705882
republic;candidate;2.8125
gospel;church;4.0625
Singapore;sanction;2.117647059
English;French;3.823529412
exile;church;2.941176471
navy;coordinator;2.235294118
adventure;flood;2.4375
radar;plane;3.235294118
Pacific;ocean;4.266666667
Scotch;liquor;4.571428571
Kennedy;gun;3
scale;budget;3.5
rhythm;blues;3.071428571
rich;privilege;3.2
marble;marching;2.615384615
battleship;army;4.235294118
medium;organization;2.5625
Pennsylvania;writer;1.466666667
Hamlet;poet;3.882352941
battle;prisoner;3.705882353
guild;smith;2.75
mud;soil;4.235294118
Mussolini;stability;2.133333333
Lincoln;division;2.4375
slave;insured;2.2
summer;winter;4.375
integration;dignity;3.058823529
money;quota;2.5
Honolulu;vacation;3.6875
cheer;musician;2.823529412
session;surprise;1.8125
billion;campaigning;2.571428571
perjury;soybean;2.0625
forswearing;perjury;3.3125
costume;Halloween;3.4375
Bulgarian;nurse;1.941176471
costume;ultimate;2.5
faith;judging;2.235294118
France;bridge;2.235294118
recreation;dish;1.4
intelligence;trouble;1.625
Germany;worst;1.4375
chaos;death;2.75
Sydney;Hancock;2.857142857
Sabbath;Stevenson;2.214285714
espionage;passport;2.3125
pipe;convertible;2
salute;pattern;2.235294118
radiation;costume;1.5625
Horace;grief;1.764705882
sale;rental;3.470588235
open;close;4.058823529
propaganda;Germany;1.705882353
mirror;duel;1.928571429
probability;hanging;2.058823529
Africa;theater;1.5
hell;heaven;4.117647059
Mussolini;Italy;3
composer;Beethoven;3.647058824
Brussels;Sweden;3.176470588
neutral;parish;1.6
emotion;taxation;1.733333333
Louisiana;simple;2
quarantine;disease;3
bronze;suspicion;2
pearl;interim;2.352941176
artist;paint;4.117647059
relay;family;2.0625
art;mortality;2.294117647
food;investment;2.25
Catholic;Protestant;3.5625
militia;landlord;3.0625
battle;warship;4.176470588
coil;ash;3.117647059
Poland;Russia;4
explosive;builder;2.4375
aeronautics;plane;4.277777778
charge;sentence;3.133333333
drink;alcohol;4.352941176
stability;species;2.375
colony;depression;2
easter;preference;2.0625
genius;intellect;4.090909091
slavery;African;2.8
jurisdiction;law;4.454545455
saint;repeal;1.555555556
conspiracy;campaign;2.166666667
physician;action;2.153846154
electronics;guess;1.916666667
slavery;diamond;2.285714286
quarterback;sport;3.142857143
slavery;Klan;2.230769231
heroin;shoot;2.692307692
bird;disturbance;1.692307692
Palestinian;Turk;2.5
citizenship;court;2.5
immunity;violation;2.076923077
chile;plate;2.692307692
Abraham;stranger;1.846153846
Kansas;city;3.769230769
month;year;3.857142857
month;day;3.857142857
amateur;actor;2.333333333
Afghanistan;war;3.384615385
transmission;Maxwell;2.25
drawing;music;2.583333333
exile;pledge;2.307692308
adventure;sixteen;1.538461538
exile;threat;2.166666667
concrete;wing;1.428571429
seizure;bishop;2
submarine;sea;3.857142857
villa;mayor;2.25
nature;forest;3.636363636
chronicle;young;1.9
radical;bishop;1.818181818
Pakistan;radical;2.875
fire;water;4.266666667
gossip;nuisance;3.0625
con;examiner;2.266666667
satellite;space;3.75
essay;Boston;2
miniature;statue;3.6
spill;pollution;3.5
minister;council;3.5625
landscape;mountain;3.5625
religion;remedy;2.5625
ship;storm;3.5
college;scientist;2.8125
trinity;religion;3.133333333
homer;odyssey;2.857142857
parish;clue;2.4375
actress;actor;4.0625
patent;professional;2.375
acre;earthquake;2.125
government;immunity;2
football;justice;1.8
gambling;money;3.75
cardinal;village;2.375
life;death;4.103448276
artillery;sanction;2.428571429
cell;brick;3.285714286
knowledge;promoter;2.642857143
adventure;rail;2.571428571
Houston;crash;2.357142857
Oxford;subcommittee;2.642857143
militia;weapon;3.785714286
manufacturer;meat;1.857142857
damage;reaction;3.071428571
sea;fishing;4.357142857
broadcasting;athletics;3
mystery;expedition;2.538461538
Kremlin;soviet;3.166666667
pig;blaze;1.75
riverside;Vietnamese;2.25
pork;blaze;2.230769231
radical;uniform;2.5
Mozart;Wagner;3.166666667
soccer;boxing;3.4
radical;role;2.75
sale;season;2.307692308
homeless;refugee;3.615384615
Athens;painting;2.294117647
aircraft;plane;4.473684211
enterprise;bankruptcy;2.5
coin;award;2.166666667
Rhodes;native;2.25
soccer;curator;2.125
gasoline;stock;2.888888889
rapid;Singapore;1.764705882
coin;banker;3.631578947
London;correspondence;1.944444444
pop;sex;2.6
medicine;bread;2.176470588
Asia;animal;1.555555556
pop;clubhouse;3.210526316
nazi;defensive;2.055555556
earth;pole;3.421052632
day;independence;3.473684211
controversy;pitch;2.375
stock;gasoline;3.166666667
composer;Mozart;3.833333333
tone;piano;3.722222222
Paris;chef;2.111111111
bankruptcy;chronicle;2
Lebanon;war;2.722222222
Israel;terror;3.055555556
Angola;military;2.941176471
chemistry;patient;2.357142857
Munich;constitution;3.071428571
piano;theater;3.266666667
poetry;artist;3.8
religion;abortion;2.076923077
jazz;music;4.533333333
government;transportation;3
color;wine;2.533333333
Jackson;quota;1.692307692
boat;Negro;2
Republican;Friedman;2.416666667
politics;brokerage;2.5
Russian;Stalin;3.357142857
Jamaica;Queens;3.076923077
dollar;asylum;1.846153846
bridge;rowing;2.785714286
Berlin;Germany;4
funeral;death;4.714285714
Albert;Einstein;4.266666667
gulf;shore;3.857142857
Ecuador;Argentina;3.266666667
Britain;France;3.714285714
sport;score;3.866666667
socialism;capitalism;3.785714286
treaty;peace;4.166666667
exchange;market;4.266666667
marriage;anniversary;4.333333333
