brazil;nut;1.1
brazil;triple;0.6
cd;aglow;1.8
harvard;yale;5.9
harvard;cambridge;8.1
israel;east;2.1
israel;israeli;8.1
japanese;american;4
jerusalem;israel;8.2
jerusalem;wall;0.3
mexico;brazil;4.4
mexico;puebla;6
opec;saudi;5
palestinian;arab;4.1
wednesday;news;2.6
wednesday;weekday;6.3
yale;haven;1.5
ability;know-how;7.45
abuse;abuse;6.8
abuse;persecution;5.7
accepted;accepted;9.3
accepted;acknowledged;7.4
accepted;believe;4.7
accepted;welcome;4.5
accommodate;accommodate;8.6
accommodate;adjust;4.55
accommodation;accommodation;4.3
accommodation;settlement;5.3
acronym;form;3.6
activity;activity;8.6
activity;inaction;6
admission;confession;2.3
admission;matriculation;5.6
advance;advance;8.1
advance;headway;5.28
advance;propose;2.4
advance;recovery;0.4
advance;string;0.5
advised;inform;7.1
advised;murder;1
affect;affect;7.8
affect;tense;2.2
aged;aged;8.7
aged;develop;2.2
aged;old;8.1
aged;worn;2.9
aged;young;6
aim;cause;5.2
aim;hold;1.8
aim;thing;2.2
airport;airfield;6.75
alcohol;chemistry;3.6
alcohol;sterol;2.85
aluminum;component;2.4
aluminum;metal;8.1
ambush;surprise;4.7
animal;herbivore;5.45
announcement;effort;1
announcement;news;7
announcement;production;0.8
announcement;statement;3.6
announcement;warning;5.4
answering;answering;8.1
answering;counter;4.65
answering;react;4.1
antecedent;cause;5.3
anxiety;worry;7.6
approach;access;3.02
approach;approach;5.9
approach;converge;5.6
arch;curve;6.5
architecture;building;7.2
architecture;century;1.7
architecture;urban;1.4
arch;shoulder;1.8
area;area;6.88
area;space;7.3
arrangement;flower;1.9
arrival;hotel;1.9
artifact;weight;0
ash;bone;2.6
assignment;document;4.9
assimilation;americanization;3.3
assimilation;assimilation;8.5
association;association;3.8
association;realtor;2.4
astronomer;astrophysicist;7.15
asylum;bedlam;2.8
asylum;madhouse;5.75
asylum;shelter;5.7
atmosphere;atmosphere;9.35
atmosphere;landscape;4.94
atmosphere;stp;3
attempt;activity;4
attempt;crime;1.35
attempted;initiate;5.95
attempt;give;2.5
attempt;initiate;4.9
attempt;peace;1.3
attended;attended;8.1
attended;minister;2.75
attitude;guard;2.5
attitude;respect;3.9
automobile;window;0.5
avenue;approach;5.6
avenue;street;7.49
baby;baby;6.55
baby;mother;1.4
baby;treat;1.8
back;lumbar;1.6
back;out;2.8
back;second;2.4
back;side;0.5
bank;bank;4.8
bank;money;2.5
bank;riverbank;3.5
base;air;3.45
baseball;equipment;2.1
base;build;4.2
base;structure;5
basketball;ball;4.95
basketball;tip-off;1
bat;bat;1.55
bat;fruit;1.55
bats;bat;8.25
bats;bats;3
bats;placental;3.6
bat;turn;0.5
beam;beam;5.8
beam;shore;2.3
beam;signal;6
bed;closet;3.05
bed;plant;0.7
bed;platform;2.2
bed;plot;2.5
benchmark;index;2.7
benchmark;point;5
bent;bent;1.7
bent;double;1.6
bent;inclination;6.4
bias;experimenter;3.45
bias;line;0.4
bigger;bigger;8.2
bigger;large;8.25
bird;meat;4.4
bishop;rabbi;4.75
bishop;wine;0.9
bitter;ale;5
bitter;bitter;7.45
bitter;resentful;7.35
bitter;taste;7.2
block;area;3.3
block;block;1.1
block;close;3.8
blow;blow;7.4
blowing;exhale;5.65
blow;insufflate;2.45
blown;blown;4.3
blow;swat;0.7
board;deal;4.45
board;directorate;6.4
book;open;1.9
book;paper;4.9
book;phrase;3.5
book;picture;3.15
booster;advertiser;2.3
booster;advocate;1.6
booster;booster;7.2
bootleg;covering;1.4
bootleg;produce;2.5
bootleg;whiskey;1.6
bore;cut;0.7
bore;flow;1.6
bore;stuff;0.9
bound;boundary;5.7
bound;line;1.6
bound;skirt;1.8
bound;vault;2.1
bow;bow;0.1
bow;knot;2.3
bowling;ball;1.4
bowling;wheel;1.4
bow;yield;2.5
boxing;hit;4.3
boxing;round;1.4
boy;angstrom;1.6
boy;bat;0.55
branching;bifurcation;3
branching;grow;3.2
bread;butter;5.65
bread;cover;0.7
bread;money;2.35
bring;change;2.9
bring;return;5.5
bronze;nickel;7.2
bronze;sculpture;5.5
brother;freemason;2.5
brother;monk;1.1
buck;bill;4.2
buck;horse;1.3
buffer;zone;4.1
bug;defect;7
bug;insect;7.9
burning;burning;6.1
burning;change;1.5
burning;important;0
burnt;burnt;8.5
burnt;treated;1
bury;bury;5.6
bury;hide;6.7
bury;lay;3.75
cabbage;steal;5
cake;dish;5.9
cake;tablet;1.9
calculation;interpolation;4.25
camp;camp;7.7
camp;gathering;3.9
camping;pitch;1.2
capital;assets;5.5
capital;primary;3.7
capital;seed;0.4
car;automobile;8.8
card;card;4.9
card;playing;4.6
card;ration;3.2
card;see;2.6
car;limousine;2.8
carnivore;predator;8.1
carrier;carrier;9.5
carrier;traveler;4.3
carrier;vehicle;3.9
cash;credit;6.1
cast;cast;6.4
cast;gathering;3.25
cast;give;3.1
cast;shoot;2.1
catching;catch;6.3
catching;catching;9.55
catching;discovery;0.7
catching;perceive;1.5
catching;playing;3.5
category;kind;5.05
cat;feline;7.1
cat;man;2
cell;compartment;5
cell;membrane;5.7
cemetery;site;4.67
center;center;6.4
center;central;3.4
center;fiscal;1
center;refer;0.3
center;think;1.7
center;tract;4
century;integer;2
century;nation;1.3
century;year;6.3
challenge;litigate;4.4
challenge;situation;4.4
championship;contest;6.5
championship;tournament;8.1
chance;credibility;2.8
chance;fortune;3.3
chance;ring;1.15
change;attitude;3.3
change;change;9.3
change;relation;2.7
channels;transmission;5.65
channels;transmission;4.55
charcoal;fuel;7
checked;checked;8.8
checked;examine;6.2
chemistry;substance;2.65
child;offspring;6.2
cholera;infectious;6.5
chord;arpeggio;6.25
chord;play;3.7
circulation;circulation;6
circulation;dissemination;3.75
citation;act;1.2
citation;award;3.55
citation;citation;5.3
citizen;national;4.6
clean;dry;4.2
clean;jerk;3.2
clean;remove;6.85
clear;area;1.5
clear;clear;7.3
clear;innocence;4.6
clear;make;2.8
clinic;session;2.2
closed;closed;6.55
closed;state;2.1
closed;up;2.5
closet;clothes;3.9
closet;storage;3.8
closet;toilet;1.8
closing;closing;5.8
closing;finale;4.6
closing;motion;0.6
closing;open;4.3
closing;snap;2.3
coast;forest;3.4
coast;glide;5.05
coast;hill;2.95
coast;shore;7.45
coast;slope;2.3
cock;penis;6
coffee;arab;0.6
cognition;populace;1.7
collect;collect;4.9
collect;due;4.4
collection;archives;5.9
collection;data;6.2
collect;prayer;1.05
collect;scrape;1.8
collect;take;5
colored;black;4.1
colored;black;3.8
colored;grey;7
colors;colors;9.6
colors;emblem;2.6
colors;ensign;2.6
colors;pigment;6.4
combination;scheme;1.6
commit;commit;8.05
commit;vow;3.4
communication;abstraction;2.1
communications;discipline;1.9
communications;transmission;5.9
compact;case;1.9
compact;pack;2.8
compact;packed;4.9
compact;short;3.4
compact;write;1.5
company;company;8.4
company;stock;1.6
competition;price;3.2
competition;relation;2
compound;enhance;0.6
compound;recombine;5.02
compound;whole;4.01
computation;conversion;3.8
computation;procedure;3.4
computer;internet;7.38
computer;keyboard;5.6
computer;number;2.9
computer;platform;4.9
computer;software;7.4
concert;plan;1.1
concert;rock;4.3
concert;virtuoso;3.85
conclusion;assumption;5.25
conclusion;conclusion;8.1
conclusion;judgment;6.7
connect;connect;6.9
constellation;natural;2.6
constellation;topology;1.3
content;collection;5.3
content;disapproval;1.6
content;limit;3.3
convinced;disarm;2.35
cool;air-conditioned;7.75
cool;coldness;4.2
cool;cool;9.8
cool;state;2.2
counter;act;2.8
counter;answer;2.2
counter;equipment;2.7
counter;negative;2.7
country;ally;3.3
country;citizen;4
course;course;7.4
course;stream;2.3
course;workshop;2.8
covering;blanket;3
covering;bootleg;1.4
covering;cloak;3.4
covering;covering;6.85
covering;submerge;2.65
crabs;crab;10
crack;check;2.1
crack;crack;5.5
cracking;crack;8.4
cracking;cracking;8.75
cracking;noise;5.9
cracking;sound;4.7
credit;card;5.3
credit;credit;3.1
credit;information;1.5
credit;money;8.3
credit;ovation;3.9
crew;man;3.4
crisis;emergency;7.5
criterion;condition;6.5
criterion;measurement;3.15
cross;marking;2.55
cross;meet;6.6
cucumber;gherkin;6.8
cucumber;melon;6.5
culture;counterculture;5.1
culture;culture;8.7
culture;grow;1.1
culture;subculture;7.2
cup;artifact;1.9
cup;coffee;2.88
cup;drink;1.1
cup;entity;1.5
cup;food;3.9
cup;liquid;2.8
cup;object;1.8
cup;shape;4.3
cup;substance;0.5
cup;tableware;2.3
curb;bit;2.1
curb;smother;3.55
curb;train;2.2
currency;exchange;5.1
currency;market;5.95
currency;prevalence;1.25
cutting;nip;5
damned;lost;3.15
damned;people;1.8
damned;raise;1.4
dawn;begin;3.8
dawn;hour;3.1
day;morrow;1.2
deaf;people;1.3
death;inmate;2.3
death;organic;2.3
death;row;1.6
deceased;born;5.9
deceased;dead;8
decoration;service;1.1
decoration;set;2.5
decoration;valor;2.35
defeat;disappointment;4.45
defeated;people;2
defeated;upset;4.15
defeat;ending;4.5
defeat;overrun;8.7
defeat;veto;3.5
defense;biological;0.9
defense;defense;8.8
defense;protection;8.5
delay;catch;1.8
delay;delay;9.3
delay;hesitate;5.5
delay;moratorium;2
delay;news;3.1
delay;racism;0
deliver;serve;3.2
demand;call;3.8
demand;claim;5.9
demand;demand;7.65
demand;request;6.1
demand;supply;5.8
demonic;evil;7.6
departure;variation;1.1
deployment;departure;3.5
deployment;redeployment;7.1
deposit;geological;2.6
depression;depression;5.7
depression;state;4.6
derived;derived;8.7
derived;reap;4.4
develop;mental;0.85
development;deepening;3.6
development;elaboration;4.1
direction;combination;2.15
direction;direction;6.5
direction;qibla;2.6
disability;anorgasmia;3.9
disability;death;1.8
disabled;people;1.8
disabled;unfit;5.1
disaster;adversity;5.3
disaster;wave;2.35
discipline;discipline;3.2
discipline;science;3.44
discipline;system;2.35
discovery;breakthrough;7.95
discovery;disclosure;3.1
discovery;space;2.1
display;display;6.28
display;light;3.1
display;model;4.6
display;stick;2.3
ditch;abandon;6.3
ditch;drain;4.2
ditch;waterway;4.8
dividend;calculation;2.9
dividend;numerator;4.2
diving;meet;3.45
diving;one-half;0.3
diving;submerge;5
doctor;nurse;6.35
doctor;personnel;3.3
doctor;primary;1.3
doctor;theologian;5.7
dollar;bill;2.2
dollar;buck;0.5
dollar;dominican;1
dollar;loss;0.75
dollar;profit;4.6
dot;cover;2.15
dot;disk;2.4
dot;dot;0.7
dot;seashore;1
double;hit;3.85
double;hit;0.6
double;multiple;5.65
double;multiple;4.9
draw;draw;5.8
draw;entertainer;2.6
draw;gully;2.3
drawing;drag;3.95
drawing;draw;5.95
drawing;drawing;7.7
drawing;frame;0.6
draw;twitch;1.9
dress;formal;2.1
dress;morning;0
dress;neckline;4.7
dress;wear;7.8
drink;car;2.4
drink;drink;5.6
drink;ear;1.5
drink;eat;5.3
drink;mother;1
drink;mouth;3.6
drink;murder;1.2
drink;turn;1.3
drive;drive;3.9
drive;impulse;4
drive;mechanism;3.6
drive;operate;2
drive;ride;4.4
drop;descend;4.2
drop;drop;8.2
drop;measure;1.4
dropping;dropping;8.3
drop;sink;4.3
drop;teardrop;2.7
drought;time;1.5
drug;abuse;5.3
drug;anesthetic;7.65
dwelling;exist;4.6
earn;murder;0.1
eat;bread;5.75
eat;eat;7.6
ecology;environment;7.6
education;education;8
effects;backdate;1.2
effects;effects;9.9
effects;happen;3.2
effects;repercussion;6.1
effort;liberation;2.05
egg;white;1.4
eliminate;eliminate;7.7
eliminate;out;4.4
emergency;temp;0.5
emphasized;stress;8.4
endeavor;worst;3.4
energy;crisis;0.9
energy;energy;7.4
energy;force;3.5
energy;heat;4.1
energy;laboratory;1.9
energy;secretary;1
entity;abstraction;2
environment;habitat;6.25
equal;differ;5
equal;inadequate;3.7
equality;sameness;7.05
equality;tie;2.3
equal;person;0.6
equipment;maker;2.4
equipment;rescue;0.7
establishment;collectivization;2.7
establishment;establishment;5.95
establishment;institution;7.6
even;change;1.2
even;change;0.3
evidence;identification;4.95
evidence;information;6.85
evidence;notarize;5.15
example;specimen;6.9
exhibit;evidence;4.45
exhibit;exhibit;8.3
exhibit;memorabilia;1.1
exhibit;parade;1.6
exhibit;possess;3.3
exhibit;show;6.8
experience;experience;7.7
experience;inexperience;6.7
experience;life;3.95
experience;suffer;5.35
experience;taste;4.5
extension;expansion;6.2
extension;extension;7.45
eye;look;6.4
fail;choke;2.6
fail;shipwreck;2.4
fair;book;2.2
fair;join;1.8
fair;midway;2.55
fair;moderate;2.7
family;child;4.45
family;family;8.95
family;planning;0.8
famine;irish;1.7
famine;lack;4.4
fast;abstain;5.9
fast;abstain;4.4
fast;fast;2.3
fast;hunger;1.5
fast;sudden;5.6
fauna;avifauna;6.1
fear;fear;9
fear;fearlessness;6.6
fear;panic;8.05
fertility;egg;2.7
fertility;sterility;6.15
fiction;canard;4.45
fiction;fantasy;6.45
field;handle;0
field;play;3.3
field;tract;1.7
fighting;brush;0.2
fighting;fighting;7.7
fighting;resist;5
filled;filled;7.3
film;film;6.95
film;medium;2.9
film;record;7.1
fine;book;0.4
fine;precise;3.75
fingerprint;identification;5
firm;corporation;8.1
firm;hard;7.25
five;forward;0.1
fleet;aircraft;4.3
fleet;fleet;7.6
fleet;line;0.8
fleet;travel;2.6
flight;flight;6.9
flight;shoot;2.2
flight;sortie;4.4
flood;debacle;3.25
flood;fill;3.8
flood;flood;7.2
flood;flow;6.45
flush;age;0.9
flush;down;2.2
flush;even;0.3
flush;good;2
flush;rich;1.6
fly;fly;7.5
fly;travel;5.5
focus;blur;3.5
focus;concentration;7
focus;distinctness;3.9
focus;focus;8.45
focus;life;0.6
focus;think;4
follow;follow;8.5
food;fruit;6.9
food;medium;2
food;preparation;1.9
food;produce;3.1
food;rooster;3.9
football;basketball;2.6
football;soccer;9.2
football;soccer;8.5
football;tennis;5.4
forecast;evaluate;5
forecast;predict;7.9
forecast;prognosis;4.8
forest;biome;5.45
forest;growth;1.85
form;abbreviation;2.4
form;type;7.4
fort;presidio;2.4
forward;bold;1.35
forward;player;2
forward;position;3.9
forward;transport;3.1
found;found;8.8
found;initiate;3
found;wage;0.5
freeing;clear;3.2
freeing;parole;3.75
freelance;work;2.4
fruit;bear;2.55
fruit;product;2.3
fuck;intercourse;4.2
fuck;sex;6.1
fuel;fire;3.2
fuel;supply;5.8
fuel;supply;3.5
full;full;8.4
full;month;2.3
full;whole;7.6
furnace;oil;2.9
furnace;stove;1.35
further;far;4.05
further;promote;2.2
fused;gauge;1.6
fused;united;5.7
gain;account;4.7
gain;gain;8.2
gain;measure;2.85
gain;obtain;7.5
galaxy;collection;3.9
gallery;audience;3.35
game;defeat;2
game;parlay;1.5
game;playoff;4.6
game;round;2.4
game;series;4.85
game;team;3.2
game;victory;3.4
gas;gas;8.4
gas;sewer;2.2
gas;state;1.4
gem;art;0.9
gem;crystalline;5.4
gender;asexual;5
gender;equality;2.15
gen;information;1.7
gig;gig;8.8
gig;harpoon;0.4
glass;magician;1.4
glass;metal;2.2
glass;seidel;1.2
gone;advance;0.95
gone;work;2.8
gore;blood;4.8
gore;cut;2
gore;pierce;3.4
government;crisis;2.55
government;state;5.95
governor;control;4.5
governor;interview;0.95
graduate;confer;1.7
graduate;graduate;8.7
graduate;high;1.35
graduate;instrument;1.2
graduate;receive;0.95
graduate;scholar;6.4
graveyard;field;2.6
greater;greater;8.7
greater;large;7.2
grocery;shelf;1.7
group;biological;0.8
group;meet;3.7
group;vinyl;0.6
hard;fractious;2
hard;hard;8.6
hard;soft;3.4
hardware;weaponry;4
hay;fodder;5.6
healing;better;2.2
health;condition;4.25
health;illness;6.9
heel;follow;2
heel;stack;0.6
height;degree;3.7
hike;increase;7.4
hill;tor;1.95
history;age;5.35
history;recital;2.1
holy;sex;2.6
holy;topographical;1.5
home;away;1.8
home;return;1.85
honest;sincere;8.2
honey;lover;2.7
hooks;catch;1.7
hooks;hand;2.9
hooks;hooks;4.5
hospital;center;3.4
hospital;infrastructure;2
hospital;institution;3.4
hot;calorific;3.8
hotel;reservation;3.25
hot;hot;1.5
hot;violent;1.5
hundred;large;2.6
hundred;percent;4.3
hypertension;cardiovascular;4.5
ice;shelf;3
image;appearance;5.35
image;image;7.8
image;mental;2.05
image;surface;3.6
image;visualize;7.4
impartiality;inclination;2.05
impartiality;interest;3.9
implement;use;8.5
importance;important;5.55
importance;standing;2.7
increased;add;5.8
increased;enhanced;7.8
increased;maximize;6.8
index;list;7.6
index;mass;2.5
index;safety;0.5
industry;enterprise;7.35
industry;growth;3.6
information;confirmation;3.1
information;datum;5
infrastructure;structure;5.5
initial;first;8.09
initial;letter;2.6
inmate;resident;5.7
instability;disorder;4.7
institution;vicariate;2.4
instruction;course;2.5
instruction;recipe;5.3
insurance;car;2.85
insurance;contract;4.2
interest;benefit;2.65
interest;enthusiasm;8.3
intermediate;chemical;2.3
intermediate;moderate;4.2
internet;network;3.6
interview;telephone;1.7
introduction;introduction;9
introduction;opening;5.1
introduction;usher;1.5
investigation;count;4.9
investigation;effort;3.65
investigation;fishing;1.3
investor;earn;3.35
iron;alpha;2.8
iron;iron;2.7
iron;robust;4.45
isolation;alienation;8.5
isolation;solitude;7.05
issue;edit;1.4
issue;edition;7.2
issue;issue;3.65
issue;overriding;2.9
issue;unblock;1.8
jazz;cool;1.4
jazz;neck;0.8
jazz;play;3.6
jewel;person;1.8
journal;association;2.9
journal;writing;5.6
journey;car;3.25
journey;ship;2.6
journey;voyage;7.8
keep;act;2.2
keep;continue;5.2
keep;keep;8.05
keep;stronghold;4.4
keyboard;holder;3.6
keyboard;typeset;7.95
kind;category;5.5
kind;soft;3.25
king;cabbage;1.2
king;queen;5.15
king;queen;4.9
king;rival;1.5
laboratory;region;0.85
lack;exclude;2.2
lad;brother;3.6
lad;child;4
landscape;landscape;8.7
landscape;painting;5.4
landscape;scenery;7.6
language;language;8.4
language;soliloquy;3.3
last;end;5.95
last;last;6.1
last;past;6.05
last;populate;1.5
last;rank;1.7
last;run;4
last;senior;1.8
laundering;change;2.1
laundering;machine;1.75
laundering;wash;6.9
law;joke;2.9
law;mosaic;3.4
lawyer;barrister;6.8
lawyer;evidence;3.65
lay;blow;1.4
lay;song;2.5
learned;discover;4.6
learned;educated;8.3
learned;learned;7.3
learned;scholarly;7.6
left;abandon;5.7
left;dad;1
lesson;admonition;5.1
lesson;tennis;1.8
lever;machine;2.25
lever;open;2.8
library;collection;6.2
library;house;2.6
life;being;3.6
life;experience;3.1
life;lesson;1.8
life;life;6.6
life;term;2.9
lift;aid;0.95
lift;consequence;1.9
lift;lower;4.4
lift;move;2.8
lighter;fuel;1
lighter;heavy;7.1
lighter;lighter;7.9
lighter;match;2.5
light;headlight;4.3
light;light;5.2
light;lighten;3.5
light;smoke;1.4
limb;branch;1
limb;limb;4.05
line;crib;1.1
line;insurance;1
line;lie;3.5
line;line;2
liquid;liquid;4.7
liquid;matter;1.1
liquid;medium;2.6
liquid;water;7.35
listing;category;4.7
listing;organization;1.75
listing;post;3.5
listing;proximity;0.8
listing;sick;1.7
list;position;1.6
list;post;5.2
list;shopping;2
live;people;1.8
lobster;american;0.5
lobster;food;4.4
lobster;wine;2.2
look;eye;3.5
looking;looking;6.9
looking;search;5.6
looking;sightseeing;4.51
look;look;4.2
look;observation;7
look;sparkle;5.75
loss;loss;7.7
loss;reducing;6.65
loss;wastage;4.95
lost;drop;1.95
lost;lost;9.5
lost;people;2.2
lost;sleep;1.8
love;agape;4.2
love;care;4.7
love;like;4.15
love;love;7.3
love;object;0.1
lover;quarrel;2.6
love;sex;3.1
lowering;decrease;7.4
lowering;devalue;7.45
lowering;movement;2.8
lowering;reef;1.3
luxury;car;2.7
madhouse;mental;6
magician;escapologist;4.4
magician;magus;1
magician;wizard;6.1
maker;manufacturer;6.2
man;force;0.2
man;man;6.8
manslaughter;homicide;7.4
manufacture;commercial;3.93
manufacture;up;1.5
man;woman;4.8
mark;broad;2
mark;buoy;1.8
mark;class;1.5
market;black;0.5
market;labor;2.6
market;shop;2.8
market;trade;6.4
mark;mark;3.4
marriage;open;2
marriage;spouse;7.7
married;person;1.7
match;final;5.5
match;look;2.1
match;matchstick;2.35
match;supply;1.9
mature;develop;5.9
mature;mature;8.2
medal;distinguish;1.5
mention;allusion;5.6
mention;comment;6.8
mention;mention;8.3
mention;photograph;0.8
mention;up;3.65
merit;approach;1.5
merit;demerit;4.2
merit;worthiness;4.4
metal;silver;7.45
metal;tombac;2.6
midday;noon;6
middle;central;8.15
middle;middle;8
middle;phase;2.1
middle;put;1.9
mile;kilometer;8.9
milk;draw;1.2
milk;milk;9.4
milk;nutriment;4.3
mind;mind;8.45
mind;recall;4.8
mine;strip;3.15
mine;sulfur;2.3
minister;clergyman;3.7
minister;foreign;3.15
minister;party;5.4
minister;work;2.17
ministry;building;2.3
ministry;culture;1.65
ministry;priesthood;4.95
minority;minor;5.3
minority;peace;1.5
miss;failure;1.3
mock;derision;4.1
mock;tease;7.5
model;kind;4.9
model;ptolemaic;0
model;shape;4.6
mole;spy;4.6
money;bank;4.2
money;cash;2.1
money;currency;7.9
money;deposit;2.5
money;dollar;8.5
money;laundering;2.9
money;operation;0.3
money;pile;0.2
money;possession;1.1
money;property;2.8
money;wealth;6.9
monk;oracle;4.1
monk;religious;7.2
monk;slave;1.5
month;hotel;0.7
month;solar;1.7
month;week;7.5
moon;object;1.5
morality;importance;3.6
morality;inner;3.7
morality;virtue;5.8
morocco;levant;5.15
morocco;moroccan;9.05
motel;motor;0.2
mother;care;4.4
mother;make;0.9
mother;mother;4.3
mother;mother-in-law;5.25
mother;yeast;0.3
motor;agent;0.2
motor;stepper;5.1
motto;catchphrase;5.25
mourning;sadness;7.45
mouth;beak;4.1
mouth;mouth;4.5
mouth;tongue;7.1
movie;approach;1
movie;critic;2.3
movie;popcorn;4
movie;star;1.9
movie;theater;6.5
ms;gulf;0.5
ms;ms;0
murder;manslaughter;7.6
museum;depository;3.3
museum;theater;6
music;project;1.5
music;sound;4.7
narrow;determine;2.17
narrow;limited;5.25
narrow;narrow;7.1
narrow;strait;4.9
nation;foreign;5.7
nation;spanish;5.7
nature;agent;0.8
nature;characteristic;4.4
nature;environment;6.95
nature;man;2.4
nerves;psychological;4.6
network;hardware;5.5
network;network;5.79
network;system;5
network;system;6.2
newspaper;item;1.9
newspaper;publisher;5.1
news;report;6.9
news;update;5.95
nobility;aristocrat;5.7
noon;day;4.1
noon;string;0.3
number;majority;4.9
number;number;7.9
nurse;nurse;3.8
nurse;practical;1.3
nurse;treat;6.2
object;challenge;1.8
object;draw;3.9
object;point;1.6
observation;architecture;1.3
observation;radio;0.9
office;business;4.75
office;printing;0.8
offset;balance;3.5
offset;balance;5.6
offset;compensation;1.9
offset;offset;7.2
oil;oil;7.4
opening;opening;5.6
opening;rift;2.45
opening;up;1.1
opera;industry;1.7
opera;musical;6.55
opera;performance;4.75
operation;action;6.6
operation;operation;6.6
oracle;prophecy;5.17
orchestrated;score;0.5
organism;individual;4.95
organism;system;2.3
oxygen;liquid;2.8
pack;battalion;2.5
pack;fill;2.6
pack;pack;2.1
panorama;position;2.5
paper;paper;5.35
parent;organism;2.3
part;interruption;0.3
part;part;7.4
part;relation;3.3
party;dance;1.2
party;party;1.05
party;union;5.8
pass;accomplishment;2.4
passing;death;1.7
passing;done;2.6
passing;forward;4.8
passing;passing;4.6
passing;run;2.5
pass;leave;5
pass;pass;1.7
patronage;blessing;3.7
patronage;people;4.1
pat;sound;1.3
pat;touch;3.1
payment;repayment;5.4
peace;amity;6.2
peace;atmosphere;1.7
peace;insurance;1.7
peace;plan;2
people;state;4.3
percent;occupancy;3.2
perfect;polish;4.5
perfect;unbroken;3.7
performance;magic;4.8
performance;recital;1.8
personnel;department;3.2
personnel;police;5.1
phone;equipment;5.1
physics;chemistry;8.15
physics;proton;5.55
place;area;3.2
place;delegate;5.75
place;place;6.9
place;siphon;2
plain;knit;2.2
plain;llano;4.9
plain;obvious;3.6
plain;plain;6.65
plain;report;1.9
plain;simple;5.25
plane;car;3
plane;cut;1.37
plan;employee;1
plane;seaplane;3.5
planet;astronomer;5.7
planet;constellation;5.05
planet;follower;1.7
planet;galaxy;4.7
planet;people;1.9
planet;space;3.65
planet;star;6.35
plan;hotel;2.15
planning;draw;6.2
planning;frame;2
plan;plan;9
plan;schedule;8.6
plasma;gamma;1.5
play;curtain;1.05
played;act;3.3
played;die;1.2
play;foul;2.3
play;play;5.69
play;thousand;0.7
poll;homo;1.1
poll;poll;7.4
poll;straw;0.8
poll;vote;8.25
pop;father;0.2
pop;hit;2.75
pop;soft;1.2
population;overpopulation;6.8
possession;criminal;2.35
possession;liabilities;2.9
possession;possession;7
possibility;expectation;3.75
possibility;girl;0.2
potato;vine;2.7
pound;pound;3.25
practice;formalism;3
practice;learn;5.35
practice;practice;8.7
prairie;grassland;3.5
precedent;antecedent;5.6
precedent;civil;1.5
precedent;cognition;3.7
precedent;collection;0.9
precedent;example;4.1
precedent;group;0.9
precedent;information;2.45
precedent;law;4.9
prejudice;bias;6.75
prejudice;recognition;2.2
preparation;smell;2.65
preservation;condition;3.1
preservation;self-preservation;4.5
preservation;world;0.6
president;branch;3.95
president;medal;1.2
president;president;7.9
pressing;part;1.35
pressing;squeeze;2.7
price;cost;8.3
price;mark;1.7
price;price;9.1
principle;hellenism;4.3
principle;principle;9.1
principle;yin;1.4
print;contact;2.3
print;print;6.7
print;produce;4.9
problem;airport;1.1
problem;challenge;7.4
problem;difficulty;7.6
problem;poser;1.5
production;crew;3.05
production;growing;4.75
production;production;6.9
production;theater;3.2
professor;academician;8.1
professor;cucumber;0.2
professor;doctor;3.45
profit;advantage;7.2
profit;fast;0.7
profit;gain;9
profit;loss;4.1
profit;warning;0.9
project;bulge;2.1
projecting;bulge;4.6
projecting;communicate;2.8
projecting;projecting;6.3
project;moneymaker;1.5
project;project;1
prominence;limelight;4.3
promise;betrothal;1.85
promise;declare;3.3
promise;expectation;4
promise;pledge;8.5
promise;promise;8.6
property;possession;3.9
proton;nucleon;8.2
proximity;vicinity;7.4
psychiatry;psychotherapy;6.1
psychology;anxiety;5.45
psychology;clinic;2.6
psychology;cognition;3
psychology;depression;4.3
psychology;discipline;2.1
psychology;doctor;4.8
psychology;fear;3.7
psychology;health;3.25
psychology;mind;5.1
psychology;science;6.4
psychology;science;4.1
quarrel;argue;6.85
queen;insect;1.6
queen;promote;2.1
queen;queen;9.4
quiet;louden;0.5
quiet;order;2.9
rabbi;leader;5.75
rabbi;title;2.15
racism;anti-semitism;7.4
racism;profiling;2.8
racket;enterprise;4.7
racket;noise;2
radio;broadcasting;7.9
raising;bump;4.7
raising;rise;3.1
raising;upbringing;5.2
reading;interpretation;5.4
reading;read;8.15
reading;reading;4.8
reason;criterion;2
reason;explanation;7.02
reason;generalize;4.35
reason;present;1.7
reason;reason;7.3
rebel;soldier;7.3
rebel;young;1.1
recognition;designation;2.9
recognition;recognition;7
recommendation;advice;5.9
recommendation;puff;1
record;number;3.8
record;record;8.7
record;score;2.7
record;write;3.4
recovery;improvement;6.3
recovery;rally;1.95
reduced;abbreviate;4.5
reduced;bated;3.7
reduced;low;4.45
reduced;out;3.75
reduced;reduced;8.5
reduce;reduce;9.4
reduce;simplify;5.55
reduce;slash;5.3
reed;plant;2.3
registration;arrangement;3.95
registration;body;0.1
registration;entrance;2.8
relieve;comfort;4.6
relieve;free;6.6
relieve;relieve;7.1
report;announce;6.45
report;blue;2.85
report;gain;1.1
reservation;fine;2.2
reservation;reservation;3.35
resistance;resistance;8.1
resolution;document;5.1
resolution;physical;1.8
resolution;resolution;9.9
retirement;status;0.95
reverse;gear;3.4
reverse;opposition;3.5
reverse;reverse;9.6
right;position;2
right;proper;3.65
right;water;0
rock;chondrite;0.7
rock;jazz;8.2
rock;limestone;4.6
rock;move;0.5
rock;move;1.8
rock;rock;1.5
rod;rod;2
role;hat;1.8
role;title;4.1
rolling;robbery;0.1
rolling;rolling;3.8
rolling;sound;2.35
romance;intrigue;1.6
romance;love;7.5
romance;quality;1.4
rooster;chicken;6
rose;damask;1
rose;rose;7.3
rose;soar;3.77
rough;crushed;0.7
rough;golf;0.8
rough;rough;5.5
round;ammunition;4.6
round;phase;1.8
round;round;2.3
round;shape;3.95
round;travel;0.9
row;dispute;1.2
row;row;8.2
row;stroke;4.7
row;terrace;1.6
rubber;crepe;2.1
running;dash;0.8
running;leave;2.8
running;running;7.7
running;sprint;4.7
sacrifice;force;1.35
sacrifice;give;3.7
sacrifice;kill;5.9
sacrifice;sacrifice;7.9
sales;divestiture;3.3
sales;income;5.4
sample;example;4.1
satellite;air;4.7
satellite;follower;1.5
satellite;outer;1.9
satellite;solar;5.75
scattered;break;2.3
scattered;disband;4.4
scattered;incoherent;2.6
school;alumnus;2.3
school;center;3.5
school;school;2.9
school;system;2.6
science;virtuosity;2.1
scientist;cosmographer;6
seafood;lobster;2.9
seafood;sea;4.7
sea;measure;0.8
season;dry;3.6
sea;south;1.9
second;back;1.8
second;eye;0.7
second;leap;1.95
second;ordinal;3.4
second;second;5.9
secretary;assistant;5.45
secretary;energy;0.7
secret;confidence;2.78
secret;password;6.9
see;appreciate;3.5
see;diocese;2.35
seeing;recognition;1.9
seeing;seeing;7.49
seeing;visualize;7.6
seepage;exudation;5.6
see;see;6.15
senate;state;3.8
sent;out;4.5
serial;opera;3.55
serial;ordered;1.6
serial;quarterly;1.75
series;broadcast;3.1
series;string;5.5
seven;spot;0.5
sex;class;2.9
sex;distinguish;0.9
sex;foreplay;6.1
sex;sex;3.8
sheet;cover;0.1
sheet;expanse;1.95
sheet;sheet;8.9
sheet;worksheet;7.25
shifting;back;2.1
shifting;move;6.2
shifting;shifting;9.7
shining;work;2.5
shoot;shoot;5.4
shoot;shooting;8.8
shoot;sucker;2.2
shore;arrive;1.1
shore;beam;0.9
shore;bound;2.5
shore;geological;4.3
short;close;1.8
short;diamond;0.6
shot;colorful;2.8
shot;control;1.2
shot;grapeshot;4.9
shot;kill;2.3
shot;shot;7.05
shower;flood;2.9
shower;plumbing;6.75
shower;thunderstorm;3.1
sign;sign;2.6
sign;street;2.5
sign;token;3.9
similarity;law;0
single;base;1.5
single;common;1.7
single;hit;0.9
singles;badminton;3.8
singles;hit;4.6
single;singleton;1.5
singles;tennis;5.1
sit;sit;8.8
situation;element;1.5
situation;isolation;1.1
situation;place;2.45
size;classify;2.5
size;coat;2.7
size;magnitude;6.45
size;prominence;1.7
size;property;551
skin;eye;5.65
skin;free;0.7
skin;skin;9.1
slain;dead;7.8
slain;dead;7
slain;kill;7.5
slave;work;3.7
slave;worker;3.7
slight;dismiss;1.85
slight;insignificant;5.8
slight;silent;1.6
slip;freudian;0.9
slip;move;5.15
slow;gradual;6.2
smart;student;1.3
smashing;blast;5
smashing;hit;7.5
smile;expression;7.1
smoking;emit;3.65
smoking;inhale;6.6
smoking;vaporization;4.8
soap;bribe;2.05
soap;opera;2.8
soap;saddle;1.6
soft;soft;5.95
software;compatible;3.9
sole;single;7.9
solo;activity;3.4
solo;fly;1
solo;musical;4.5
solo;perform;3.7
sounding;depth;1.05
sounding;look;3.1
sounding;measurement;3.2
space;location;5.5
space;put;1.3
space;space;5.25
space;world;4.7
spiral;coiled;5.4
spiral;helix;6.1
splash;noise;2.6
spread;discharge;1.6
spread;disparity;1.9
spread;dispersion;6.6
spread;distributed;5.85
spread;move;4.1
spread;spread;8.75
square;angular;3.95
square;lawful;0.4
square;number;0.9
square;polygon;3.4
square;shape;5.5
square;square;5
stalls;compartment;4.9
stalls;livery;2.05
star;have;0.7
star;path;2.2
star;star;3.1
start;beginning;8.9
starter;starter;9.7
start;get;1.5
start;match;5.1
start;set;0.5
start;start;7.95
start;year;1.8
stated;propose;5.2
stick;limb;3.6
stick;move;1
still;photograph;2.2
still;silence;4
stock;egg;0.3
stock;growth;1.1
stock;life;0.4
stock;market;4.7
stock;merchandise;3.4
stocks;framework;3.3
stocks;stocks;5.9
stock;stock;3.65
stove;heater;7.11
street;avenue;6.65
street;block;0.9
street;child;1.4
street;place;6
street;side;3
striking;conspicuous;4.1
striking;crash;3
striking;impressive;4
string;add;4.65
string;arrange;1.05
string;fingerboard;3.4
string;string;8.35
stroke;hospital;3.9
stroke;strike;2.6
stroke;stroke;1.9
student;professor;4.2
study;examination;6.9
study;learning;7.1
study;review;6.7
study;study;7.3
submarine;sandwich;0.1
subordinate;dog;1.47
subordinate;insubordinate;4.55
subordinate;under;2.4
subordinate;word;3.3
substance;part;2.2
substance;substance;5.5
succeeding;pass;2.2
suffering;enjoy;5.8
suffering;experience;3.3
suffering;pain;8
suffering;suffering;6.5
sugar;approach;1.95
sugar;beet;5.35
sugar;wood;1.5
summer;drought;1.7
summer;nature;3.5
summer;solstice;5.85
summer;time;3.8
sun;lie;0.9
sun;sun;6.9
sun;sunburst;4.95
surface;bubble;4.55
surface;horizontal;5
suspension;lapse;3.5
suspension;suspension;10
sway;power;4.25
tableware;cutlery;6.5
team;group;8.5
team;group;6.3
team;string;0.7
telephone;call;5.8
telephone;communication;3.9
television;broadcasting;7.4
television;color;2.5
television;film;4.6
television;radio;4.7
telling;inform;9
telling;narration;8
telling;warning;4.05
tennis;point;1.9
term;referent;2
term;tenure;7.2
term;term;9.8
territory;africa;4.5
territory;kilometer;5.8
terror;fear;7.75
terror;person;1.1
theater;box;3.85
theater;communication;2.45
theater;history;0.5
thing;situation;3.2
things;situation;1.9
things;things;7.8
thing;thing;8.25
think;expect;5.4
thunderstorm;storm;8.65
ticket;pass;2.8
ticket;tag;3.2
ticket;ticket;5.7
tiger;animal;1.9
tiger;carnivore;7.4
tiger;cat;6.6
tiger;fauna;5
tiger;feline;3.9
tiger;organism;2.2
tiger;person;2.3
tiger;tiger;2
tiger;zoo;1.4
tool;implement;5.6
tool;means;6.7
topping;pass;2.4
tops;crown;3.5
tops;pass;3.16
tops;tops;1.15
touched;hit;3.1
touching;perceive;4.2
touching;stroke;4.24
touching;stroke;3.7
tournament;universe;1.6
trace;mark;2.5
trace;support;2.3
trading;short;1.4
trading;trading;8.4
trading;traffic;2.7
traffic;commerce;1.5
traffic;trade;5.6
traffic;trade;0.5
traffic;traffic;8.3
train;car;5.55
train;train;9.2
travel;activity;1.2
travel;gravitation;1.7
travel;tour;6.55
travel;travel;8.8
travel;walk;4.75
treatment;dealing;4.4
treatment;recovery;5.2
trench;approach;1.3
trick;deceive;8
trick;shift;0.7
troops;daze;0.5
troops;hostile;2.7
troops;march;5.5
troops;troops;8.7
trouble;perturbation;3
trouble;point;2.7
trouble;trouble;9.15
twist;development;2.1
twist;interpretation;2.7
twist;move;4
twist;twist;4.2
type;adult;0.2
type;identify;1.3
type;kind;8.45
type;version;6.65
type;write;7.3
uniform;jump;2.6
upgrade;better;5.35
upgrade;upgrade;8.4
upset;afflict;3.2
upset;agitation;6.65
upset;disturbance;5.5
upset;touch;0.6
upset;troubled;8.6
upset;upset;9
use;application;6.4
use;consume;8.3
used;use;6.65
used;used;8.1
use;functional;2.9
use;out;1.6
usual;familiar;5.2
vanished;vanished;8.65
variation;activity;1.9
variation;change;5.15
variation;variation;6.4
vector;line;1.7
vector;radius;3.6
victim;emergency;1.5
victory;ending;3.1
video;videotape;4.2
viewer;serial;2.4
violate;drop;2.4
virtuoso;musician;5.35
vision;imagination;6.2
vodka;brandy;2.45
vodka;gin;6.9
vodka;screwdriver;6.7
void;invalid;5.9
void;nonexistence;5.7
void;validate;1.8
volunteer;act;2.7
volunteer;inform;3.75
volunteer;worker;4.9
voyage;journey;9.05
voyage;water;2.1
waking;sleeping;5.8
waking;waking;8.4
walking;accompany;1.5
walking;locomotion;6.7
walking;wade;4.7
walking;walking;7.25
wandering;about;2.5
wandering;stray;8.2
wandering;travel;6.4
war;battle;9.08
war;hostility;5.6
warning;example;1.6
warning;strategic;2.05
war;peace;6
war;troops;7.2
wash;color;1.9
wash;laundering;4
wash;serve;1.9
wash;shampoo;5.1
water;lake;5.95
water;perspiration;3.5
water;seepage;3.9
water;supply;2.2
water;water;7.4
water;wet;5.16
ways;shipyard;2.4
ways;ways;8.65
weak;diluted;5.1
weakening;decrease;4.6
weakening;transformation;2.45
weakening;weakening;8.75
weak;flimsy;5
wealth;abundance;6.8
weapon;mass;1.2
weapon;persuasion;4.4
weapon;secret;0.8
weather;forecast;4.8
weather;precipitation;5.35
welsh;brythonic;4.7
wet;dry;7.3
wet;wetness;8.05
white;bleach;5.1
white;light-skinned;5.7
white;white;5.3
white;woman;0.5
wine;dark;1.9
wine;delaware;0.1
withdrawal;bank;3.85
withdraw;retrograde;3.7
withdraw;withdraw;9.05
woman;female;9
wood;forest;2.8
wood;growth;0.9
woodland;silva;2.2
wood;red;2
word;similarity;1.95
word;statement;1.5
word;word;8.35
workings;drive;2.5
workings;excavation;2.9
workings;mechanism;7.9
workings;workings;8.9
world;chow;0.6
world;order;1.5
worst;evil;6.4
worst;poor;2.5
worst;result;2.4
wounded;people;1.4
wrong;FALTSUA;8.45
wrong;improper;7.6
wrong;injury;1.8
year;y2k;4.3
yielding;assent;1.1
yielding;change;2.9
yielding;open;3.3
yielding;yielding;7.55
zoo;facility;3.6
hard;zoo;0.4
commerce;undertaking;1.7
enthusiasm;effort;1.7
claim;chemistry;1.3
subculture;rock;3.3
bank;smell;1
standing;siphon;0.3
seaplane;answer;0
mosaic;industry;1.4
advice;retail;1.5
smoking;blowing;3.2
follow;recital;2
boy;deepening;1.2
holder;plan;3.5
subordinate;system;1.5
movie;credence;0.1
bundle;deceive;0.9
sugar;building;0.1
attitude;directorate;3.7
journal;gallery;3.3
short;clothes;3
morality;overlook;1.4
lesson;explanation;4.6
tableware;communications;3.4
trouble;happening;2.3
room;obvious;0.7
pile;boy;1.4
relearn;noon;1
precedent;ration;3.72
express;anagram;1.3
fiction;insane;2.15
awake;rose;2.7
sounding;conclusion;5.3
lamb;number;1.4
fingerprint;football;0.5
arpeggio;paper;2.05
commit;damask;0.6
mutiny;landscape;1.2
enclose;mute;3
foundation;develop;3.6
spouse;ship;2.02
marking;poll;2.4
hotel;kill;0.5
opera;female;1.5
jazz;bedlam;2.5
trading;done;0.9
nonprofessional;grazed;1
extort;school;0.5
efferent;brave;0.5
ash;psychology;0.6
man;credit;1.4
place;artifact;2.5
crash;hurl;5.1
child;middle;1
asian;agent;0.2
arrangement;longing;1.1
glide;day;2
coast;lay;2.95
damask;colors;2.1
enterprise;mention;1.5
subordinate;operation;3
player;slave;1.2
air;plasma;3.6
bold;leader;3.45
crab;manufacturer;0.2
intolerable;ammunition;0.6
act;improvement;1.72
stocks;grieve;1.05
hailstone;degree;1.4
betrothal;morning;0.1
up;issue;1.6
week;believe;1
liberation;considered;3.26
box;return;0.8
framework;wind;0.7
black;confession;0
rank;soap;2.1
secretary;dog;0.1
placental;kick;1.2
abuse;access;0.8
perceive;formation;1.6
circulation;medal;1.5
chondrite;zoo;0.6
march;bat;0
vine;space;0.6
clergyman;playing;0.9
parole;gauge;2.45
car;scan;0
protest;disabled;1.6
covering;criterion;0.9
zoo;panorama;0.3
formation;perform;1.3
reduce;astronomer;0.1
calorific;settlement;0.4
suspension;desk;1.1
examine;similarity;2.5
school;welsh;2.1
indirect;mosaic;0.5
compel;course;2.6
prepared;broadcast;2.1
ask;quality;2.5
dissemination;stabilize;3.6
train;chondrite;0.1
lawyer;conference;3.3
void;impermanent;2.5
educated;backward;0.7
person;abstain;2
word;fishing;0.2
ring;emblem;1.1
automobile;solemnize;1.3
fertility;liquidate;0.7
spouse;breakthrough;0.5
union;anxiety;0.4
education;combination;0.8
majority;report;2.25
dealing;damage;0.4
found;last;1.3
suffer;transmission;0.5
prejudice;president;1.3
insect;frame;0.4
resident;ministry;1.8
likeness;constitute;2.4
mechanism;stabilize;1.4
patterned;professor;0.75
ways;prepare;2.45
demonic;full;1.5
wet;damned;1.65
promise;distinguish;2.45
english;biome;2
basketball;integer;1.2
examine;skin;1.3
asylum;gem;1.2
reading;artifact;1.7
music;lowering;0.9
standing;sprint;1.95
difficulty;brandy;0.5
lip;nearness;3.1
blessing;deal;1
role;nonexistent;0.7
imperative;aluminum;0.75
vanished;mocha;0.1
sauce;remove;1.4
acronym;living;0.2
exclude;assets;1
support;living;2.7
holy;succeeding;1.7
admonition;calmness;4.3
hard;investigation;0.8
lesson;basketball;1.1
resistance;healing;2.3
interest;possess;2.1
male;tongue;2.4
hypertension;call;2.6
clean;gully;0.3
lowering;wall;2
ball;situation;2.2
century;position;0.7
flap;credit;0.8
beet;rank;0.7
arafat;peace;3.5
arafat;terror;2.72
