computer;keyboard;7.62
jerusalem;israel;8.46
planet;galaxy;8.11
canyon;landscape;7.53
opec;country;5.63
day;summer;3.94
day;dawn;7.53
country;citizen;7.31
planet;people;5.75
environment;ecology;8.81
opec;oil;8.59
money;bank;8.5
computer;software;8.5
law;lawyer;8.38
weather;forecast;8.34
network;hardware;8.31
nature;environment;8.31
fbi;investigation;8.31
money;wealth;8.27
psychology;freud;8.21
news;report;8.16
war;troops;8.13
physics;proton;8.12
bank;money;8.12
stock;market;8.08
planet;constellation;8.06
credit;card;8.06
hotel;reservation;8.03
closet;clothes;8
soap;opera;7.94
planet;astronomer;7.94
planet;space;7.92
movie;theater;7.92
treatment;recovery;7.91
baby;mother;7.85
money;deposit;7.73
television;film;7.72
psychology;mind;7.69
game;team;7.69
admission;ticket;7.69
jerusalem;palestinian;7.65
arafat;terror;7.65
boxing;round;7.61
computer;internet;7.58
money;property;7.57
tennis;racket;7.56
telephone;communication;7.5
currency;market;7.5
psychology;cognition;7.48
seafood;sea;7.47
book;paper;7.46
book;library;7.46
psychology;depression;7.42
movie;star;7.38
hundred;percent;7.38
dollar;profit;7.38
money;possession;7.29
cup;drink;7.25
psychology;health;7.23
summer;drought;7.16
company;stock;7.08
stroke;hospital;7.03
liability;insurance;7.03
game;victory;7.03
psychology;anxiety;7
game;defeat;6.97
fbi;fingerprint;6.94
money;withdrawal;6.88
psychology;fear;6.85
drug;abuse;6.85
concert;virtuoso;6.81
computer;laboratory;6.78
love;sex;6.77
problem;challenge;6.75
movie;critic;6.73
arafat;peace;6.73
bed;closet;6.72
lawyer;evidence;6.69
fertility;egg;6.69
precedent;law;6.65
minister;party;6.63
psychology;clinic;6.58
cup;coffee;6.58
water;seepage;6.56
government;crisis;6.56
space;world;6.53
dividend;calculation;6.48
victim;emergency;6.47
luxury;car;6.47
tool;implement;6.46
competition;price;6.44
psychology;doctor;6.42
gender;equality;6.41
listing;category;6.38
video;archive;6.34
oil;stock;6.34
governor;office;6.34
discovery;space;6.34
record;number;6.31
brother;monk;6.27
production;crew;6.25
nature;man;6.25
family;planning;6.25
disaster;area;6.25
food;preparation;6.22
preservation;world;6.19
movie;popcorn;6.19
lover;quarrel;6.19
game;series;6.19
dollar;loss;6.09
weapon;secret;6.06
shower;flood;6.03
registration;arrangement;6
arrival;hotel;6
announcement;warning;6
game;round;5.97
baseball;season;5.97
drink;mouth;5.96
life;lesson;5.94
grocery;money;5.94
energy;crisis;5.94
reason;criterion;5.91
equipment;maker;5.91
cup;liquid;5.9
deployment;withdrawal;5.88
tiger;zoo;5.87
journey;car;5.85
money;laundering;5.65
summer;nature;5.63
decoration;valor;5.63
mars;scientist;5.63
alcohol;chemistry;5.54
disability;death;5.47
change;attitude;5.44
arrangement;accommodation;5.41
territory;surface;5.34
size;prominence;5.31
exhibit;memorabilia;5.31
credit;information;5.31
territory;kilometer;5.28
death;row;5.25
doctor;liability;5.19
impartiality;interest;5.16
energy;laboratory;5.09
secretary;senate;5.06
death;inmate;5.03
monk;oracle;5
cup;food;5
journal;association;4.97
car;flight;4.94
space;chemistry;4.88
situation;conclusion;4.81
word;similarity;4.75
peace;plan;4.75
consumer;energy;4.75
ministry;culture;4.69
smart;student;4.62
investigation;effort;4.59
image;surface;4.56
life;term;4.5
start;match;4.47
computer;news;4.47
board;recommendation;4.47
lad;brother;4.46
observation;architecture;4.38
coast;hill;4.38
deployment;departure;4.25
benchmark;index;4.25
attempt;peace;4.25
consumer;confidence;4.13
start;year;4.06
focus;life;4.06
development;issue;3.97
theater;history;3.91
situation;isolation;3.88
profit;warning;3.88
chance;credibility;3.88
precedent;information;3.85
architecture;century;3.78
population;development;3.75
stock;live;3.73
peace;atmosphere;3.69
morality;marriage;3.69
minority;peace;3.69
atmosphere;landscape;3.69
report;gain;3.63
music;project;3.63
seven;series;3.56
experience;music;3.47
school;center;3.44
five;month;3.38
announcement;production;3.38
morality;importance;3.31
money;operation;3.31
delay;news;3.31
governor;interview;3.25
practice;institution;3.19
century;nation;3.16
coast;forest;3.15
shore;woodland;3.08
drink;car;3.04
president;medal;3
prejudice;recognition;3
viewer;serial;2.97
peace;insurance;2.94
mars;water;2.94
precedent;cognition;2.81
announcement;effort;2.75
line;insurance;2.69
crane;implement;2.69
drink;mother;2.65
opera;industry;2.63
volunteer;motto;2.56
listing;proximity;2.56
precedent;collection;2.5
cup;article;2.4
sign;recess;2.38
problem;airport;2.38
reason;hypertension;2.31
direction;combination;2.25
wednesday;news;2.22
glass;magician;2.08
cemetery;woodland;2.08
possibility;girl;1.94
cup;substance;1.92
forest;graveyard;1.85
stock;egg;1.81
month;hotel;1.81
energy;secretary;1.81
precedent;group;1.77
production;hike;1.75
stock;phone;1.62
holy;sex;1.62
stock;cd;1.31
drink;ear;1.31
delay;racism;1.19
stock;life;0.92
stock;jaguar;0.92
monk;slave;0.92
lad;wizard;0.92
sugar;approach;0.88
rooster;voyage;0.62
noon;string;0.54
chord;smile;0.54
professor;cucumber;0.31
king;cabbage;0.23
