Human;PubMed-and-PMC-w2v__tok-whitespace_lc_sw-nltk2018stopwords_cf-default_ner-none_Sum;PubMed-and-PMC-w2v__tok-whitespace_lc_sw-biosses2017stopwords_cf-default_ner-none_Sum;PubMed-and-PMC-w2v__tok-whitespace_lc_sw-nonestopwords_cf-default_ner-none_Sum
3.5;0.9769282459399147;0.9769282459399147;0.9808142412116557
2.5;0.9243764540188429;0.9243764540188429;0.9154913138488455
3.45;0.890637269818104;0.890637269818104;0.913274314891005
4.0;0.9529229459914567;0.9529229459914567;0.9659511081850511
3.0;0.8210615504503211;0.8210615504503211;0.864727362815024
2.0;0.7031111739183935;0.7031111739183935;0.7519069670595553
2.5;0.9258961487098527;0.9258961487098527;0.9553543339574121
3.0;0.8261083123460413;0.8261083123460413;0.8300386999072068
0.0;0.40507526100536234;0.40507526100536234;0.7024967580669448
2.5;0.7390779604243857;0.7390779604243857;0.7451257686148827
3.0;0.9621856473226105;0.9621856473226105;0.9742956703427395
0.5;0.5710220606384175;0.5710220606384175;0.7867967441785542
3.0;0.8849751560447829;0.8849751560447829;0.9226471887016954
4.1;0.9532640564760049;0.9532640564760049;0.9651299922576868
3.5;0.9259029234746182;0.9259029234746182;0.9352595065235834
4.0;0.9879773407151269;0.9879773407151269;0.9893481573371283
2.5;0.8885256400912266;0.8885256400912266;0.9126049247788901
4.0;0.9904631822806895;0.9904631822806895;0.9894267757716392
4.0;0.9659357856090894;0.9659357856090894;0.9739649018050359
4.1;0.9318826256671948;0.9318826256671948;0.9568573834753221
4.0;0.9390381541803554;0.9390381541803554;0.940068813807205
3.0;0.9670462420508041;0.9670462420508041;0.9690302842918855
4.0;0.9731932803790275;0.9731932803790275;0.966755528032262
3.0;0.9219658221611;0.9219658221611;0.9091284187755614
4.5;0.9933722791004177;0.9933722791004177;0.9898108014850433
3.5;0.9178308290440671;0.9178308290440671;0.9123685563131633
3.5;0.6436435711047983;0.6436435711047983;0.7477183511475548
3.0;0.9685918425869374;0.9685918425869374;0.9691355335880137
3.5;0.9877196246250665;0.9877196246250665;0.9887061249947658
4.0;0.9966935908948142;0.9966935908948142;0.9978141402569496
4.0;0.994631159360693;0.994631159360693;0.995908935541619
4.0;0.9984739044235561;0.9984739044235561;0.9902253604950385
3.0;0.874331022987353;0.874331022987353;0.8838996700007102
2.5;0.9596947081993487;0.9596947081993487;0.9636966590783501
2.5;0.8186962050044119;0.8171987101321873;0.8901358952472472
3.0;0.9445599923816244;0.9445599923816244;0.9417048968950377
0.0;0.3138777910710394;0.3138777910710394;0.5549789650261415
4.25;0.9404615856257801;0.9404615856257801;0.954626108200676
3.0;0.7843938166881558;0.7843938166881558;0.8535077129760481
3.0;0.828681511509138;0.828681511509138;0.8480051523744784
4.0;0.9511296583492753;0.9511296583492753;0.8982892100218673
0.0;0.5842694093531985;0.5842694093531985;0.7469142694269088
3.5;0.8673868362311926;0.8673868362311926;0.9156765741417694
1.0;0.6383719446780839;0.6186493331600877;0.728815062839822
0.0;0.3550382144702628;0.3550382144702628;0.6488049084965689
1.5;0.8140908328297579;0.8140908328297579;0.8435050000410168
3.6;0.8433301968431887;0.8433301968431887;0.9016117943501648
3.0;0.9374144214053726;0.9374144214053726;0.941173574270046
3.0;0.92014666626912;0.92014666626912;0.9236108698137586
5.0;0.9784913896770553;0.9784913896770553;0.9835474180013517
3.5;0.829347196951173;0.829347196951173;0.8778204335872701
0.0;0.4649659742106295;0.4649659742106295;0.696388859883911
4.0;0.8996663004345156;0.8996663004345156;0.8753918782405578
4.5;0.9732594875186908;0.9732594875186908;0.97845455112888
3.0;0.9452548361566834;0.9452548361566834;0.9539273813460365
3.5;0.9489986162830135;0.9489986162830135;0.9491229401885997
4.0;0.973990983621209;0.973990983621209;0.9766493526698337
3.0;0.9246609139362819;0.9246609139362819;0.9302842576635298
3.0;0.9006155663184527;0.9006155663184527;0.8811094209087059
3.5;0.9270089409096595;0.9270089409096595;0.8992913920495251
2.5;0.8110331653075149;0.8110331653075149;0.8529905116594833
3.5;0.9575089737911918;0.9575089737911918;0.9720714371594343
3.5;0.6514558336953687;0.6514558336953687;0.7982708195926729
3.0;0.9477837364882357;0.9477837364882357;0.9500680884156029
4.5;0.9360621415124605;0.9360621415124605;0.821970146696407
2.5;0.7351264623720146;0.7258448700616735;0.8438231447934817
3.5;0.8280225626790995;0.8280225626790995;0.8316686170410333
3.0;0.9375652806340966;0.9375652806340966;0.9371822948041156
2.5;0.9214523304103315;0.9214523304103315;0.9273265452878522
4.0;0.9218823853358383;0.9218823853358383;0.9177055248377816
3.5;0.96693018639023;0.96693018639023;0.9661059470415524
3.5;0.7517781367588633;0.7517781367588633;0.8397547720267958
3.0;0.9242365833826702;0.9242365833826702;0.9558266193153389
2.5;0.9716699468359243;0.9716699468359243;0.9747203798313853
4.0;0.9437335029869707;0.9437335029869707;0.96332093254695
3.5;0.7343350507358681;0.8112185177486824;0.8983297771030422
2.5;0.7213930776886074;0.7172047324892592;0.7071154667480682
2.5;0.94576829844749;0.94576829844749;0.9512572712254911
5.0;0.978743134248103;0.978743134248103;0.9698872030400485
4.25;0.9109900544025109;0.9109900544025109;0.9544780277020591
2.5;0.8314854653057284;0.8314854653057284;0.8823825604606639
2.95;0.9317272578118189;0.9317272578118189;0.949070702551111
3.0;0.9315436019673566;0.9315436019673566;0.9570565667370273
3.45;0.9396673685520438;0.9396673685520438;0.9492768945421912
2.5;0.9390180043453005;0.9390180043453005;0.9448173175494926
0.5;0.821324812744257;0.821324812744257;0.842735922470947
4.5;0.7399843864937166;0.7399843864937166;0.8521996019410527
2.0;0.6769311052912911;0.6769311052912911;0.6859189358477958
2.0;0.7948594688645829;0.7901171403548162;0.8107796425397036
3.5;0.9831318275294822;0.9831318275294822;0.9915446478924496
3.5;0.9547456683546912;0.9547456683546912;0.9560980755671876
4.0;0.9189143693432787;0.9189143693432787;0.9713483086494373
3.5;0.9807788288594231;0.9807788288594231;0.9729666672691162
4.0;0.9690663933724696;0.9690663933724696;0.9740207510049497
2.5;0.6265424441062556;0.6429811258172247;0.825066079060678
3.0;0.915122574610491;0.915122574610491;0.9284590309871524
3.0;0.8712612061458765;0.8712612061458765;0.8720802429321293
3.0;0.714252900448502;0.714252900448502;0.8153463897436336
1.0;0.5543051905087728;0.5543051905087728;0.6600653722710962
2.0;0.8440348599165556;0.8440348599165556;0.8770707396461495
2.0;0.5422373158609539;0.5422373158609539;0.7795017861612721
4.5;0.9788817901539352;0.9788817901539352;0.9821252715419503
4.0;NaN;NaN;NaN
3.0;0.9839227929871452;0.9839227929871452;0.9820703553125943
3.0;0.9363960580824198;0.9363960580824198;0.9638060399556088
4.15;0.879613447887535;0.879613447887535;0.9155341430646625
2.5;0.8542025227800873;0.8542025227800873;0.8524085686958358
3.5;0.9139580526526973;0.9139580526526973;0.909807660663695
4.0;0.7712182354283766;0.8018389674243205;0.8337497451898368
5.0;0.9835845124149448;0.9835845124149448;0.9497866725158136
4.8;0.9921679728428311;0.9921679728428311;0.9941935424802207
0.0;0.12172242637915698;0.12172242637915698;0.35276513557944433
4.6;0.9332766251382342;0.9332766251382342;0.9540009176219741
3.0;0.8327307688921911;0.8243934638805925;0.8495728715454692
2.7;0.8359056139035098;0.8359056139035098;0.8713855733079727
3.6;0.9732901996144446;0.9732901996144446;0.9759438540125569
3.75;0.9667772467686789;0.9667772467686789;0.971277278081678
3.65;0.867219629318208;0.867219629318208;0.8936546255970671
0.0;0.5720991758793461;0.5720991758793461;0.7418131032890136
3.0;0.8585531394905154;0.8585531394905154;0.9035233691679367
4.75;0.9599012323487983;0.9599012323487983;0.9216299852337854
3.6;0.9912662636239729;0.9912662636239729;0.9931532159484725
3.5;0.9398286489422277;0.9398286489422277;0.958527746993389
2.75;0.8904860699413577;0.8904860699413577;0.9101602327512859
5.0;0.9626927701597175;0.9626927701597175;0.9451980895096991
4.0;0.8542547256801017;0.8683825844389884;0.8736844092106864
3.0;0.8126593068113601;0.8126593068113601;0.7793186367953376
3.5;0.9124216334592902;0.9124216334592902;0.9117158513238411
3.35;0.9293376570906579;0.9293376570906579;0.9461201195183739
3.2;0.9145367128980179;0.9145367128980179;0.9182714325086344
3.6;0.7858491242945214;0.7858491242945214;0.879135416176124
3.75;0.9020052380074834;0.9020052380074834;0.9294008693977974
4.0;0.9777317151419418;0.9777317151419418;0.9864797821291016
3.75;0.9474461241318886;0.9474461241318886;0.9566250778125984
3.5;0.950112719626967;0.950112719626967;0.9702030451712871
3.5;0.9565362786863927;0.9565362786863927;0.9549483453053172
4.25;0.9645473096404751;0.9645473096404751;0.9801168305020619
0.0;0.4462929822854803;0.4462929822854803;0.6497026365212802
3.5;0.9285211820294185;0.9285211820294185;0.9435103760050246
2.75;0.7898858795517191;0.7898858795517191;0.8634902951520326
5.0;0.9576208908919273;0.9576208908919273;0.9624838298105687
3.75;0.9609517067240906;0.9609517067240906;0.9688204674231686
3.45;0.94167795698143;0.94167795698143;0.9565814999021052
3.0;0.9832500615305555;0.9832500615305555;0.9817582704603774
2.25;0.6345881114892643;0.6345881114892643;0.7642067909086596
3.25;0.7247336749388607;0.7247336749388607;0.8041795881408381
4.2;0.8461201433192828;0.8461201433192828;0.8720494741398402
4.25;0.9766002209621232;0.9766002209621232;0.9766463063027822
4.4;0.9782702033809145;0.9782702033809145;0.9761266958776399
2.5;0.9263243704779228;0.9263243704779228;0.9222773630553684
1.75;0.6420789498798896;0.6420789498798896;0.6843026526453058
3.5;0.9227991367415436;0.9227991367415436;0.9360301068658525
3.5;0.9646237703601164;0.9646237703601164;0.9712035412851954
5.0;0.987650009650212;0.987650009650212;0.982653672325311
3.95;0.9322063957875049;0.9322063957875049;0.9413412165138485
3.5;0.8950712731030155;0.8950712731030155;0.9259799067488407
3.25;0.7604269657392028;0.7604269657392028;0.8031023950099837
4.5;0.8835402482982437;0.8835402482982437;0.9140920160705892
0.0;0.74222820286668;0.74222820286668;0.798891486834109
3.1;0.9344166132911762;0.9344166132911762;0.932138744422369
3.5;0.9543746806853414;0.9543746806853414;0.9582916374804354
4.25;0.9851781212774328;0.9851781212774328;0.9881929623435348
2.75;0.746243751535358;0.7556720312877567;0.8418577657584441
3.5;0.7439408815324615;0.7439408815324615;0.8390482751191992
4.5;0.9608133431273694;0.9608133431273694;0.9855297274082263
3.5;0.9627204716401223;0.9627204716401223;0.9688555925250274
2.9;0.8422638997725034;0.8422638997725034;0.908145759725739
3.0;0.97335034230782;0.97335034230782;0.9526567794810153
3.0;0.9574236902707932;0.9574236902707932;0.9605012296504993
3.0;0.8183678813859774;0.8183678813859774;0.8401292962226073
4.0;0.7839882815935958;0.7749389157920452;0.8594922644359826
0.0;0.15842099614147007;0.15842099614147007;0.49012293986287175
3.75;0.9134403562927232;0.9134403562927232;0.9381564995802852
3.0;0.9841126743401949;0.9841126743401949;0.9876612992255784
2.5;0.8042219006593665;0.8042219006593665;0.8190901044389631
3.5;0.9634733356819982;0.9634733356819982;0.9692023436902563
4.0;0.8536393579163366;0.8536393579163366;0.8767804337229929
4.5;0.914241998141746;0.914241998141746;0.9188367634018542
3.5;0.9729747761147967;0.9729747761147967;0.9658179387669318
2.5;0.8448098348914683;0.8448098348914683;0.8632217650654506
3.75;0.9794724901930004;0.9794724901930004;0.9834603336048526
3.5;0.8695877629104964;0.8695877629104964;0.9117805139335843
3.0;0.9394056018326882;0.9394056018326882;0.9413739828090191
3.9;0.9229059251240715;0.9229059251240715;0.9041137081454048
3.25;0.8598497236348445;0.8598497236348445;0.9094453607626802
3.75;0.9917033765101008;0.9917033765101008;0.9925466355747805
3.4;0.7977095433989777;0.7977095433989777;0.8666770841508864
4.75;0.9581343246126441;0.9581343246126441;0.9738028194827106
3.5;0.9284813891977692;0.9284813891977692;0.9508308692444969
3.75;0.6142385975782334;0.6142385975782334;0.7705516106623375
3.25;0.8711168739079997;0.8711168739079997;0.9318969183588155
0.5;0.552639511695977;0.5297168798921168;0.6887761742207382
0.5;0.7398127249233076;0.7398127249233076;0.7428215262858912
3.75;0.9487988006503177;0.9487988006503177;0.9493021082997577
3.25;0.9731932803790275;0.9731932803790275;0.966755528032262
2.5;0.6530832973453132;0.6530832973453132;0.7057497887309949
4.95;0.9704065483636714;0.9746372011258719;0.9804340269195644
0.0;0.43519623350944225;0.43282816317120565;0.7252347503488086
3.4;0.9712371172629183;0.9712371172629183;0.9756993278073207
3.0;0.9545895612519053;0.9545895612519053;0.9585841597653915
3.5;0.8508001599425513;0.8487478681006059;0.9016701654106484
4.25;0.9580436940597172;0.9580436940597172;0.9630229421021761
3.0;0.9966836677217371;0.991457714135316;0.9879974822043551
3.9;0.9597119953453499;0.9597119953453499;0.9662009243191403
3.25;0.7505294330903232;0.7505294330903232;0.81354670712831
3.0;0.60415373159355;0.60415373159355;0.7733904560816042
3.5;0.9371832922579684;0.9371832922579684;0.9347014240581734
3.25;0.9022201978742397;0.9022201978742397;0.9062467329853446
4.45;NaN;NaN;NaN
1.5;0.7430110686190515;0.7430110686190515;0.8381043654146377
3.0;0.7591360430574912;0.7591360430574912;0.9014963884141578
3.25;0.9576655890919556;0.9576655890919556;0.9620709360217062
3.9;0.9760676099223674;0.9760676099223674;0.9757266892375502
2.9;0.8868100351541798;0.8868100351541798;0.9228212091629612
2.0;0.4355461781298469;0.4355461781298469;0.5469956495145647
3.75;0.9080051857749412;0.9080051857749412;0.9443607340210941
3.0;0.9635785945420384;0.9635785945420384;0.9631201592482207
3.0;0.8833411085804198;0.8833411085804198;0.9215944323925758
1.5;0.5674438911229462;0.5674438911229462;0.6990569464233738
2.4;0.8307857592961153;0.8307857592961153;0.8490542206732963
3.0;0.9264872941686905;0.9264872941686905;0.9517440547623306
0.0;0.2828152361227304;0.2828152361227304;0.39418505800611264
3.5;0.8961325088723201;0.8961325088723201;0.8961123053625517
3.5;0.9858546184114861;0.9858546184114861;0.9874427004351881
3.75;0.9386259474146933;0.9386259474146933;0.9375562172690395
4.9;0.9934609578554982;0.9934609578554982;0.9951697202607467
1.25;0.7776632433822682;0.7902438228483538;0.8456560890146493
3.0;0.9477982322541461;0.9477982322541461;0.9564998812963604
3.75;0.7801653054641967;0.7801653054641967;0.869731186751648
2.0;0.5091702163753682;0.5091702163753682;0.5499652760834051
3.0;0.9063086466044308;0.9063086466044308;0.9152357711866145
3.0;0.6842183958624733;0.6842183958624733;0.7814267305669811
2.1;0.7308653956474914;0.7308653956474914;0.7751506245171919
3.0;0.7206474167341059;0.7206474167341059;0.8071594923633358
1.5;0.5564250996068012;0.5564250996068012;0.7425036264822685
4.75;0.8574118908210626;0.8574118908210626;0.847114219725349
3.6;0.8102391887548893;0.8102391887548893;0.8256772059784739
3.0;0.8855256050923364;0.8855256050923364;0.8963358532325321
3.25;0.6021246396053189;0.6021246396053189;0.6580245674401249
3.0;0.8897015433497659;0.8897015433497659;0.8738478824739023
1.5;0.8607353318611072;0.8607353318611072;0.9249207081532613
0.0;0.7172271955335894;0.7089024718442336;0.8536781862849205
3.9;0.9700418143588743;0.9700418143588743;0.9723304025747351
4.45;0.971066822135015;0.971066822135015;0.9680674761648737
0.0;0.5040339761294451;0.5040339761294451;0.8465533723692596
3.0;0.7331890187158305;0.7331890187158305;0.7521084435310125
3.6;0.8354147296913031;0.8788463209940094;0.8920285495023961
3.5;0.8996440978569789;0.8996440978569789;0.9112405658624351
3.45;0.9889936286518349;0.9889936286518349;0.9919812746273975
3.0;0.9593216105361555;0.9593216105361555;0.9669119040325841
3.0;0.8818697102309104;0.8818697102309104;0.878703755987601
3.5;0.9664489701865151;0.9664489701865151;0.9711331413098498
4.2;0.9972771538290105;0.9975515639473923;0.9983743889994532
3.25;0.8863969775807818;0.8863969775807818;0.9266401033847498
2.0;0.7824687670446002;0.7824687670446002;0.8104580566750581
0.0;0.6052031836700804;0.6052031836700804;0.7363445937154356
4.25;0.9155520095155503;0.9155520095155503;0.910112419114566
4.25;0.9531001162437558;0.9591859337238406;0.9558348056779578
3.0;0.9599710261252861;0.9599710261252861;0.9642102644661129
1.5;0.7260409010244707;0.7260409010244707;0.727606176403329
4.25;0.9307308758052342;0.9307308758052342;0.9351402619698072
3.5;0.8684854714110007;0.8672761056919255;0.9334266383928103
3.75;0.8903334738650364;0.8903334738650364;0.899371480437382
3.75;0.9858147586268493;0.9858147586268493;0.9851391946870577
3.75;0.9746326455377525;0.9746326455377525;0.9788061722348902
3.5;0.9001762510731302;0.9001762510731302;0.9098205068875902
4.25;1.0000000000000002;1.0000000000000002;0.9899263622094036
3.0;0.9115897111990301;0.9115897111990301;0.9169135890784615
3.5;0.943836746768954;0.943836746768954;0.9525577276043319
3.35;0.8820338777984077;0.8820338777984077;0.9300069427129584
3.25;0.710513008246157;0.710513008246157;0.7138156257023475
4.4;0.8753862616386362;0.8490058863290992;0.8540343731298793
5.0;1.0000000000000002;1.0000000000000002;0.9602572027265779
4.4;0.9630046378305016;0.9630046378305016;0.9763275998810836
0.0;0.3111360669389303;0.30244068798485113;0.5264000181170359
3.5;0.9520975618899071;0.9520975618899071;0.9660562026899101
3.9;0.9688964973085317;0.9688964973085317;0.9645994404682432
5.0;0.9273938026973312;0.9338021681575642;0.9304690252965951
0.0;0.44891586736617417;0.44891586736617417;0.6739269772078085
3.0;0.8670177460162574;0.8702150375791076;0.9175089512818158
3.0;0.9147661141290989;0.9147661141290989;0.9207071659456126
4.25;0.9608655493925483;0.9608655493925483;0.9616712140968372
0.0;0.5815710402601398;0.5815710402601398;0.7034594865275553
3.5;0.9009961886888921;0.9009961886888921;0.9309695018118725
3.1;0.7358939007475243;0.7358939007475243;0.8045975067580655
3.0;0.9268735650501896;0.9268735650501896;0.9348356258442546
3.0;0.9116885111238291;0.9116885111238291;0.9493600777913328
3.0;0.9709246685985727;0.9709246685985727;0.9734146878617539
3.75;0.9716709735538561;0.9716709735538561;0.9733340954706546
0.5;0.7269683724859084;0.7269683724859084;0.7622651749605059
2.5;0.6950113258483824;0.6950113258483824;0.710632332528037
3.0;0.8499704642454458;0.8499704642454458;0.8185278103736544
3.75;0.9487486849792997;0.9545948193211456;0.946685649722611
3.5;0.963191953497851;0.963191953497851;0.9719059619523444
3.9;0.9339166492263201;0.9339166492263201;0.9409728114920018
2.75;0.9249475868808138;0.9249475868808138;0.9425600470174189
3.0;0.9613177533749975;0.9613177533749975;0.9678864527325948
4.4;0.9930980523534677;0.9930980523534677;0.9889107827091442
2.0;0.8379363990561377;0.8495984513583134;0.886793581104922
3.5;0.9827539325551754;0.9827539325551754;0.9829195501456718
3.4;0.8448330689951112;0.8448330689951112;0.9119592692636596
4.95;0.9473449738605054;0.9473449738605054;0.9519775761761268
3.75;0.9315557975623494;0.9315557975623494;0.9472740655272465
0.0;0.6158680642025847;0.6158680642025847;0.8529957218019572
3.75;0.958882919961107;0.958882919961107;0.9550950718522611
2.9;0.6602711462020481;0.6602711462020481;0.7550360978818074
4.75;0.7033783518660071;0.7033783518660071;0.7925253776182607
4.9;0.9858981415028287;0.9848906249364754;0.9865608462978678
4.25;0.9880611165470589;0.9880611165470589;0.9891623284542735
3.9;0.9779823086646746;0.9779823086646746;0.9827987989210867
1.95;0.887623111545767;0.8950482992963112;0.9224014964146879
3.75;0.9820732648833502;0.9820732648833502;0.9863091637013085
4.25;NaN;NaN;NaN
3.0;0.9571619425795462;0.9571619425795462;0.9616680091900845
2.25;0.8510178121457896;0.8510178121457896;0.8709027313436578
2.5;0.42622167043393966;0.42622167043393966;0.5718413312152736
3.0;0.9017058753958423;0.9017058753958423;0.8994233608314633
3.25;0.8756933324100645;0.8756933324100645;0.8881177969915549
4.0;0.9298844226377626;0.9298844226377626;0.931661131527575
4.75;0.9052670339340673;0.9052670339340673;0.9025139273596591
3.0;0.9238514776634973;0.9238514776634973;0.9342532918725536
3.4;0.9470281008240141;0.9470281008240141;0.9657211095906277
3.4;0.9048440389234864;0.9048440389234864;0.9134351914760468
0.5;0.7359956764569118;0.7359956764569118;0.7739634284764565
1.9;0.8278701103177567;0.8278701103177567;0.8384244957707293
4.5;0.9979639789583389;0.9979639789583389;0.9989698185912629
3.2;0.9498338623615965;0.9498338623615965;0.9552547250612134
3.25;0.9686129634149331;0.9686129634149331;0.9795336833805367
3.25;0.9666087083265797;0.9666087083265797;0.9770800035154044
3.25;0.9856008783567106;0.9856008783567106;0.9846174885207867
3.0;0.9328589675029365;0.9328589675029365;0.9627641174725902
3.45;0.8707336984772315;0.8707336984772315;0.8981108364572794
3.7;0.9037904145945183;0.9037904145945183;0.9252553445118737
3.5;0.885754997423328;0.885754997423328;0.8980976937206717
2.75;0.8781005344115256;0.8781005344115256;0.8797342661996517
3.1;0.8815980266191805;0.8815980266191805;0.9185699126748513
3.4;0.9630415063221748;0.9630415063221748;0.9701262377469282
3.25;0.8103964643133016;0.8149655113072123;0.8597679772269187
3.35;0.8410696349105397;0.8410696349105397;0.844889698081604
4.9;0.9704760496270604;0.9704760496270604;0.9652121921970362
3.5;0.9540574781456114;0.9540574781456114;0.9683843157241369
4.65;0.9809092340184442;0.9809092340184442;0.9754641327096906
4.75;0.8968667528300795;0.8991192051049174;0.9299595746270217
4.7;0.9899789847758579;0.9905477203105737;0.9930289512836363
3.5;0.9521143383223948;0.9521143383223948;0.9726176332655473
3.25;0.9482145513347237;0.9482145513347237;0.9682366718602116
1.5;0.6321044494955348;0.6321044494955348;0.7064017181232435
4.2;0.7641843480699109;0.7641843480699109;0.855000499811693
5.0;0.9530173867686298;0.9530173867686298;0.9623291008085494
3.0;0.6714492051710068;0.6714492051710068;0.7644727542211908
3.0;0.9253938975629579;0.9253938975629579;0.9276733501333999
5.0;1.0000000000000002;1.0000000000000002;0.9943835903731634
0.0;0.565535274405068;0.565535274405068;0.702041307752614
3.5;0.8913673256904506;0.8913673256904506;0.898532524810912
3.75;0.9077308398958162;0.9077308398958162;0.9179245500516979
4.5;0.915662063349002;0.915662063349002;0.9324128607745764
3.7;0.9740720414356726;0.9740720414356726;0.9820136780955646
3.25;0.8564809238450897;0.8564809238450897;0.8738604626123994
4.25;0.9777200831156385;0.9777200831156385;0.9832584709008221
2.0;0.6198499051842685;0.6198499051842685;0.7914974516605736
4.0;0.9214279117463526;0.9202235834193481;0.9266397537667355
3.75;0.96535103237782;0.9450841677041143;0.9523811708125343
3.5;0.9842299781495808;0.9842299781495808;0.9889491933176422
3.0;0.9091717810177395;0.9091717810177395;0.9402161136331201
4.95;0.927102503340058;0.927102503340058;0.9345095837221422
4.0;0.9276803209321951;0.9276803209321951;0.9223044079982874
4.0;0.9561275293937995;0.9561275293937995;0.959842614342515
4.9;0.9827983844327582;0.9827983844327582;0.9852046969329367
4.9;0.9698763941323931;0.9698763941323931;0.9694180352578547
3.7;0.9834526846015539;0.9834526846015539;0.9878593856396156
4.0;0.883702699906476;0.9030705909861096;0.898773759206766
3.25;0.7290131023936675;0.7290131023936675;0.8024905869298151
3.0;0.9876198205084403;0.9876198205084403;0.98975309090584
2.25;0.6888922047854323;0.6888922047854323;0.7614426614200354
3.0;0.9563874430571427;0.9563874430571427;0.9659792259773745
4.0;0.8575681866453846;0.8575681866453846;0.8966623258976519
3.4;0.7723331955190849;0.7751431881216838;0.8311303150050257
2.9;0.6990717716937195;0.7092996930806885;0.7580173958529365
3.25;0.9330237343353177;0.9330237343353177;0.9656229635837488
2.5;0.8097627745934352;0.8097627745934352;0.8946988781575792
3.7;0.9182555444001672;0.9182555444001672;0.947933433031574
3.25;0.9791726436781868;0.9791726436781868;0.9664333721021404
0.5;0.3776987405107444;0.3776987405107444;0.5766704865853902
2.75;0.8529979659857142;0.8529979659857142;0.8909975093277387
4.0;0.898554576895437;0.898554576895437;0.9429313552523874
1.75;0.7764609254101572;0.7764609254101572;0.7925252430736011
4.0;0.9745396204892024;0.9745396204892024;0.9739271656034306
3.45;0.8738205101950421;0.860409965370772;0.9010793854626428
3.4;0.9676590328614406;0.9676590328614406;0.981564026319279
3.0;0.8737194797748703;0.8737194797748703;0.8938560082678114
4.25;0.9340927497209729;0.9340927497209729;0.9389910482529016
3.0;0.9131768250903735;0.9131768250903735;0.9346357572556935
3.0;0.8698751768336258;0.8698751768336258;0.883012034534123
3.5;0.8874510793420863;0.8874510793420863;0.8736709176597451
3.25;0.9460834541966195;0.9460834541966195;0.9635502732736237
3.45;0.9298905215822624;0.9298905215822624;0.9363985287080202
4.6;0.8622767605314169;0.8622767605314169;0.9058523662683752
4.25;0.9126474307795627;0.9126474307795627;0.944643605413693
1.5;0.5969458142314688;0.5969458142314688;0.6339452958555704
2.5;0.8216568937332399;0.8216568937332399;0.8797942807691332
4.75;0.9690423913638289;0.9690423913638289;0.9721309955996521
4.4;0.9701755481893297;0.9701755481893297;0.9824878725116306
0.0;0.7110732231116275;0.7110732231116275;0.7507131083263958
3.25;0.8533601221538921;0.8533601221538921;0.8880701394428215
0.5;0.7596414527052737;0.7596414527052737;0.7646323820078135
3.4;0.9646163247753506;0.9646163247753506;0.9707906911918556
3.25;0.991341779940986;0.991341779940986;0.9895410571849975
3.25;0.8516687921003644;0.8516687921003644;0.919100883888204
3.0;0.33532953240959357;0.33532953240959357;0.6577777926259113
3.25;0.8829543541065407;0.8829543541065407;0.8950403179494728
1.5;0.776098116384204;0.776098116384204;0.8271506091873937
3.2;0.8465645159204781;0.8465645159204781;0.8858011645726811
0.0;0.4697174485328609;0.48970305526219515;0.6714328357986907
3.0;0.806082171611901;0.806082171611901;0.8745898057327649
3.4;0.8278121005056824;0.8278121005056824;0.922925932480359
3.25;0.8876210896514678;0.8876210896514678;0.8979530452368767
3.5;0.9150743655414478;0.923881933990957;0.9370528155482268
1.5;0.7156084433825379;0.7156084433825379;0.7895817779847445
3.0;0.868983850110353;0.868983850110353;0.8587867455355498
4.9;0.9909133827964024;0.9909133827964024;0.9572511989647399
3.45;0.9059130399564216;0.9059130399564216;0.9236779315569457
4.25;0.9161618209560106;0.9161618209560106;0.9188368490148111
4.5;0.9896808914205173;0.9896808914205173;0.9878994710087357
3.0;0.8781381248500547;0.8781381248500547;0.9243032210755276
3.5;0.6925993851035742;0.6925993851035742;0.7185803123433591
2.25;0.7539145790378423;0.7539145790378423;0.8146113174198572
4.25;0.846832794523893;0.840794400380705;0.8695365724654907
3.4;0.956772212890012;0.956772212890012;0.9620777866090289
3.75;0.9961390401547442;0.9961390401547442;0.9965932304009758
4.25;0.9844096470139216;0.9844096470139216;0.9850566385800535
3.25;0.9797107094092711;0.9797107094092711;0.9836931026602453
3.25;0.8530006100227457;0.8530006100227457;0.9109360404893923
3.65;0.944275349512138;0.944275349512138;0.9558407140778507
2.75;0.6656021281010985;0.6656021281010985;0.7243812957252566
1.5;0.6924072400291614;0.6924072400291614;0.7908639492618033
3.0;0.89004381352271;0.89004381352271;0.9063288646409579
4.25;0.8510597310537295;0.8535490674643393;0.8358771854892243
3.5;0.8661155956707708;0.8646507879503383;0.8795715264082035
3.0;0.82275899671093;0.82275899671093;0.8890735323285368
2.0;0.8851363849083693;0.8851363849083693;0.8921908912557417
2.5;0.5857050936700507;0.5967786680308772;0.6889219046687705
0.0;0.6925653758635625;0.6925653758635625;0.7844783150278628
0.0;0.44279292509942936;0.44279292509942936;0.7488055193913801
4.0;0.9623703597141812;0.9623703597141812;0.9622517696416076
3.35;0.9065506061332601;0.9065506061332601;0.9040749563034667
4.25;0.9109176967944411;0.9109176967944411;0.9462713726517392
4.25;0.8902773210326077;0.8701855319830599;0.9056751989161177
3.45;0.9642226865345142;0.9642226865345142;0.9671737890980057
4.25;0.9777200831156385;0.9777200831156385;0.9832584709008221
3.0;0.9883255598231724;0.9883255598231724;0.9871932963967175
3.45;0.702708593419697;0.702708593419697;0.7238331384924717
0.0;0.5299811128724198;0.5299811128724198;0.6961478223860601
4.2;0.8888444456792821;0.8888444456792821;0.8992893769230741
0.0;0.2538466403790017;0.2538466403790017;0.5313900846020609
3.0;0.8766355355922681;0.8766355355922681;0.9184375442079029
4.75;0.9444813087488699;0.9444813087488699;0.9574100509949314
3.25;0.8598481744320499;0.8598481744320499;0.9169296057081752
3.25;0.956898362835521;0.956898362835521;0.9724648933398271
3.65;0.963426981897778;0.963426981897778;0.9746308696946901
3.5;0.9678332783181188;0.9678332783181188;0.97421903075848
3.0;0.909591887357025;0.909591887357025;0.9189540869930458
3.25;0.9003705164248864;0.9003705164248864;0.9094842348019975
3.0;0.7569403286716659;0.7569403286716659;0.8258031435195914
3.4;0.9597320288996729;0.9597320288996729;0.9733086468245674
3.25;0.729809583612361;0.729809583612361;0.7243800691905795
4.25;0.9820892949085158;0.9820892949085158;0.9767070994087037
3.4;0.9304767588722761;0.9304767588722761;0.9189471256863846
3.0;0.9623071851678741;0.9623071851678741;0.9447339420973299
4.75;0.9778176816531845;0.9778176816531845;0.9794790961069271
5.0;0.9943245965282781;0.9943245965282781;0.9934098905280478
4.5;0.9241634355222808;0.9241634355222808;0.9552020590895534
3.0;0.885297354723934;0.885297354723934;0.9122497628013179
4.2;0.9497849400129095;0.9565427675866743;0.9522168737365551
3.25;0.9083810358336356;0.9083810358336356;0.9313150500561113
4.25;0.9643486020551608;0.9643486020551608;0.9706484797075148
0.5;0.3827578511386964;0.3827578511386964;0.6353616300936591
3.95;0.869398423789919;0.869398423789919;0.9088061361565152
3.95;0.9917589347775759;0.9917589347775759;0.9935604660125072
1.75;0.7228088405520885;0.7228088405520885;0.7607004721446349
3.95;0.7985046828537172;0.7985046828537172;0.884956237674367
4.25;0.9642606703519182;0.9642606703519182;0.9679931928655509
3.25;0.8608158517102813;0.8608158517102813;0.8789519323806017
4.2;0.8739291466937814;0.8739291466937814;0.8806158162305079
2.95;0.9021528251859048;0.9021528251859048;0.902869837937596
3.0;0.7934181033070901;0.7934181033070901;0.8650866007528353
3.25;0.7679192311447045;0.7679192311447045;0.8240895506961609
0.0;0.40078654038635925;0.40078654038635925;0.5824688072730315
4.9;0.9722929083669888;0.9722929083669888;0.9747293919096148
2.9;0.8102701009289379;0.8102701009289379;0.8326134040551405
2.0;0.639934609310909;0.6520166363014116;0.7702025655901207
1.75;0.7602591108429001;0.7602591108429001;0.8086255928731624
3.65;0.9672632450738029;0.9672632450738029;0.9687196526344762
2.5;0.7702209226163463;0.7702209226163463;0.8570404957709257
0.0;0.3236476165202754;0.3236476165202754;0.5774455647565634
3.0;0.8078992359925637;0.8078992359925637;0.8351904567099018
5.0;0.9870357155031011;0.9893263357251824;0.9843005562158064
2.25;0.884021785483359;0.884021785483359;0.9156684989932504
2.5;0.95784425873409;0.95784425873409;0.945926487464503
3.0;0.9297650106096267;0.9297650106096267;0.9437761501397243
2.5;0.6348453241677962;0.6348453241677962;0.6424989901598314
4.5;0.9478547589105863;0.9478547589105863;0.9707396100623044
3.45;0.8646012778318399;0.8646012778318399;0.8704830588162183
4.2;0.9499380275302133;0.9499380275302133;0.9588033271296843
3.95;0.9280610338018788;0.9280610338018788;0.9407549294021912
4.4;0.9914262881620881;0.9914262881620881;0.9916755423083619
4.15;0.9889468906967093;0.9889468906967093;0.9851397816651764
3.25;0.9319289948253161;0.9319289948253161;0.9335668237108663
0.5;0.7451111070461977;0.7451111070461977;0.7754886052841851
4.15;0.9847561159872638;0.9847561159872638;0.9852366608055859
3.25;0.7547442058896243;0.7547442058896243;0.8048952305886367
3.4;0.9712910392327503;0.9712910392327503;0.9630082227241091
2.75;0.9005890266494093;0.9005890266494093;0.9219519184461942
4.85;0.9437572712784795;0.9437572712784795;0.929873956202564
1.0;0.6485025164226527;0.6485025164226527;0.8109252192042526
4.25;0.9646615182250391;0.9646615182250391;0.9635770920467519
1.25;0.5965238107927938;0.5965238107927938;0.6759757586584653
2.75;0.6492253995929042;0.6492253995929042;0.772161947969233
3.15;0.9212283535805459;0.9212283535805459;0.9347070896427889
5.0;0.9697793885956961;0.9697793885956961;0.9781863163473388
0.0;0.570586905344246;0.570586905344246;0.7914162048502894
3.4;0.9584505387326143;0.9584505387326143;0.9619580684614655
2.75;0.8561823747489484;0.8561823747489484;0.8617578184013645
3.2;0.7818067752524757;0.7818067752524757;0.8776868854217273
5.0;0.927613830403484;0.927613830403484;0.9439841010002235
3.5;0.9252345011491867;0.9252345011491867;0.9284002054148007
3.0;0.7340775156184517;0.7340775156184517;0.8013427089517957
3.15;0.9280375417911938;0.9280375417911938;0.9340947687656241
4.25;0.9641637574116786;0.9641637574116786;0.978446982997236
2.7;0.8840390579364691;0.8828672472959718;0.9019437109692099
4.75;1.0;1.0;0.989731703775612
3.5;0.7742472914362052;0.7742472914362052;0.8290128348261678
0.0;0.11910532259403873;0.11910532259403873;0.4263345653326466
4.0;0.9110558914325374;0.9110558914325374;0.9260602686401015
3.25;0.9527153940714194;0.9527153940714194;0.952496758703117
4.75;0.9836053813749723;0.9836053813749723;0.9845651605911045
0.5;0.6886157369267663;0.6923092769799793;0.7840809901611431
3.5;0.8085733147495066;0.8085733147495066;0.777062225289654
3.25;0.8592982202757418;0.8592982202757418;0.9033016761698733
2.25;0.8035103105805667;0.8035103105805667;0.8453538530194544
4.2;0.8991672431295078;0.8991672431295078;0.9308008298787559
3.75;0.8082999007893359;0.8082999007893359;0.8569755285612927
3.7;0.9507868538190483;0.9507868538190483;0.9553656010456391
3.25;0.9833643186012289;0.9833643186012289;0.9848170154014934
3.45;0.8597518846786846;0.8597518846786846;0.8667396165149445
4.9;0.9828423340707378;0.9828423340707378;0.9862017309364696
4.75;0.9806071210228094;0.9806071210228094;0.9833590976830164
4.9;0.9554317371504004;0.962625036642117;0.9716092399746205
0.5;0.7072159738348521;0.7072159738348521;0.8000860113283961
4.25;0.9963738213765359;0.9963738213765359;0.9959861732336797
3.75;0.9822686474710766;0.9822686474710766;0.9832030249180338
3.45;0.9280826361057934;0.9280826361057934;0.9237970814322178
3.95;0.904022001927716;0.904022001927716;0.8497954380150768
2.95;0.8582588782275457;0.8582588782275457;0.8533283651628638
4.0;0.9102656352398866;0.9195507961877282;0.9480667391331609
3.25;0.9200344379375598;0.9200344379375598;0.8713834760516127
0.0;0.40633192616058483;0.40633192616058483;0.8121189172202592
3.25;0.8511373305770689;0.8511373305770689;0.9009190115454534
0.0;0.5453463391236489;0.5453463391236489;0.788990315750315
2.75;0.8283566270097256;0.8283566270097256;0.8768161126418553
4.25;0.9509177048079466;0.9509177048079466;0.9579599499090038
3.85;0.9904323182686258;0.9904323182686258;0.9931260037837142
3.5;0.8253283946439285;0.8253283946439285;0.8553578699554193
3.25;0.9527060925734547;0.9527060925734547;0.9670254876886796
3.55;0.9666937860308136;0.9666937860308136;0.9687170544126109
3.25;0.9223399688214615;0.9223399688214615;0.9234276060917692
3.25;0.8484784689057988;0.8484784689057988;0.8600566017101771
4.0;0.8492708840415576;0.8492708840415576;0.8938999664291711
3.4;0.9476224556277625;0.9476224556277625;0.9487310084945413
0.0;0.4715788333707888;0.4715788333707888;0.6842679379803922
3.5;0.7763489904108256;0.7763489904108256;0.834721611091835
1.0;0.7788846513566713;0.7788846513566713;0.8132160050976531
3.45;0.9550129492959574;0.9550129492959574;0.966229099141167
0.0;0.47858097719630904;0.47858097719630904;0.6274710428916582
3.25;0.9742037961447227;0.9742037961447227;0.976167574856296
5.0;0.9823508500664082;0.984987013403978;0.9854818619908666
3.25;0.9497271224928452;0.9497271224928452;0.9368667283537153
3.4;0.9581513567557762;0.9581513567557762;0.9515924349166853
4.25;0.9243206437238539;0.9243206437238539;0.9344365454273545
3.45;0.9441582266826806;0.9441582266826806;0.9418065879192589
4.25;0.9076518939187878;0.9076518939187878;0.9409348298952642
4.0;0.9212909172946401;0.9212909172946401;0.875213094823032
3.0;0.8910944831386689;0.8910944831386689;0.8969585175234952
0.5;0.7654007634654624;0.7929789882939915;0.8376546336215854
3.75;0.8541192815469008;0.8541192815469008;0.9260069753705965
3.25;0.9370360768423018;0.9370360768423018;0.9630171821671043
3.5;0.9096802600415232;0.9096802600415232;0.9279622257179704
5.0;0.978743134248103;0.978743134248103;0.9702876645510466
3.75;0.959869695153979;0.959869695153979;0.9543589992549957
2.5;0.8355299199248728;0.8355299199248728;0.8865966429308509
1.0;0.7789670170294188;0.7789670170294188;0.7835355120434616
3.0;0.9810630353683709;0.9810630353683709;0.9840160610084716
3.25;0.8957593900865208;0.8957593900865208;0.9410901591847689
0.0;0.6195854060481184;0.6280036827349876;0.7512962833683654
3.65;0.940431975931904;0.940431975931904;0.9505371576141859
4.4;0.9108374624705146;0.9108374624705146;0.950972973810076
3.25;0.9075918332235973;0.9075918332235973;0.945360109895812
4.45;0.9051617526269292;0.9051617526269292;0.972627752203535
3.4;0.8588926331871332;0.8588926331871332;0.8726069918546717
0.0;0.645624664124461;0.645624664124461;0.7252733456458736
3.0;0.9627044690663903;0.9627044690663903;0.965566873321848
1.25;0.718835495513948;0.718835495513948;0.7289209113976507
4.0;0.9479391577114467;0.9453955733753033;0.9578203296149169
4.15;0.9785377351925721;0.9785377351925721;0.9762507873556945
3.5;0.863658785703286;0.863658785703286;0.9093633061418503
2.75;0.8709192164168666;0.8709192164168666;0.928619083408001
4.75;0.9256207683399192;0.9256207683399192;0.9331168979722255
5.0;0.9125002264966655;0.9125002264966655;0.9616085162618038
3.7;0.9196899272396631;0.9196899272396631;0.9399692561415219
0.0;0.4595080776914392;0.4595080776914392;0.6767664792488367
4.4;0.9703316805975517;0.9703316805975517;0.9822904406714975
3.2;0.7803130567901537;0.7803130567901537;0.8075963661503103
3.25;0.8791649191489853;0.8791649191489853;0.8959763634684723
4.85;0.8403257045701711;0.8403257045701711;0.8766584892491451
2.5;0.8277864623274396;0.8277864623274396;0.870767390559867
2.0;0.7221220607623935;0.7221220607623935;0.7097732953546885
4.25;0.9406348839514672;0.9169558978064527;0.952276480729598
5.0;0.9841806339199084;0.9841806339199084;0.9873025926524609
3.4;0.9510146208069555;0.9510146208069555;0.9641061525350358
2.65;0.7728961231203316;0.7728961231203316;0.8374645309482861
3.9;0.9417429479477428;0.9417429479477428;0.9623485647259526
5.0;NaN;NaN;NaN
4.7;0.9696107449186969;0.9696107449186969;0.9826822286810335
1.75;0.5972746007429567;0.5972746007429567;0.7042007454915217
3.0;0.8333642381445129;0.8333642381445129;0.8811493709662945
3.0;0.9280836771686332;0.9280836771686332;0.9137362934858967
3.65;0.8986071048803831;0.8986071048803831;0.9029244166717327
2.25;0.7098192072653945;0.7098192072653945;0.7838780440797072
3.25;0.8535440312502882;0.8535440312502882;0.9060263976435522
3.0;0.956948872721286;0.956948872721286;0.9630686908829692
3.7;0.910557682868066;0.910557682868066;0.9180304340807878
2.0;0.716846798753391;0.716846798753391;0.7199387487849106
3.7;0.9803895666142803;0.9803895666142803;0.9820148106165107
3.45;0.9407305419551449;0.9407305419551449;0.9505739425234051
3.25;0.9350251803774224;0.9350251803774224;0.9486588174809458
3.0;0.881177544735634;0.881177544735634;0.885675595703128
4.0;0.9937310987922623;0.9937310987922623;0.9842133099231288
3.25;0.8435234194878216;0.8435234194878216;0.8742697332859808
2.75;0.6831031796837229;0.6831031796837229;0.783200479878083
2.25;0.7289562500047567;0.7289562500047567;0.7890257247149506
1.75;0.7149510311322735;0.7149510311322735;0.808553481093557
2.0;0.8512538266855206;0.8512538266855206;0.9060822942060174
0.0;0.23336888951118517;0.23336888951118517;0.6700515021158212
2.0;0.8125451927594475;0.8125451927594475;0.8214460002753288
3.0;0.8426524496921222;0.8426524496921222;0.9024822770916744
1.25;0.6463149964912375;0.6463149964912375;0.7956412017483625
0.0;0.6877427730353559;0.6877427730353559;0.8182730728578153
3.4;0.9452115223927567;0.9452115223927567;0.9558221744396884
3.0;0.6975047748188713;0.6975047748188713;0.7208488406939729
1.25;0.8318768727084757;0.8318768727084757;0.8602006970943198
3.65;0.9855585130163858;0.9876098690839628;0.988497507973481
3.7;0.975717895018957;0.975717895018957;0.9694328732888057
2.0;0.6744125786732095;0.681924338787098;0.7254089811212041
0.0;0.49850054447330966;0.49850054447330966;0.7177540555736692
4.75;0.9491127107275783;0.9491127107275783;0.9623139217329467
4.5;0.9698918422520948;0.9698918422520948;0.9660363099135904
3.0;0.930329594876553;0.930329594876553;0.9489929664465572
3.0;0.8842445327433296;0.8842445327433296;0.8976763400445981
2.9;0.9306459337715396;0.9306459337715396;0.9656447723161241
4.0;0.8833754555849537;0.8833754555849537;0.9109314233948071
5.0;0.9293601707932687;0.9293601707932687;0.9451527957939163
3.7;0.8707852483928724;0.8707852483928724;0.8770547884369667
4.25;0.9337664127857305;0.9337664127857305;0.9402436214788499
3.95;0.9270697252079521;0.9270697252079521;0.925291372334293
3.75;0.9893364256380067;0.9893364256380067;0.9921987466927685
2.5;0.7601565989032534;0.7601565989032534;0.8242416048898764
3.0;0.7569403286716659;0.7569403286716659;0.8219549785917866
5.0;NaN;NaN;NaN
3.5;0.906058652281704;0.906058652281704;0.8611115420786335
4.15;0.6968518847352435;0.6968518847352435;0.8202072370904078
1.5;0.48092092832736905;0.48092092832736905;0.5336133771203998
3.4;0.9881995580005457;0.9881995580005457;0.9855353215324663
3.0;0.8955447825141961;0.8955447825141961;0.9423421455419377
2.0;0.9061424224075438;0.9052322899504152;0.9084200945672594
3.15;0.8771086195216192;0.8771086195216192;0.8945976835456427
4.4;0.9618748866871838;0.9618748866871838;0.96285705602937
2.25;0.7892287505768606;0.7892287505768606;0.8048632335089013
2.9;0.8525507548457638;0.8525507548457638;0.8627530428633078
2.75;0.9593265401339092;0.9593265401339092;0.9671083426208624
1.75;0.6230020424640006;0.6230020424640006;0.785907591560771
2.0;0.8814552645189124;0.8814552645189124;0.9072367401817144
4.4;0.9148872515589646;0.9148872515589646;0.9322651871058181
3.0;0.9605419707601031;0.9605419707601031;0.9567953232893971
5.0;0.939009805133798;0.939009805133798;0.9539224663392358
3.25;0.8871231830256201;0.8871231830256201;0.8819771551429114
3.5;0.9135765395323739;0.9135765395323739;0.9364485744493626
2.9;0.8805976649081079;0.8805976649081079;0.8920269423173561
2.75;0.9600704416820437;0.9600704416820437;0.963260217414794
3.65;0.9649588660001323;0.9649588660001323;0.9779095029068741
3.4;0.9697513651542701;0.9697513651542701;0.9747752736173463
3.25;0.9605654526727815;0.9605654526727815;0.9654154796310419
0.5;0.6215043831100896;0.6215043831100896;0.8153198687000298
4.5;1.0000000000000002;1.0000000000000002;1.0
4.25;0.9444890399026249;0.9444890399026249;0.9514476925760894
2.75;0.8293896428767139;0.8293896428767139;0.8301909247324042
3.8;0.9637438085773269;0.9637438085773269;0.9676636284549571
3.25;0.7720211252711942;0.7720211252711942;0.7803501792151751
3.0;0.878157464803924;0.878157464803924;0.9274491626031093
3.65;0.9853228026674369;0.9853228026674369;0.9781074692560994
4.9;1.0000000000000002;1.0000000000000002;1.0
0.0;0.2935990280037362;0.2935990280037362;0.6093679274445546
3.25;0.9405308466520106;0.9405308466520106;0.9459474276620625
3.45;0.8476462857015521;0.8476462857015521;0.869815305774513
4.75;0.9581827192751575;0.9581827192751575;0.9727937023252488
3.4;0.8581986455216829;0.8581986455216829;0.9275582578095011
3.25;0.9840172490635063;0.9840172490635063;0.988638421553099
3.25;0.9466617066461194;0.9466617066461194;0.9536811538786316
3.25;0.7370648775437244;0.7370648775437244;0.756381249411229
1.0;0.6393378937744124;0.6393378937744124;0.7440535622070223
0.0;0.6532167056763428;0.6532167056763428;0.7373816061746528
3.0;0.9651474254998434;0.9651474254998434;0.9688314557674975
3.0;0.9284024202914013;0.9284024202914013;0.9505796595463012
3.25;0.9015526723707812;0.9015526723707812;0.9238956146676388
4.85;0.9856509068960885;0.9856509068960885;0.9856509068960885
3.0;0.9895186840662792;0.9895186840662792;0.9899041291831473
2.25;0.7484704960790795;0.7484704960790795;0.8148616538247839
2.75;0.8142332811225615;0.8142332811225615;0.8191153199848128
4.0;0.9803360352572298;0.9803360352572298;0.9844834029694416
1.0;0.5782931841247165;0.5782931841247165;0.6743176146359111
1.5;0.8421663913864798;0.8421663913864798;0.8545394932474611
3.0;0.9321700849980724;0.9321700849980724;0.9394422982681739
2.4;0.6979486440086992;0.6979486440086992;0.7558244871501454
3.0;0.8538716557256847;0.8538716557256847;0.9003908389308897
1.5;0.55924724572416;0.55924724572416;0.6570978119958162
3.0;0.96986793395572;0.96986793395572;0.9731479564546002
2.5;0.9246434003445951;0.9246434003445951;0.9320931660081142
5.0;1.0;1.0;1.0
3.25;0.9452196479891823;0.9452196479891823;0.9504220066118217
4.9;0.7901935367240209;0.7901935367240209;0.876299608334419
4.35;0.9851900209062795;0.9851900209062795;0.9881749859059329
3.0;0.8750033663399852;0.8750033663399852;0.9224419851608393
3.25;0.9518015667553092;0.9518015667553092;0.9530391044380865
3.25;0.9338482183321253;0.9338482183321253;0.9369336587928191
4.25;1.0000000000000002;1.0000000000000002;1.0
3.25;0.9478986634288948;0.9478986634288948;0.9569228130885012
3.95;0.91099920371414;0.91099920371414;0.8911667814702011
1.65;0.8682248411362331;0.8682248411362331;0.8538734950876425
3.0;0.8671288952728066;0.8671288952728066;0.9072273971102712
3.45;0.838287299584604;0.838287299584604;0.8643032391921659
2.0;0.6201445641152138;0.6201445641152138;0.802209401751167
3.5;0.9659443289842454;0.9659443289842454;0.9539905202847871
2.75;0.9746861678460885;0.9746861678460885;0.9810230872955223
4.25;0.9275126056179129;0.9275126056179129;0.9324337106250633
2.5;0.8944509498173489;0.8944509498173489;0.9024656229436034
2.75;0.8698190961159898;0.8698190961159898;0.8764453777995764
3.0;0.8755701240512205;0.8755701240512205;0.8858650726636724
3.0;0.8962808513236193;0.9011921655310577;0.943933771552253
2.75;0.904022001927716;0.904022001927716;0.8497954380150768
3.9;0.9889345613248436;0.9889345613248436;0.9923339219777452
3.25;0.7714924998086187;0.7714924998086187;0.8340941975814877
3.9;0.9641744359419906;0.9641744359419906;0.9665959682831479
3.0;0.9267099926386608;0.9267099926386608;0.9516772688017425
1.0;0.7211754065761745;0.7211754065761745;0.7240334631260532
3.0;0.9158424322108305;0.9158424322108305;0.9175226876328565
3.25;0.8608993849092043;0.8608993849092043;0.859344103656418
1.5;0.8868484549920939;0.8868484549920939;0.892234602396356
3.9;0.9898813915653644;0.9898813915653644;0.9940717846304353
1.75;0.9260742729833833;0.9260742729833833;0.9226097579985683
3.0;0.9513924396996459;0.9513924396996459;0.9398450036378925
3.0;0.8395363065931662;0.8395363065931662;0.8935670826906484
4.25;0.9927572835192539;0.9927572835192539;0.9951316538576971
2.0;0.5906338587694241;0.6373118253100181;0.7928521275850035
3.9;0.7083969110786054;0.7083969110786054;0.8339538261380398
4.75;0.9937934970123187;0.9934910158014127;0.9950043867475631
3.25;0.9429578858965696;0.9429578858965696;0.9507043433116358
3.5;0.6897641008989255;0.6897641008989255;0.7508357964427342
3.75;0.9165047116086131;0.9165047116086131;0.9401159925990064
3.75;0.9725515254796274;0.9725515254796274;0.9767892972265757
3.4;0.9394720632201446;0.9394720632201446;0.9274254213894949
3.15;0.8468842440325015;0.8468842440325015;0.8922409078316733
3.4;0.7541297251232394;0.7541297251232394;0.8499615602397332
3.0;0.8315122899786512;0.8315122899786512;0.8654889024283968
1.0;0.7504496973289744;0.7504496973289744;0.7813203181265939
3.5;0.9452600085165694;0.9452600085165694;0.9459835525270092
3.25;0.9127407699696081;0.9127407699696081;0.9465943050919997
2.0;0.6836130516771486;0.6836130516771486;0.6887683870352453
2.5;0.9100199601911948;0.9100199601911948;0.9326953136964298
2.9;0.9326405811986294;0.9326405811986294;0.9392327808814211
1.75;0.7612123353886445;0.7612123353886445;0.7668931823398214
2.9;0.8178824747436825;0.8178824747436825;0.8727316522246018
3.25;0.941860214126934;0.941860214126934;0.9441293020852277
4.5;0.9721121393730114;0.9721121393730114;0.9558516433306484
3.8;0.9278998041150609;0.9278998041150609;0.9484417514616864
4.5;0.9878697581404969;0.9878697581404969;0.9835151313612486
3.7;0.9363457099369606;0.9363457099369606;0.9216465005532648
3.0;0.8710947565564595;0.8710947565564595;0.9000608622126817
3.85;0.9635878793094756;0.9635878793094756;0.9582072555284341
0.5;0.7954220549304087;0.7954220549304087;0.8445650816804761
4.2;0.9769648010160402;0.9769648010160402;0.9807157625902779
4.4;0.9217848035739077;0.9217848035739077;0.9596134969716605
2.5;0.8534358643336615;0.8534358643336615;0.8399023115613644
4.25;0.9333426036909576;0.9333426036909576;0.9630791728659228
3.25;0.9822055179899307;0.9822055179899307;0.9797798743904519
3.0;0.9109986013809079;0.9109986013809079;0.9323858635341815
5.0;0.9305112810883964;0.9305112810883964;0.9678648892171986
4.0;0.9874018017383742;0.9874018017383742;0.9895376836634999
4.0;0.9501726686932092;0.9501726686932092;0.9557761790548447
0.0;0.2156453817503739;0.2156453817503739;0.554002395042574
3.75;0.8028737620633752;0.8028737620633752;0.8174540327896083
4.75;0.9879714500119249;0.9879714500119249;0.9549200828691965
3.65;0.9659843639111867;0.9659843639111867;0.9761729864880353
2.75;0.8710449448097515;0.8710449448097515;0.8719951095231353
4.2;0.9617501406718887;0.9617501406718887;0.9694578312444739
2.5;0.9047895629221739;0.9047895629221739;0.9314186677623499
2.5;0.9391694357686317;0.9391694357686317;0.9503369761878898
3.25;0.9860063453975173;0.9860063453975173;0.9887971368004348
2.0;0.4934782490441704;0.4934782490441704;0.741574469822991
4.35;0.9461268964684691;0.9461268964684691;0.9540237282591132
4.0;0.9648005207190701;0.9648005207190701;0.9743730660602357
0.0;0.5029210111260803;0.5029210111260803;0.7426348633103034
3.25;0.9224936979361145;0.9224936979361145;0.950193220960609
4.2;0.9890517273628294;0.9890517273628294;0.9828594832052636
0.0;0.27466289678190997;0.27466289678190997;0.5188130980601606
3.85;0.9547321907705518;0.9547321907705518;0.9582938427239253
2.75;0.6676853595031402;0.6676853595031402;0.8160315414976794
3.0;0.9217205096570532;0.9217205096570532;0.9414139313750809
3.25;0.9441826144184033;0.9441826144184033;0.9511825711790809
3.25;0.8621663004451143;0.8621663004451143;0.8555082980626566
2.5;0.8698206265623425;0.8698206265623425;0.865102340956588
3.65;0.9619158299901135;0.9619158299901135;0.967598314223153
4.4;0.9754053663968312;0.9778566049538169;0.9829910123680776
4.0;0.690006359580767;0.690006359580767;0.7847680973437673
4.2;0.970434264903075;0.970434264903075;0.9744907261725735
4.4;0.9240869958416488;0.9240869958416488;0.9087242176344581
3.9;0.9767268462619861;0.9767268462619861;0.9776492039112412
4.9;0.978131553249315;0.978131553249315;0.9842413198957266
4.5;0.9752317017983837;0.9752317017983837;0.9845783273777333
4.25;0.9634623747729516;0.9634623747729516;0.9579940719428017
2.5;0.8513043613340386;0.8513043613340386;0.9378051803115351
4.5;0.9520085826269556;0.9520085826269556;0.9575156449118416
4.35;0.9868154640747402;0.9868154640747402;0.9881006693336587
3.25;0.9767777901232233;0.9767777901232233;0.9816364724929921
1.0;0.7383962740125137;0.7383962740125137;0.7812856782165286
2.5;0.8083927754184898;0.8083927754184898;0.8399625778994546
3.4;0.8162061371750168;0.8162061371750168;0.8703288296604738
2.9;0.9359538207377316;0.9359538207377316;0.9409003994328626
4.05;0.9976696730876267;0.9976696730876267;0.9985422025520035
3.45;0.8737844992399848;0.8737844992399848;0.8920313717665865
0.0;0.7760374092713934;0.7760374092713934;0.871544129707119
3.0;0.861294010839537;0.861294010839537;0.9206592558512334
3.0;0.9125042355480624;0.9125042355480624;0.9291784734472097
3.25;0.815349853996278;0.815349853996278;0.8400055393717512
3.25;0.8614940631584066;0.8614940631584066;0.9150880825535928
3.0;0.98732825288836;0.98732825288836;0.9878618451187328
4.9;0.9673192480943527;0.9673192480943527;0.9665948397622581
3.0;0.9680298325813281;0.9680298325813281;0.9714682538213981
0.75;0.6442703650960391;0.6442703650960391;0.8143657142005483
3.4;0.9651746840253588;0.9651746840253588;0.9677108979919107
2.5;0.9820157832831614;0.9820157832831614;0.9854769024561076
2.75;0.791486909837842;0.791486909837842;0.8357367846605882
3.95;0.9705200316009426;0.9705200316009426;0.9704691213451234
3.8;0.963316908426541;0.963316908426541;0.9581663611363571
3.8;0.9799056481479289;0.9799056481479289;0.9807410344225413
3.5;0.8864696046817355;0.8486569021871261;0.8767109144818751
3.0;0.8115594246532482;0.8115594246532482;0.9365390819674692
2.75;0.8479881370981079;0.8479881370981079;0.8658499324466966
3.25;0.8805017594887801;0.8805017594887801;0.9309280907167148
3.45;0.9896509473104652;0.9886701557060869;0.9930329205834981
3.25;0.9732584764592339;0.9732584764592339;0.9813879068552723
3.75;0.9585193695438077;0.9585193695438077;0.951517928365014
3.25;0.9734842577109615;0.9734842577109615;0.974443271298305
2.5;0.9019732780025177;0.9019732780025177;0.9186509359400447
3.8;0.971066822135015;0.971066822135015;0.9680674761648737
3.0;0.9523260823949563;0.9523260823949563;0.9641462801945067
3.0;0.9009337483759357;0.9009337483759357;0.9121143629863375
3.0;0.691136012212668;0.6916013021550272;0.7355383791183611
2.5;0.9012704880326695;0.9012704880326695;0.9048583624947579
0.0;0.35124725293564707;0.35124725293564707;0.6620320235337334
3.25;0.9829190689820889;0.9829190689820889;0.9815114703054272
2.9;0.8673528457652433;0.8673528457652433;0.9353570314137493
0.0;0.6759050455082074;0.6759050455082074;0.8057548318710562
3.45;0.9370962104064605;0.9370962104064605;0.9381599526373579
3.5;0.9781039514157586;0.9781039514157586;0.981290186527007
1.5;0.6448916167614499;0.6448916167614499;0.7173689487201886
2.25;0.8837071262626677;0.8837071262626677;0.8757960715138097
4.9;0.9777200831156385;0.9777200831156385;0.9832584709008221
3.25;0.9367773136862964;0.9367773136862964;0.9619261493448151
4.25;0.9834346716837397;0.9834346716837397;0.9849494299247593
2.9;0.6467942071671442;0.6467942071671442;0.7836226524055938
0.5;0.8375164977853583;0.8375164977853583;0.8985961769797918
2.25;0.7709085897409287;0.7709085897409287;0.7912476088848979
4.5;0.9098301145054588;0.9098301145054588;0.9029088599477215
4.25;0.9542787742374841;0.9542787742374841;0.9466981075212877
4.9;0.9444813087488699;0.9444813087488699;0.9574100509949314
3.25;0.9972873472716716;0.9972873472716716;0.9979333453394464
4.5;0.9193161707393775;0.9193161707393775;0.9225184749865347
3.45;0.8099102769954529;0.8308545590968378;0.8655841595936133
2.75;0.8622737952427917;0.8622737952427917;0.9102568706304696
3.75;0.9447584548667808;0.9447584548667808;0.9417375344662052
4.2;0.9209760316357295;0.9209760316357295;0.9494209005696758
4.2;0.924737071355507;0.924737071355507;0.9224523393821112
1.5;0.7359823772150083;0.7552145093464641;0.8407727847468185
1.0;0.8790297662258104;0.8790297662258104;0.9114983485061217
3.25;0.8400976285404966;0.8400976285404966;0.8998029681041789
3.5;0.982153582396366;0.982153582396366;0.9848856902210821
3.45;0.9508970645396162;0.9508970645396162;0.9517829496620687
3.0;0.8929624284776299;0.8929624284776299;0.9044125573227079
2.75;0.5386394846999474;0.5386394846999474;0.666494539971306
3.0;0.6477304676309995;0.6477304676309995;0.693973782240638
1.0;0.6520947660562894;0.6520947660562894;0.7321547488768064
3.0;0.9027717344185531;0.9090614177124643;0.9322001456397526
2.9;0.9858927775454311;0.9858927775454311;0.9687923541189253
4.15;0.9622255374179044;0.9663133217888118;0.9700633663373859
3.25;0.9197617901602663;0.9197617901602663;0.9296290828648195
4.4;0.9904178631680408;0.9904178631680408;0.9946765625855337
3.7;0.8323726930126922;0.8323726930126922;0.8750593185652896
4.35;0.9899142388568519;0.9899142388568519;0.9927124238961424
3.25;0.9718805905682493;0.9718805905682493;0.974863873730476
3.4;0.9583397336214645;0.9583397336214645;0.9654792383772622
3.75;0.8809174715069585;0.8809174715069585;0.8994427361402584
2.75;0.9101321025490886;0.9101321025490886;0.9323977033262075
3.0;0.9654057163811824;0.9654057163811824;0.9788718405074387
3.75;0.6043364608708309;0.6043364608708309;0.704489305486902
2.75;0.8287206723245462;0.8287206723245462;0.8587333021464523
3.25;0.9099872051934659;0.9387418677527744;0.9565654795310213
3.75;0.7236647198318319;0.7236647198318319;0.7555972169308001
4.25;0.9672252487859146;0.9672252487859146;0.9657701325021624
2.95;0.8357119350149328;0.8357119350149328;0.8686032686271302
0.0;0.4358558018614551;0.4358558018614551;0.7382005191732381
2.75;0.7720475812075582;0.7720475812075582;0.8298976022744384
2.5;0.8843320896325617;0.8843320896325617;0.9013952102153665
4.9;0.9740711227502898;0.9740711227502898;0.9850541192447341
3.5;0.7343835530651668;0.7343835530651668;0.7767124602508672
0.5;0.479957105519246;0.479957105519246;0.6617540932796486
3.4;0.8779082264610822;0.8779082264610822;0.87994107394981
1.75;0.7300763173912904;0.7300763173912904;0.8210416882227858
2.5;0.8539760152306193;0.8539760152306193;0.8539086352675284
2.25;0.8653197261669044;0.8653197261669044;0.8898056199498136
2.5;0.7721328672644426;0.7721328672644426;0.7951191552983087
3.5;0.9203932773390059;0.9203932773390059;0.9255564802970017
1.5;0.6327342956901403;0.6327342956901403;0.6990815274643583
3.75;0.9077308398958162;0.9077308398958162;0.9179245500516979
3.0;0.8925982398279184;0.8925982398279184;0.9382804004467487
3.45;0.9409613743963646;0.9409613743963646;0.9182533630326368
5.0;0.9803242424310316;0.9853412754047967;0.9775447695690529
1.0;0.8412441507693683;0.8412441507693683;0.8713171306806446
4.9;0.9670194537781694;0.9670194537781694;0.9726318432155306
3.25;0.902452637465127;0.902452637465127;0.9394970139198837
3.25;0.9315436019673566;0.9315436019673566;0.9570565667370273
3.4;0.9730130781594623;0.9730130781594623;0.9717286790481561
3.25;0.9418660968056076;0.9418660968056076;0.9521488101638744
4.0;1.0;0.9999999999999999;0.9941235725335491
3.25;0.9625521696070758;0.9625521696070758;0.9684940761033987
3.9;0.9802713560924574;0.9802713560924574;0.982876790246765
3.75;0.9578760122638493;0.9578760122638493;0.966075297377082
3.9;0.96292995227351;0.96292995227351;0.9647516369443183
3.7;0.8964926980141648;0.8964926980141648;0.9041279128793726
4.25;0.9776843220846928;0.9776843220846928;0.9802287321855888
4.0;0.7856527074134371;0.7856527074134371;0.8616922550203016
4.25;NaN;NaN;NaN
2.25;0.8500816676361644;0.8500816676361644;0.8591437422229017
3.0;0.826667678661749;0.826667678661749;0.871328123480588
0.0;0.4753629595331347;0.4753629595331347;0.7463972268942278
3.45;0.770951556797194;0.770951556797194;0.8096743499318154
3.45;0.8878951166947718;0.8878951166947718;0.9209763839086941
3.25;0.8051573533022112;0.8051573533022112;0.8366768063325198
0.0;0.4689430192292829;0.49551406820378485;0.7192450319049554
4.15;0.9671056994768884;0.9671056994768884;0.9741886245802744
5.0;0.9884463625009247;0.9884463625009247;0.9840105605306735
3.9;0.9762233322057569;0.9762233322057569;0.9770539652664001
3.25;0.9705208123431341;0.9705208123431341;0.9728087304020547
1.45;0.39673383594398215;0.39673383594398215;0.5560076692313999
3.4;0.7719513179533727;0.7719513179533727;0.8430979597319382
3.25;0.9452768654189595;0.9452768654189595;0.95665186052244
0.0;0.4792179828158959;0.4558766536250462;0.706428548932228
1.25;0.6851875885560041;0.7104268044230063;0.7818411763653497
4.3;0.9898537057143226;0.9898537057143226;0.9924703950172048
3.7;0.8564372115420711;0.8564372115420711;0.898113052665423
3.25;0.9494650969332732;0.9494650969332732;0.9037860986242618
3.95;0.86562357596209;0.86562357596209;0.9356908251588277
3.0;0.8784833674218883;0.8784833674218883;0.87761061947384
5.0;0.821296937357221;0.821296937357221;0.8582367548326548
3.0;0.9190849295009109;0.9190849295009109;0.9464958594916874
3.4;0.9210969423127525;0.9210969423127525;0.9546861744677303
4.35;0.9505517136945691;0.9505517136945691;0.9487261725351833
3.0;0.9126336295321913;0.9126336295321913;0.9455629709808678
3.0;0.9275351887209455;0.9275351887209455;0.9453829915355265
3.0;0.6926187379624661;0.6926187379624661;0.7970906427901047
3.0;0.8896955838737343;0.8896955838737343;0.8969741135173841
3.25;0.7934349326862518;0.7934349326862518;0.7916991714427802
3.0;0.9140178590191177;0.9140178590191177;0.926474015096577
2.5;0.809470038383183;0.8021655106387615;0.8882839718746036
3.0;0.9582606318424625;0.9582606318424625;0.9677526298525524
0.0;0.26846728979429;0.26846728979429;0.4550906674721916
4.0;0.8746056310610536;0.8746493158655979;0.8982505377269027
3.9;0.9017046399436633;0.9017046399436633;0.9103343965528811
4.5;0.9878820739858696;0.9878820739858696;0.9873736221579171
3.4;0.8156157429803333;0.8156157429803333;0.9308424303874658
4.25;0.9633652305881512;0.9633652305881512;0.9296236596602145
3.45;0.9691991605875252;0.9691991605875252;0.9758318206457821
4.0;0.8996750775299077;0.8996750775299077;0.9137478770284984
4.4;0.9768294064646491;0.9768294064646491;0.9837781724332647
4.4;0.9605301712072839;0.9605301712072839;0.9620632122105156
3.25;0.7883202976799116;0.7883202976799116;0.8352808205839598
3.0;0.9423701900371753;0.9423701900371753;0.9501664276534473
2.5;0.8468454355314715;0.8468454355314715;0.8487559352597613
3.45;0.9199477631157447;0.9199477631157447;0.9314705643345436
2.75;0.7745403857409436;0.7745403857409436;0.8254251427047544
4.9;0.9915175908884538;0.9915175908884538;0.9917153426629003
4.0;0.8928250851797145;0.8928250851797145;0.9341875388066792
4.9;0.9887778956163793;0.9899353096694057;0.9896362469003732
3.9;0.979909805662885;0.979909805662885;0.9818797032431644
4.9;0.9800132997300179;0.9800132997300179;0.9834549389958884
3.9;0.9108751440304683;0.9108751440304683;0.92397659465544
1.75;0.9490451408442339;0.9490451408442339;0.9204654605729632
4.0;0.9514792910488111;0.9514792910488111;0.9234556661108264
5.0;0.9158289781710506;0.9158289781710506;0.9678337984374192
4.25;0.9048579021745232;0.9048579021745232;0.8990029552911718
3.4;0.9524157445000355;0.9524157445000355;0.9608592989995681
3.25;0.7186011929194889;0.7186011929194889;0.7746881831860125
3.0;0.9301767694085022;0.9301767694085022;0.9340812136609444
2.75;0.8418150526387825;0.8418150526387825;0.8318456638962942
2.5;0.7621671572552955;0.7621671572552955;0.7528583677483663
3.25;0.9781841462827869;0.9781841462827869;0.9799954784095021
2.5;0.9135494110290495;0.9135494110290495;0.9494372345776555
0.0;0.7424164959577416;0.7424164959577416;0.802882020429827
3.25;0.9430064110660312;0.9430064110660312;0.9489638121580682
4.25;0.9270089409096595;0.9270089409096595;0.9462836092524214
3.75;0.9572731424004964;0.9572731424004964;0.9634386694153894
3.9;0.9466986055908049;0.9466986055908049;0.9511775498972752
4.5;0.9701225520885483;0.9701225520885483;0.9735929197826543
3.4;0.9811317659491413;0.9811317659491413;0.981321763895375
4.25;0.9573822298795837;0.9573822298795837;0.9745565739419092
0.0;0.5939804153061944;0.5939804153061944;0.6812214175690073
4.25;0.9446988013046382;0.9446988013046382;0.9418867498412674
2.9;0.8465581248316538;0.8465581248316538;0.8821464772502849
1.75;0.5225588195205274;0.5225588195205274;0.7015354841694369
2.75;0.6910490278707127;0.6910490278707127;0.7932209003186713
4.75;0.9870357155031011;0.9893263357251824;0.9929053410069991
3.9;0.9082497375340445;0.9082497375340445;0.9259003350485021
3.5;0.954519856872411;0.954519856872411;0.9588518812642651
3.45;0.8767923113915078;0.8767923113915078;0.9207883367058162
3.75;0.9318871039213387;0.9367219329797223;0.9487076149288439
4.75;0.9384986298778631;0.9384986298778631;0.9084200761439803
4.25;0.9456449559425787;0.9456449559425787;0.9517733272811204
3.25;0.9228800938569457;0.9228800938569457;0.9297022397595717
3.9;0.9911153224900818;0.9911153224900818;0.9913946473151353
4.2;0.8566088084117364;0.8566088084117364;0.858621622887772
4.25;NaN;NaN;NaN
3.4;0.9199231019806016;0.9199231019806016;0.9244909621671966
2.75;0.7296101477856243;0.7296101477856243;0.7323694716654883
2.0;0.8829999231225318;0.8827904750828981;0.9166634139627031
1.65;0.549802270876389;0.549802270876389;0.6557303880062515
2.75;0.8965805044643179;0.8965805044643179;0.9132966902367441
3.5;0.932063139102595;0.932063139102595;0.9569791590466414
3.0;0.7902080697456669;0.7902080697456669;0.8134706065480705
3.9;0.9148872515589646;0.9148872515589646;0.9322651871058181
3.25;0.9845629801805691;0.9845629801805691;0.9642541091139585
4.0;1.0;1.0;0.9914597361909679
3.9;0.9430836164446315;0.9430836164446315;0.9368059061187323
3.95;0.9100208478278378;0.9100208478278378;0.9340806364371793
2.75;0.8742330226792585;0.8742330226792585;0.9032305153418476
3.0;0.9644603663148803;0.9644603663148803;0.9692806569782187
2.5;0.8485399356769673;0.8663780244688395;0.8889488022983162
3.0;0.9311270624283592;0.9311270624283592;0.929859340510369
2.5;0.7727097709423383;0.7727097709423383;0.8373352072060105
2.75;0.9150203217391026;0.9150203217391026;0.9302328591066298
2.75;0.7061218815085684;0.7061218815085684;0.8619540599817214
4.5;0.9762313034113104;0.9789258341817733;0.9807396074643944
3.9;0.9547375106414366;0.9547375106414366;0.9468653859340385
3.4;0.8192291340157227;0.8192291340157227;0.8594642987060801
4.0;0.9744617109596135;0.9744617109596135;0.9778942196409839
4.85;0.9893433863325212;0.9893433863325212;0.9558334376514538
0.0;0.5856584404651192;0.589256566323248;0.782474833446631
4.9;0.9673192480943527;0.9673192480943527;0.9665948397622581
3.5;0.7911717034000972;0.7911717034000972;0.8182264098929851
3.25;0.9102479752898863;0.9102479752898863;0.9135317178303106
1.25;0.5642214146767115;0.5642214146767115;0.718309232646535
3.15;0.9217779396647705;0.9217779396647705;0.9326125944471007
