Human;bioconceptvec_fasttext__tok-whitespace_lc_sw-nonestopwords_cf-none_ner-none_Min;bioconceptvec_fasttext__tok-whitespace_lc_sw-nonestopwords_cf-biosses_ner-none_Min;bioconceptvec_fasttext__tok-whitespace_lc_sw-nonestopwords_cf-blagec2019_ner-none_Min;bioconceptvec_fasttext__tok-whitespace_lc_sw-nonestopwords_cf-default_ner-none_Min
3.5;0.9999461063480571;0.9999902862581169;0.9998979415995776;1.0
2.5;0.9986476003235154;0.9984720013722409;0.9984720013722409;0.9984720013722409
3.45;0.9878180300109581;0.9890375512471717;0.9890375512471717;0.9890375512471717
4.0;0.9992479427317683;0.9992556854253949;0.9992527116705593;0.9992556854253958
3.0;0.9944553910504459;0.9946364978330812;0.9946364978330812;0.9946370270481907
2.0;0.990683018979584;0.9906299701321235;0.9906299701321235;0.9906299701321235
2.5;0.999087719645044;0.9990910558098762;0.9988733333226562;0.9990910558098755
3.0;0.9671011314035272;0.9797230682127118;0.9797230682127118;0.9797230682127118
0.0;0.9861837741343599;0.982560342400636;0.982560342400636;0.982560342400636
2.5;0.9922446852901701;0.9870808775191718;0.9870808775191718;0.9870808775191718
3.0;0.9925953114585137;0.9926082673685909;0.9926082673685909;0.9926082673685909
0.5;0.9879899488034972;0.9879437842630329;0.9879437842630329;0.9762674921734112
3.0;0.9943202647573677;0.9932267693774509;0.9942975419776153;0.9932267693774509
4.1;0.9968190010316695;0.9999765413176889;0.9999765413176889;0.9999765413176889
3.5;0.971854479842577;0.9718565232101164;0.9718565232101164;0.9718565232101164
4.0;0.9998405268770723;0.999871546049803;0.999871546049803;0.999871546049803
2.5;0.995122764157505;0.9968044355782443;0.9968044355782443;0.9968044355782443
4.0;0.9997766091703278;0.999582695399547;0.999582695399547;0.999951451156062
4.0;0.9988385017164213;0.9986700341518653;0.9986700341518653;0.9990360092054998
4.1;0.9958362118299529;0.9927245808699692;0.9927245808699692;0.9927245808699692
4.0;0.9973486963489501;0.9943755988321169;0.9943755988321169;0.9943755988321169
3.0;0.9971042462109482;0.9964103502964351;0.9964103502964351;0.9967779598932859
4.0;0.9822025539160124;0.987357200560556;0.987357200560556;0.987357200560556
3.0;0.9831178003333622;0.9903698036660913;0.9903698036660913;0.9903698036660913
4.5;0.9999827785186143;0.999987434988258;0.9999874349882577;0.9999999188913874
3.5;0.9958459566710134;0.9959658468595672;0.9959658468595672;0.9842510322758072
3.5;0.9927246131771468;0.9928665469018727;0.9928665469018727;0.9928665469018727
3.0;0.9988990700308495;0.9989190749705544;0.9989190749705544;0.9988801357339323
3.5;0.9990808145883715;0.9990605751941226;0.9990605751941226;0.9990605751941226
4.0;0.9999999982208918;0.9999999999999999;0.9999999999999994;1.0000000000000002
4.0;0.9997763088395213;0.9995722012097078;0.9995722012097078;0.9999421331511881
4.0;0.9998519713814269;1.0000000000000004;1.0000000000000004;1.0000000000000004
3.0;0.9975014806496969;0.9975100470738667;0.9974995541394188;0.9975100470738667
2.5;0.9987966310894983;0.9956981822314486;0.9956981822314486;0.9956981822314486
2.5;0.9958111744319412;0.9965374739584805;0.9965374739584805;0.9965374739584805
3.0;0.9982369491483153;0.9858371754470843;0.9858371754470843;0.9858371754470843
0.0;0.9580901392953314;0.959725551766298;0.959725551766298;0.959725551766298
4.25;0.9916939939022422;0.9930478700962333;0.993047870096233;0.9930478700962333
3.0;0.972983649835932;0.9864658137858461;0.972219678234862;0.9864533473432101
3.0;0.9930272310733331;0.9944894716597595;0.9944894716597595;0.9944894716597595
4.0;0.997977507721277;0.9967417937955416;0.9967417937955416;0.9967435691711747
0.0;0.989714446261132;0.9915400089390474;0.9915400089390474;0.9909833954823185
3.5;0.988509319792453;0.9912603276863893;0.9912603276863893;0.9912603276863893
1.0;0.9858588929175661;0.9806290018500278;0.9806290018500278;0.98598285652881
0.0;0.9940281843298504;0.9952052044296905;0.9952052044296905;0.9952052044296905
1.5;0.9982552288400194;0.9978900047378964;0.9978900047378964;0.9978900047378964
3.6;0.975417789372146;0.9791756875327386;0.9791756875327386;0.9791756875327386
3.0;0.9999998119551621;0.9998706685168264;0.9998321359443724;0.9998706685168263
3.0;0.9995426862582824;0.9996559066489676;0.9996558820470008;0.9993322939544629
5.0;0.9973336401090773;0.9973879206316493;0.9973879206316493;0.9973879206316493
3.5;0.9877016385741947;0.9882259065036294;0.9882259065036294;0.9882259065036294
0.0;0.99207547852437;0.9931907079301514;0.9932409417433811;0.9843685510815047
4.0;0.9952488466312815;0.9954551086857014;0.9954551086857014;0.9954439546278843
4.5;0.9996386245168004;0.999931553123989;0.999931553123989;0.999931553123989
3.0;0.9977117080080166;0.9972226016928943;0.9972226016928943;0.9972226016928943
3.5;0.997305826575432;0.9970099849349873;0.9970099849349873;0.9970099849349873
4.0;0.9999920385904458;0.9999784129984758;0.9999784129984758;0.9999784129984758
3.0;0.9997134113728987;0.9923920412070323;0.9923920412070323;0.9923920412070323
3.0;0.9707017487160271;0.9713163032762702;0.9713459015714963;0.9713163032762702
3.5;0.9802226913927032;0.9773950148582572;0.9773950148582572;0.9773950148582572
2.5;0.9721258718727545;0.9721909571606271;0.9721909571606271;0.9721909571606271
3.5;0.9987262353302796;0.9940349220653845;0.9999349907973676;0.9940349220653845
3.5;0.988595675711398;0.9887317545912457;0.9887317545912457;0.9885590540959794
3.0;0.9908381838168278;0.9913520608217611;0.9913520608217611;0.9891803147869751
4.5;0.8232150728532835;0.8254950254652409;0.8254950254652409;0.8254950254652409
2.5;0.9961678480657257;0.9893071294531898;0.9966352957705201;0.9893071294531898
3.5;0.9999028372539622;0.9962196721567426;0.9963736690876464;0.9962196721567426
3.0;0.994854593964303;0.9961681166909993;0.9960530754442383;0.9961681166909993
2.5;0.9897879197681795;0.9960482697722721;0.9960482697722721;0.9960482697722721
4.0;0.9792568024560396;0.9793658570753646;0.9793658570753646;0.9793658570753646
3.5;0.9842706074283639;0.9848435846925478;0.9848435846925478;0.9848435846925478
3.5;0.9747085865290671;0.9747466266641072;0.9747466266641072;0.9747466266641072
3.0;0.9987961276992252;0.998952354305868;0.9988650220808286;0.998952354305868
2.5;0.9947432499343157;0.9956909966857526;0.9956909966857526;0.9956909966857526
4.0;0.9903583101435477;0.9939706074417376;0.9939706074417376;0.9939706074417376
3.5;0.8293318718521853;0.8292672128299045;0.8292672128299045;0.8292955206493597
2.5;0.9956293904401655;0.9867557646712778;0.9867557646712778;0.9867557646712778
2.5;0.9981514252624244;0.9986930414802349;0.9986930414802349;0.9986930414802349
5.0;0.9997630456161614;0.9997418856961431;0.9997418856961431;0.9997418856961431
4.25;0.9950051267149866;0.9942585228913923;0.9942585228913923;0.994178118999626
2.5;0.9951640704789402;0.9952626149671616;0.9952626149671616;0.9952626149671616
2.95;0.9879039457151322;0.9877726216720775;0.9877726216720775;0.9877726216720775
3.0;0.9995736380330813;0.9996184223439247;0.999610330062655;0.9996185051859064
3.45;0.9999719708191374;0.9999898084487131;0.9999898084487131;0.9999898084487131
2.5;0.9946322674418925;0.9915733846560775;0.9915733846560775;0.9915733846560775
0.5;0.9657138161097215;0.9692991108952197;0.9709565687150453;0.9692999533894037
4.5;0.9861939145849629;0.9863008145195756;0.9863008145195756;0.9863008145195756
2.0;0.9986511830724843;0.999438136578735;0.999438136578735;0.999438136578735
2.0;0.9893932990329689;0.9884454041681096;0.9884454041681096;0.9884454041681096
3.5;0.9976533604503354;0.9999692006630908;0.9999692006630908;0.9999983298975483
3.5;0.9987243378618563;0.9987434052244016;0.9987434052244016;0.9987434052244016
4.0;0.999583662086584;0.999583662086584;0.999583662086584;0.999583662086584
3.5;0.9975250572925835;0.9975960118466248;0.9975305928033599;0.9975960118466248
4.0;0.9999999999999996;1.0000000000000002;0.9999999999999999;0.9999998689636349
2.5;0.9827181445175431;0.9826085774505386;0.9826085774505386;0.9826085774505386
3.0;0.9956979478416246;0.9947840322117184;0.994790395341447;0.9955571591141005
3.0;0.9936149202651879;0.994064360785247;0.9940804192117965;0.994064360785247
3.0;0.9858882851789469;0.9923995520516758;0.9923995520516758;0.9923995520516758
1.0;0.9664086590528749;0.9771693771345019;0.9771693771345019;0.9771693771345019
2.0;0.9764565541183714;0.9778598439140942;0.9778598439140942;0.9778598439140942
2.0;0.9989341008346883;0.9989210340148225;0.9989210340148225;0.9989210340148225
4.5;0.9842592337455592;0.9843130535337395;0.9843130535337395;0.9843130535337395
4.0;NaN;NaN;NaN;NaN
3.0;0.9889659863902122;0.989059640388784;0.989059640388784;0.989059640388784
3.0;0.999997281226827;0.9999914537276219;0.9999914537276219;0.9999914537276219
4.15;0.9336171368498583;0.9437299921832613;0.9437299921832613;0.9437299921832613
2.5;0.9903932297008566;0.9914986696539198;0.9913448892247596;0.9913448892247593
3.5;0.9976117874390728;0.9960918040559855;0.9960918040559855;0.9960918040559855
4.0;0.986266111675107;0.9864055265445091;0.9864055265445091;0.9864055265445091
5.0;0.9767301918013708;0.9885136443827249;0.9886647229918221;0.9885136443827249
4.8;0.988062393668266;0.9900658080859133;0.9900658080859133;0.9901130408404125
0.0;0.9462755064681069;0.9467724333285068;0.9467724333285068;0.9490207042782399
4.6;0.9999946571479833;0.9999946627899717;0.9999946627899717;0.9999946627899717
3.0;0.9973707613249791;0.9798761046114409;0.9811364198332851;0.9798714792116361
2.7;0.9936866564236188;0.9937749599354916;0.9937749599354916;0.9937749599354919
3.6;0.9946394231238007;0.9993928190543386;0.9993928190543386;0.9993928190543386
3.75;0.9937008476873602;0.9913533176534587;0.995458495060243;0.9913533176534587
3.65;0.9904148586410075;0.9940169296396287;0.9940169296396287;0.9940169296396287
0.0;0.9955405361328687;0.9965701120171597;0.9965701120171597;0.9965701120171603
3.0;0.9750840196765318;0.9761771333180513;0.9761771333180513;0.9761771333180513
4.75;0.9942992586089745;0.9930494825537766;0.9930494825537766;0.9930508550962098
3.6;0.9973117947718287;0.9972922713954595;0.9972922713954595;0.9972853320037053
3.5;0.9999222758318578;0.9991845403377271;0.9991845403377271;0.9991845403377271
2.75;0.9865375826360594;0.9901991395154495;0.9886711053825403;0.9964348271057553
5.0;0.9999862070313074;0.9999798828432879;0.9999798828432879;0.9999798828432879
4.0;0.9906554633041745;0.991718964849475;0.9906234614528029;0.991718964849475
3.0;0.9867724475531476;0.9952498529886614;0.9952498529886614;0.9948777262545929
3.5;0.9448233664611926;0.9251374376243567;0.9251374376243567;0.9251374376243567
3.35;0.9902399468738156;0.9940253538301616;0.9940275983643562;0.9940253538301616
3.2;0.9819081721369184;0.9717334038825065;0.9717334038825065;0.9717334038825065
3.6;0.9924103156350518;0.9924097756930308;0.9924097756930308;0.9924097756930308
3.75;0.9768827493849679;0.9741175518585439;0.9741175518585439;0.9741175518585439
4.0;0.9998133754245804;0.9999725310237917;0.9999725310237917;0.9999850332589345
3.75;0.9989923983059702;0.9990117658909288;0.9990117658909288;0.9990117658909288
3.5;0.9908869149742708;0.9904521484269627;0.9905132597969766;0.9904521484269627
3.5;0.9973096459543672;0.9967852371276521;0.9967852371276521;0.9967852371276521
4.25;0.9999998792237117;0.9986571031751206;0.9999697730759803;0.9986571031751206
0.0;0.9959452533634511;0.9959740911519107;0.9959740911519107;0.9959740911519107
3.5;0.9903280238321898;0.994097646085833;0.994097646085833;0.994097646085833
2.75;0.9991548014533532;0.9974787628941926;0.9974787628941926;0.9974787628941926
5.0;0.9968102454643001;0.9968100577076855;0.9968100577076855;0.9968100577076855
3.75;0.9999956891847672;0.9999956891419447;0.9999956891419447;0.9999956891419447
3.45;0.9992169216299087;0.9996645076309201;0.9996645076309201;0.9996645076309201
3.0;0.9989895910301937;0.9950661803051538;0.9950661803051538;0.9950661803051538
2.25;0.8718241620969389;0.8717804496201217;0.8717804496201217;0.8717804496201217
3.25;0.9931375358187747;0.9935269415450242;0.9935269415450242;0.9935269415450242
4.2;0.9993730555515257;0.9994806876802662;0.9998134579650545;0.9994806876802662
4.25;0.9952086422394524;0.995053971324385;0.995053971324385;0.995053971324385
4.4;0.9996833785504943;0.9999558926474372;0.9999577750504631;0.9999558926474372
2.5;0.9714861462067577;0.9724523956528698;0.9724523956528698;0.9730163111359716
1.75;0.9866434258809659;0.9858648078417392;0.9866012726366815;0.9858240151894218
3.5;0.9973006710785056;0.998293148119851;0.998293148119851;0.998293148119851
3.5;0.990484342016878;0.9940853112341381;0.9940943716578656;0.9940853112341381
5.0;0.9999824179752577;0.9999911127399221;0.9999911127399221;0.9999911127399221
3.95;0.9997401834587785;0.9999312563907884;0.9999312563907884;0.9999312563907884
3.5;0.996062463562777;0.9973725464156243;0.9973156920999133;0.9973156920999133
3.25;0.9300801636445315;0.9298052537583601;0.9298052537583601;0.9300140451543987
4.5;0.9901289563867957;0.9900135370031807;0.9900135370031807;0.9900135370031807
0.0;0.976863254342461;0.9756222900538039;0.9756222900538039;0.9756222900538039
3.1;0.9999375054279185;0.9998854393326899;0.9998854393326899;0.9998854393326899
3.5;0.9999083863950861;0.99993545501614;0.99993545501614;0.99993545501614
4.25;0.9990067216310756;0.9988387002004231;0.9988387002004231;0.9992141827996025
2.75;0.976022992700124;0.9761513252142487;0.9761513252142487;0.9761429695276025
3.5;0.9896858305688838;0.9897171841405865;0.9897171841405865;0.9897171841405865
4.5;0.9985944975467076;0.9998944643126236;0.9998944643126236;0.9998944643126236
3.5;0.9998929757961496;0.9998929772520607;0.9998929772520607;0.9998929772520607
2.9;0.9807846281124296;0.9849491613092187;0.98246627245848;0.9925599278437325
3.0;0.9714189675617825;0.9937458243014281;0.9937458243014281;0.9937458243014281
3.0;0.9815718498402136;0.9940623117432561;0.9940623117432561;0.9940623117432561
3.0;0.9958174599898985;0.9919496933604611;0.9919565629017569;0.9898719039690607
4.0;0.9839422980528656;0.9875370708884027;0.9875370708884027;0.9875370708884027
0.0;0.9807401379876415;0.9784139236956771;0.978924144395298;0.978924144395298
3.75;0.9995435986164868;0.9999570845331425;0.9999570845331424;0.9999570845331424
3.0;0.9999799500403264;0.9999798334194886;0.9999798334194886;0.9999798334194886
2.5;0.9986760518108845;0.9980855732261285;0.9991721642341302;0.9980850058904931
3.5;0.9988287188706713;0.9988278449379738;0.9988278449379738;0.9988278449379738
4.0;0.9691190261021869;0.9697508270194602;0.9697508270194602;0.9697508270194602
4.5;0.9993193409915913;0.9996379595216093;0.9996379595216093;0.9996379595216093
3.5;0.9935777797869958;0.9893402482894988;0.9893402482894988;0.9893402482894988
2.5;0.9973877370606702;0.9998373435251281;0.9998316033912071;0.9998373435251281
3.75;0.9973410284284996;0.996648793470167;0.996648793470167;0.9970168572121538
3.5;0.9894019738593767;0.990251527519541;0.990251527519541;0.990251527519541
3.0;0.9980465174528054;0.9936943014296175;0.9936943014296175;0.9936943014296175
3.9;0.9995029900038982;0.9989351307248919;0.9989351307248919;0.9989351307248919
3.25;0.9508735907403721;0.9582615223783145;0.9582615223783145;0.9582615223783145
3.75;0.999989618818523;0.9999757934308378;0.9999757934308378;0.9999757731547845
3.4;0.9887473914544356;0.9900169081939078;0.9900169081939078;0.990001934854196
4.75;0.9999912040291038;0.9999909464946656;0.9999909464946656;0.9999909464946656
3.5;0.9959938687705702;0.9939718531759925;0.9939718531759925;0.9939718531759925
3.75;0.9878501710000951;0.9897831999610236;0.9897831999610236;0.9893714449496945
3.25;0.9953917435295133;0.9990921819555388;0.9990921819555388;0.9990921819555388
0.5;0.8753751264476698;0.8845013677735941;0.8845013677735941;0.8845013677735941
0.5;0.9925611306452176;0.9746685215938581;0.9746685215938581;0.9746685215938581
3.75;0.9533421929453654;0.9738786160757199;0.9738786160757199;0.9738786160757199
3.25;0.9822025539160124;0.987357200560556;0.987357200560556;0.987357200560556
2.5;0.9937908448173092;0.9937544253538249;0.9937544253538249;0.9766236467343842
4.95;1.0;0.9999982863897188;0.9999982863897188;0.9999982863897188
0.0;0.9874670244517579;0.9866719572817174;0.9866719572817174;0.9866719572817174
3.4;0.9923043003065509;0.9873020085480033;0.9873020085480033;0.9873020085480033
3.0;0.9789513128170343;0.9790017814407725;0.9790017814407725;0.9790017814407725
3.5;0.9741998344059903;0.9804870515405273;0.9804870515405273;0.9804870515405273
4.25;0.998036333450975;0.9995753732129652;0.9995753732129652;0.9995753732129652
3.0;0.9999867954110627;0.9999861693455261;0.9999861297929579;0.9999861693455261
3.9;0.9995332524200146;0.9993704391026129;0.9993704391026129;0.9996541880934583
3.25;0.981030988669549;0.9985631647289178;0.9985580218697034;0.9985580218697043
3.0;0.9996009111736356;0.9732717090838009;0.9732717090838009;0.9732717090838009
3.5;0.9999510771232235;0.9995286991949677;0.9995286991949677;0.9995286991949677
3.25;0.9970504597287181;0.9992431183666671;0.9992431183666671;0.9992431183666671
4.45;NaN;NaN;NaN;NaN
1.5;0.9753934537284936;0.9953200083033624;0.9953200083033624;0.9953200083033619
3.0;0.9949150816348385;0.9949640288843491;0.9949640288843491;0.9949640288843491
3.25;0.9972692890005092;0.9974514641649898;0.9974514641649898;0.9974514641649898
3.9;0.9976214963611861;0.9985398946766105;0.9985398946766105;0.9985398946766105
2.9;0.9906280978262516;0.9906225373323722;0.9913320291495112;0.9906225373323722
2.0;0.9920936466457692;0.993940913474723;0.993940913474723;0.9945817530430883
3.75;0.9997700023607918;0.9981662516715324;0.9979249167026913;0.9981662516715324
3.0;0.9844696726059333;0.9839563432818814;0.9841739795909803;0.9841739795909805
3.0;0.980786697458328;0.9833541529463684;0.9824768208797554;0.9908668621792934
1.5;0.9717484830244246;0.9729963526572556;0.9729963526572556;0.9729963526572556
2.4;0.9963317971491069;0.9975202017801881;0.9975202017801881;0.9975206319065919
3.0;0.9956300108299652;0.997526919840293;0.9959863087997811;0.9975269198402925
0.0;0.9567475060143231;0.9739162149306344;0.9739162149306344;0.9739162149306344
3.5;0.9973556622631119;0.9951153819271463;0.9975287044948347;0.9951113143672653
3.5;0.9998171296190504;0.999820146373469;0.999820146373469;0.999820146373469
3.75;0.9982794940445531;0.9848421181270758;0.9848421181270758;0.9848421181270758
4.9;0.9999945298739976;0.9999372738825447;0.9999939024324528;0.9999372738825439
1.25;0.9980892376041454;0.9972313638611318;0.9972313638611318;0.9972313638611318
3.0;0.9969394599228298;0.9969580591368328;0.9969580591368328;0.9969580591368328
3.75;0.9940684471778621;0.996804763746168;0.996804763746168;0.996804763746168
2.0;0.9773821196967339;0.9296041753215734;0.9973810390308193;0.9295848926483847
3.0;0.9924378385745031;0.9931331809852693;0.9931331809852693;0.9931331809852693
3.0;0.9762845395366956;0.9779733328877985;0.9779733328877984;0.9779733328877984
2.1;0.9752816099804187;0.9842602878031217;0.969191098165395;0.9842602878031217
3.0;0.9903330363920007;0.9922819950352506;0.9922819950352506;0.9917895249730633
1.5;0.9953346382969103;0.9954010837902993;0.9954010837902993;0.9954010837902993
4.75;0.9966224247571013;0.9964004302197759;0.9964004302197759;0.9964004302197759
3.6;0.9867846744753299;0.9868166552755925;0.9868166552755925;0.9868166552755925
3.0;0.9948593210882215;0.9948273115642497;0.9948241530013175;0.9950795894993549
3.25;0.9884033675215858;0.9841030075643313;0.9841030075643313;0.9841030075643313
3.0;0.995071861166219;0.9950897771594229;0.9950897771594229;0.9954870710405999
1.5;0.956685587648636;0.9567058957349638;0.9567057820817804;0.9988508419700914
0.0;0.9859844699024988;0.9845945997294991;0.9845945997294991;0.9791226033384078
3.9;0.9999634029088236;0.9999873036101765;0.9999873036101765;0.9999873036101765
4.45;0.984572545896702;0.9848761570603591;0.9848761570603591;0.9848761570603591
0.0;0.9916703458582684;0.9916439364714951;0.9916439364714951;0.9916439364714951
3.0;0.9830543781318903;0.983325814261301;0.983325814261301;0.983325814261301
3.6;0.9925107204092793;0.9922323605338387;0.9922323605338387;0.9775216889437653
3.5;0.9848258149936396;0.9873745396348617;0.9869700169815628;0.9873745396348617
3.45;0.995964639253049;0.9976744657938323;0.9976744657938323;0.9976744657938323
3.0;0.998447738933452;0.9982906558068511;0.9982906558068511;0.998659552511728
3.0;0.9951770018077456;0.996401046161353;0.996401046161353;0.996401046161353
3.5;0.9997125854556835;0.9997098867953174;0.9997098867953174;0.9997096229722902
4.2;0.9999990622028622;0.9879831909233451;0.9879831909233451;1.0
3.25;0.9970679216194549;0.9916743363144419;0.9973636008891628;0.9916743363144425
2.0;0.995218311124301;0.9952781892589369;0.9952781892589369;0.9952781892589369
0.0;0.951542805266216;0.9518743173582418;0.9518743173582418;0.9520168524395829
4.25;0.9999337149663138;0.9999993783158694;0.9999993783158694;0.9999993783158694
4.25;0.9973900912413306;0.9973916272074587;0.9973916272074587;0.9973878569305585
3.0;0.9997034174257685;0.9924692033476709;0.9924692033476709;0.9924692033476709
1.5;0.9777357140541233;0.977194398308643;0.977194398308643;0.977194398308643
4.25;0.9913862806238494;0.991563835711881;0.991563835711881;0.991563835711881
3.5;0.986368097271155;0.9949111034573114;0.9949111034573114;0.9949111034573114
3.75;0.9894093191087637;0.9778252930330504;0.9778406851421405;0.9772052257804096
3.75;0.9892679808203432;0.9999483072002563;0.9999483072002563;0.9999443516271508
3.75;0.9981994667474525;0.9980196325020677;0.9980196325020677;0.9983950683217729
3.5;0.8690733978124161;0.8674407020604307;0.8674407020604307;0.8674407020604307
4.25;0.9952988529523507;0.9952774997199275;0.9952774997199275;0.9952758544469422
3.0;0.9963113752823818;0.9971980674970646;0.9971980674970646;0.9971980674970646
3.5;0.9901340357771021;0.9999610934957925;0.9999610934957925;0.9999610934957925
3.35;0.9798046356486103;0.9800282829870771;0.9800282829870771;0.9800282829870771
3.25;0.9997528678660934;0.9987056801388708;0.9997297002327479;0.9987140337000006
4.4;0.9769707824457117;0.9591382624501319;0.9591382624501319;0.9591382624501319
5.0;0.9990760614343259;0.9990767814791487;0.9990767814791487;0.9990767814791487
4.4;0.9999331914279534;0.9999965301468663;0.9999965301468663;0.9999965301468663
0.0;0.9813453536092528;0.9813530610170901;0.9813530610170901;0.9813530610170901
3.5;0.9983669893519099;0.9948123687958158;0.9985362345451352;0.9948322962368172
3.9;0.982436808925002;0.9833702345158929;0.9833702345158929;0.9833702345158929
5.0;0.976427347925666;0.9587996287339511;0.9587996287339511;0.9587996287339511
0.0;0.9665784305243541;0.9671054882841358;0.9671054882841358;0.9782680080494425
3.0;0.9937475406120134;0.9960046089442749;0.9960046089442749;0.9970370175439275
3.0;0.9899390175182755;0.9916817443837945;0.9916817443837945;0.9916817443837945
4.25;0.9846142522211204;0.9848753675761294;0.9848753675761294;0.9848753675761294
0.0;0.9484928368587252;0.9481131105232765;0.9481131105232765;0.9481131105232765
3.5;0.9373619194527507;0.9437148409642973;0.9437148409642973;0.9437148409642973
3.1;0.9878965186019387;0.9905124740917733;0.9905124740917733;0.9905124740917733
3.0;0.994641323321578;0.998357230146322;0.998357230146322;0.998357230146322
3.0;0.9984028754116352;0.9990299360516717;0.9987580621467662;0.9990299360516718
3.0;0.9999448573514648;0.9999776545535163;0.9999774827727144;0.9999776545535163
3.75;0.9953187176303244;0.9960250254259491;0.9955667910134625;0.9955667910134625
0.5;0.9781753707112627;0.9811437456855536;0.9811437456855536;0.9811437456855536
2.5;0.9813076720742309;0.9909481274652113;0.988844648446514;0.9892974797166855
3.0;0.9986419470312611;0.9991704224106068;0.9991704224106068;0.9991731332450376
3.75;0.9971671695860265;0.9972662694750241;0.9972662694750241;0.9972662694750243
3.5;0.9991241833319269;0.9991205876191678;0.9991205876191678;0.9991205876191678
3.9;0.9995201880081122;0.9996067295697724;0.9996067013613388;0.9995591804204618
2.75;0.996213751742577;0.9975905902522311;0.9969431578114115;0.9975905902522316
3.0;0.9989441394385934;0.9989381398755527;0.9989381398755527;0.9989330545150991
4.4;0.9985425013961345;0.9987733456504944;0.9987733456504944;0.9987733456504944
2.0;0.9995437429948313;0.9996511883128558;0.9996511883128558;0.9996511883128558
3.5;0.9985891080567774;0.9984040354192889;0.9984040354192889;0.9987730240763544
3.4;0.9970339192964537;0.9953716560745274;0.9955857714995267;0.9953716560745274
4.95;0.999954792017083;1.0;1.0;0.9999997899189574
3.75;0.9949895375254083;0.994671844453674;0.9943661499686306;0.9943661499686306
0.0;0.9966856120453539;0.994412302127908;0.994412302127908;0.9982715010836223
3.75;0.9956725843166037;0.9955190435508025;0.9955190435508025;0.9958281566585976
2.9;0.9907286564464735;0.9908092877260313;0.9908092877260313;0.9908092877260313
4.75;0.9774704789023515;0.9770674173429622;0.9770674173429622;0.9770674173429622
4.9;0.9556717408568933;0.9660495644412666;0.9660495644412666;0.9660495644412666
4.25;1.0000000000000002;0.9498138607982113;0.9295604039216084;0.9498138607982113
3.9;0.9989194573141068;0.998754956111936;0.998754956111936;0.9991304912963784
1.95;0.9997587403086502;0.9996530801738197;0.9996530801738197;0.9996531021111142
3.75;0.9999785017167503;0.9999772235011762;0.9999772235011762;0.9999772235011762
4.25;NaN;NaN;NaN;NaN
3.0;0.9976010869126195;0.9969286078390736;0.9969286078390736;0.997258121067879
2.25;0.9946583139234706;0.9940487649575491;0.9949407431816565;0.9940487649575491
2.5;0.9868560130986007;0.9877141668906914;0.9877141668906914;0.9875798293312907
3.0;0.9815849676683669;0.9800920850754455;0.9813483947672492;0.9800920850754455
3.25;0.9952784833410967;0.9943112930266287;0.9943175842354504;0.9949470202496906
4.0;0.9990982154521181;0.9992058333736372;0.9992052612990135;0.9992182990085394
4.75;0.9363537145943998;0.9337475683627581;0.9337475683627581;0.9337475683627581
3.0;0.9999521210413834;0.9998644891813585;0.9998715872607213;0.9998178603819535
3.4;0.9945780552313757;0.9956229894473209;0.9956227479277853;0.9956229894473209
3.4;0.9935422108551656;0.9936321396674193;0.9936321396674193;0.9936321396674193
0.5;0.9794414587051303;0.9854994898654273;0.9854994898654273;0.9854994898654273
1.9;0.9330580774894455;0.9173944943826212;0.9198612158673949;0.9198612158673949
4.5;0.9947714962826563;0.9990591951703215;0.9948712798078675;0.9990589646255283
3.2;0.9997895728092835;0.9989755275378065;0.9989755275378065;0.9989755275378065
3.25;0.9761506025022642;0.999994273113061;0.9762047122431367;0.9999998452175045
3.25;0.9978892982071771;0.9978731842405276;0.9978731842405276;0.9978731842405276
3.25;0.9985075756340438;0.9988987749991834;0.9988222528624127;0.9988987749991823
3.0;0.9916278697219828;0.9916157613169978;0.9916157613169978;0.9916157613169985
3.45;0.9998611902768573;0.9992060919596044;0.9992060919596044;0.9992060919596044
3.7;0.9860561452498525;0.9690059088064936;0.9898515771151588;0.9688987759444094
3.5;0.9999994308807653;0.999952827474272;0.9999528240872263;0.9998989312937281
2.75;0.9924085262683974;0.9931785854521352;0.9923982016128751;0.9878086506418305
3.1;0.9996539765037538;0.9996923850156544;0.9996923850156544;0.9996923850156544
3.4;0.998860688725851;0.9986941781941796;0.9986941781941796;0.9990718667381979
3.25;0.937565685695417;0.9422025287019602;0.9422025287019602;0.9422025287019602
3.35;0.9992500384744013;0.9966747209153634;0.9966747209153634;0.9966747209153634
4.9;0.9738470138417272;0.9999834783914042;0.9999667543585735;0.9999834783914042
3.5;0.9904465430705558;0.9940269763284098;0.9940943716578656;0.9940269763284098
4.65;0.9998681796656504;0.9998830387877669;0.9998830387877669;0.9998830387877669
4.75;0.9941374670006193;0.9941573823745155;0.9941386844450729;0.9941914497823171
4.7;0.9999578037286108;0.9999578089824619;0.9999578089824619;0.9999578089824619
3.5;0.9937978802692579;0.9940269763284095;0.9940943716578661;0.9940269763284095
3.25;0.9988069268841238;0.9993547195212878;0.9988081461694397;0.9993547195212878
1.5;0.9433972848455117;0.9787263219268433;0.9434776601782424;0.9786859880339049
4.2;0.9303319732236527;0.9500674371821958;0.9500674371821958;0.9500674371821958
5.0;0.9982122990759738;0.9982473544751485;0.9982473544751485;0.9982473544751485
3.0;0.9522245575994668;0.9518987209403958;0.9518987209403958;0.9518987209403958
3.0;0.9624949793428508;0.9803512330074695;0.9803512330074695;0.9803512330074695
5.0;0.9999863241125281;0.9999947459656935;0.9999947459656935;0.9999947459656935
0.0;0.9310318646714016;0.9312391183825712;0.9312391183825712;0.9312391183825712
3.5;0.9969211626936498;0.9969661728091463;0.9969661728091463;0.9969661728091463
3.75;0.9935506983200941;0.9937200953496135;0.9937200953496135;0.9937200953496135
4.5;0.998281247696405;0.999233131126719;0.999233131126719;0.999233131126719
3.7;0.9980773546316493;0.9980777069447365;0.9980777069447365;0.9980777069447365
3.25;0.9709723497879302;0.9733457899222031;0.9733457899222031;0.9733457899222031
4.25;0.9800473284798071;0.9773880865596268;0.9773880865596268;0.9773880865596268
2.0;0.9498378534441705;0.950222953774892;0.950222953774892;0.950222953774892
4.0;0.9998638453359578;0.9994947746745035;0.9998123072325755;0.9991353333876202
3.75;0.939754571866752;0.8542673979899735;0.8542673979899735;0.8542673979899735
3.5;0.9803619600617715;0.973627294057618;0.9736324382116663;0.973627294057618
3.0;0.9827346030027635;0.9893911527397303;0.9869032085178576;0.9965972402198509
4.95;0.9886290613231261;0.9886483314229414;0.9886483314229414;0.9886483314229414
4.0;0.9999337149663138;0.9999993783158694;0.9999993783158694;0.9999993783158694
4.0;0.9189842569068586;0.934545331295546;0.934545331295546;0.934545331295546
4.9;0.9725432458309928;0.9782516488700765;0.9782516488700765;0.9782516488700765
4.9;0.9898357753223586;0.9928879170070438;0.9928879170070438;0.9928879170070438
3.7;0.9996414991894833;0.9999968389916292;0.9997240999208927;0.9999927239404829
4.0;0.9875944841243219;0.9876397073601847;0.9876397073601847;0.9876397073601847
3.25;0.9566014466235638;0.9605974031246555;0.9605974031246555;0.9605974031246555
3.0;0.999978489632737;0.9999773934071374;0.9999760420275028;0.9999849543602912
2.25;0.9716539095884248;0.9710055285858786;0.9710061109104517;0.9710055285858786
3.0;0.9997394923803362;0.9996130990528652;0.9996130990528652;0.9998959170165058
4.0;0.9318973863592827;0.9371877008035981;0.9371877008035981;0.9371877008035981
3.4;0.9970014271124683;0.9958407184142974;0.9958407184142974;0.9958407184142974
2.9;0.9705262703617078;0.9704664781663946;0.9704664781663946;0.9704664781663946
3.25;0.9980557826548168;0.9977999375058743;0.9978496061482485;0.9977999375058743
2.5;0.999487077381957;0.9994834697771203;0.9994834697771203;0.9994834697771203
3.7;0.9886356857259685;0.9681776627720061;0.9922774119894809;0.9680694712060469
3.25;0.9953287403012366;0.9974959160188883;0.9972812399050276;0.9974959160188883
0.5;0.9862983642006115;0.9866037130736262;0.9866037130736262;0.9866037130736262
2.75;0.9986784999760272;0.9920293912254016;0.9901577614411156;0.9920293912254016
4.0;0.9957792763530409;0.9961191537387271;0.9961191537387271;0.9977680309586756
1.75;0.9925607566588658;0.9921896534703368;0.9921896534703368;0.9921896534703368
4.0;0.9869687804563586;0.9941299773392385;0.9941299773392385;0.9941299773392385
3.45;0.9567701629513795;0.9567974024696058;0.9567974024696058;0.9567974024696058
3.4;0.9987699447016861;0.9987969083396042;0.9987969083396042;0.9987969083396042
3.0;0.978350429487312;0.9791436954308068;0.9783664024318182;0.9791436954308068
4.25;0.9980870138856639;0.9980453608494804;0.9980453608494804;0.9980453608494804
3.0;0.9899820268111087;0.9943420806560065;0.9943420806560065;0.9943420806560065
3.0;0.9498139556151761;0.8688001497418973;0.8687907649394261;0.8566512064416402
3.5;0.9832881570889753;0.9946951218467065;0.9946951218467065;0.9946951218467065
3.25;0.9999756972847034;0.9999126980129747;0.9999126980129747;0.9999126980129747
3.45;0.9873503029821924;0.9888845066737199;0.9888845066737199;0.9888845066737199
4.6;0.9926419323554818;0.9801403374904132;0.9801403374904132;0.9801403374904132
4.25;0.9956964738953973;0.9905255196108537;0.9905255196108537;0.9905255196108537
1.5;0.9788553475195582;0.9953751735600191;0.9985894482067974;0.9953000468477589
2.5;0.9575367735163627;0.9580065846820367;0.9580076326500702;0.9580065846820367
4.75;0.9888054912386102;0.9888137156161667;0.9888137156161667;0.9888137156161667
4.4;0.9655005413761861;0.9655172769394624;0.9655172769394624;0.9655172769394624
0.0;0.9734540487679334;0.9852893774205885;0.9852893774205885;0.9852893774205885
3.25;0.9965958815376523;0.9967154803976055;0.9967154803976055;0.9967154803976055
0.5;0.9893660882493907;0.9772383988032072;0.9772383988032072;0.9772383988032072
3.4;0.9991501050227448;0.9991677932854847;0.9991677932854847;0.9991677932854847
3.25;0.9949431437192979;0.999987434988258;0.9999874349882576;0.9999999188913876
3.25;0.9794157269154704;0.9797413509907682;0.9797413509907682;0.9797413509907682
3.0;0.9806761767797955;0.9802778105334503;0.9802778105334503;0.9802778105334503
3.25;0.994755602260653;0.9962233670346423;0.9962233670346423;0.9962233670346423
1.5;0.9895660180665251;0.9921146269201468;0.9921146269201468;0.9922744591387086
3.2;0.9997317873404801;0.9998261800311337;0.9998261800311337;0.9998261800311337
0.0;0.9748049898040986;0.9739448266045764;0.9739448266045764;0.9749045390499917
3.0;0.9871676065864616;0.9914553329687775;0.9914553329687775;0.9914553329687775
3.4;0.9946846855182745;0.9947483982512364;0.9947483982512364;0.9947461737011449
3.25;0.981763082786313;0.9862681092084679;0.9846720956482157;0.9919428988924849
3.5;1.0;0.999960864498405;0.999960864498405;0.999960864498405
1.5;0.9787215630999965;0.9795768762506603;0.9795768762506603;0.9792346867962786
3.0;0.9714673416919626;0.972679752224675;0.9713924590121674;0.9727570892439211
4.9;0.9448885162483863;0.9436764674722138;0.9436764674722138;0.9436764674722138
3.45;0.9857417596198191;0.9897810168604633;0.9897810168604633;0.9897810168604633
4.25;0.940614165720365;0.9390730616135171;0.9390730616135171;0.9390730616135171
4.5;0.9935073682059563;0.9935098934475394;0.9935098934475394;0.9935040949226512
3.0;0.9788913706359356;0.979189959388137;0.9788271098592239;0.979189959388137
3.5;0.9909596037722243;0.9910070207565537;0.9910070207565537;0.9910070207565537
2.25;0.9581488713571688;0.9787643415741587;0.9787643415741587;0.9787643415741587
4.25;0.9745567330526373;0.9364782476003128;0.9364782476003128;0.9364782476003128
3.4;0.9988102972517767;0.9986316360048203;0.9986316360048203;0.9989997609084189
3.75;0.9994220364332065;0.9994852887954953;0.9994852887954953;0.9994852887954953
4.25;0.9999999999999994;1.0000000000000002;1.0000000000000004;1.0000000000000002
3.25;0.9999551414028804;0.9999545794713024;0.9999545794713024;0.9999524419946165
3.25;0.9903410857243375;0.9903157537389365;0.9903839539822815;0.9903157537389365
3.65;0.9988726997488382;0.9983989177199741;0.9983989177199741;0.9983989177199741
2.75;0.9704203813340884;0.976636862407188;0.976636862407188;0.976636862407188
1.5;0.9825150709478206;0.9825253085178632;0.9825253085178632;0.9825253085178632
3.0;0.9899587038408868;0.9919980735772324;0.9910158952942763;0.9919980735772324
4.25;0.9799733523155325;0.979261874624425;0.979261874624425;0.979261874624425
3.5;0.9662505570803737;0.9664269518513962;0.9664269518513962;0.966411213614125
3.0;0.9966725640498106;0.9966696832337376;0.9966696832337376;0.9966696832337376
2.0;0.9969211626936498;0.9969661728091465;0.9969661728091465;0.9969661728091465
2.5;0.9853844086382336;0.9879683034738638;0.9879683034738638;0.9879683034738638
0.0;0.980422899631658;0.9803350714479581;0.9803350714479581;0.9803350714479581
0.0;0.9960936823052327;0.9946870554221823;0.9946870554221823;0.9946870554221823
4.0;0.9999877946536526;0.9999972207892348;0.9999972207892348;0.9999972207892348
3.35;0.9974998207808883;0.9943920494952075;0.9943920494952075;0.9943920494952075
4.25;0.993618297049199;0.9938289683540658;0.9938289683540658;0.9938289683540658
4.25;0.8858760086717298;0.8974070476684041;0.8974070476684041;0.8974070476684041
3.45;0.999955945327857;0.9995899981150417;0.9995899688125555;0.9991180600552936
4.25;0.9802145423395545;0.9812165249251544;0.9812165249251544;0.9773880865596268
3.0;0.9751652312128501;0.9930893473959013;0.9930893473959014;0.9930893473959007
3.45;0.8548522202958881;0.8761136618716033;0.8761136618716033;0.877610587821447
0.0;0.9959035895693601;0.9945799953100387;0.9945799953100387;0.99686259531264
4.2;0.9358446102423835;0.9382829714801112;0.9382829714801112;0.9382829714801112
0.0;0.9909827230572121;0.9949128434463527;0.9949128434463527;0.9949128434463527
3.0;0.9524099529363796;0.9584792810011344;0.9584792810011344;0.9983685197130427
4.75;0.9988212873553066;0.9821928012675947;0.9821928012675947;0.9988030556675351
3.25;0.9978266226002777;0.9979629857632121;0.9979619046500725;0.9979629857632121
3.25;0.9968347167392674;0.9968398897955146;0.9968398897955146;0.9968398897955146
3.65;0.9970321538966884;0.9980352860861414;0.9980352860861414;0.9980352860861409
3.5;0.998872852147154;0.9988734730771461;0.9988734730771461;0.9988734730771461
3.0;0.9986769032713706;0.9992021108526457;0.9992021108526457;0.9992021108526457
3.25;0.9983934884794734;0.9983000775296829;0.9983000775296829;0.9983000775296829
3.0;0.9910239365746151;0.9962179592055352;0.9962277143310906;0.9962179592055352
3.4;0.9995130374480176;0.9981725194343097;0.9988748379578901;0.9981725194343097
3.25;0.9865192425345422;0.9823696319289904;0.9824043341598593;0.9763145174749916
4.25;0.9999882376181153;0.9999970934154915;0.9999970934154915;0.9999970934154918
3.4;0.9987218101858419;0.998725726594066;0.998725726594066;0.9987471684586049
3.0;0.9995258153198338;0.9994672644826117;0.9994672644826117;0.9994672644826117
4.75;0.990995126674223;0.990862483525984;0.9909236724785854;0.9909169938597171
5.0;1.0000000000000002;0.9999999999999999;0.9999999999999999;0.9999999999999998
4.5;0.993169228010669;0.9989335997538773;0.9989335997538773;0.9998215340077798
3.0;0.993390527666439;0.9935568937071771;0.9930964329989718;0.9935568937071787
4.2;0.9974472797787776;0.9975413109107834;0.9975413109107834;0.997537503569508
3.25;0.9998486598169158;0.9998896391610993;0.9999597312368458;0.9998896391610993
4.25;0.9840345767117463;0.9842142697912326;0.9842142697912326;0.9842142697912326
0.5;0.9952585588190903;0.9953023112854251;0.9953023112854251;0.9953023112854251
3.95;0.9769343859370617;0.9653650442771995;0.9761039601492885;0.9760661856441483
3.95;0.9835841659018504;0.983965946895841;0.9839720948977594;0.9999973422784241
1.75;0.9839770656435428;0.9840118769098789;0.9840118769098789;0.9840118769098789
3.95;0.961571886584818;0.9991592138804153;0.9991592138804153;0.9991592138804153
4.25;0.9985133807503257;0.995666370421274;0.995666370421274;0.995666370421274
3.25;0.994815440559227;0.9908798737242439;0.9908798737242439;0.9908798737242439
4.2;0.9846543822447184;0.9827054695410444;0.9827054695410444;0.9825885817356207
2.95;0.9165001410441005;0.968596655886165;0.968596655886165;0.968596655886165
3.0;0.9991320486724775;0.99803971697968;0.99803971697968;0.9978898073593416
3.25;0.9848407043674721;0.9849541963109683;0.9843089346404398;0.9849541963109683
0.0;0.9769381156498669;0.976782807683036;0.976782807683036;0.9467647202435506
4.9;0.9999056636537332;0.9999949533202288;0.9999949533202288;0.9999949533202288
2.9;0.9993837728929083;0.8310448616200597;0.999257459723479;0.8310448616200597
2.0;0.9725777844648583;0.9681879857910521;0.9677989274201235;0.9677989274201235
1.75;0.9961692614305829;0.9962285779547921;0.9964651591203912;0.9962285779547916
3.65;0.9922604168755385;0.9921968253508875;0.9921968253508875;0.9921968253508875
2.5;0.9932244872251207;0.990930289552704;0.9927771287667426;0.990930289552704
0.0;0.9902056062350753;0.990024060305682;0.990024060305682;0.9899796187355885
3.0;0.997330369096558;0.9951287335137604;0.9975439464050295;0.9951246659118482
5.0;0.9985175020589775;0.9990235574804052;0.9990235574804052;0.9990235574804052
2.25;0.9965730715088791;0.9967635612602527;0.9962684212099645;0.996763561260253
2.5;0.9997492207353983;0.9997513072466803;0.9997513072466803;0.9997513072466803
3.0;0.9971344831074465;0.9973739516635601;0.9971367926144646;0.9973739516635599
2.5;0.9818397458399809;0.9700741025457218;0.9700741025457218;0.9700741025457218
4.5;0.9999849895706845;0.9999775078016541;0.9999775078016541;0.9999861641225491
3.45;0.999278451863747;0.999281615780135;0.999281615780135;0.999281615780135
4.2;0.9962254193604732;0.9962448257076848;0.9962448257076848;0.9962395781937167
3.95;0.9896774893947974;0.9915039590774606;0.9915039590774606;0.9935125935698466
4.4;1.0;0.9999692732471169;0.9999692732471169;0.9999692732471169
4.15;0.9870498846147064;0.9868725967253764;0.9868725967253764;0.9868725967253764
3.25;0.9785282579506606;0.989319715201529;0.9889433369830779;0.989319715201529
0.5;0.9929330675453676;0.9931647627667592;0.9931647627667592;0.9931647627667592
4.15;0.9999148180254702;1.0;1.0;1.0
3.25;0.9778271804674123;0.9900724868869458;0.9900724868869458;0.9900724868869458
3.4;0.9995654607571178;0.9999806221937394;0.9999806221937394;0.9999806221937394
2.75;0.9698331861044586;0.9343960197597441;0.9700217847036519;0.9343960197597441
4.85;0.9623998435436848;0.9729807280707892;0.9729807280707892;0.9729807280707892
1.0;0.9932295358531277;0.9969857667872088;0.9957421089290882;0.9969857667872088
4.25;0.9999570542025052;0.9998865818472945;0.9998865818472945;0.9998865818472945
1.25;0.9063414676062683;0.9063414676062683;0.9063414676062683;0.9063414676062683
2.75;0.9812929482053862;0.9752265298930944;0.9752265298930944;0.9752265298930944
3.15;0.9996574464850703;0.9995024926271435;0.9995024926271435;0.9998713001402441
5.0;0.9999619630360127;0.9999655963706631;0.9999655963706631;0.9999655963706631
0.0;0.9779023138017231;0.978220686853109;0.978220686853109;0.978220686853109
3.4;0.9990360164967317;0.9990086297290746;0.9990086297290746;0.9990086297290746
2.75;0.9986556278488872;0.9990905709541447;0.9991107997365523;0.9990905709541447
3.2;0.986442979824914;0.9860065725387434;0.9860065725387434;0.9860065725387434
5.0;0.9999544780717257;0.9999348529706331;0.9999348474636183;0.9999348474636188
3.5;0.9987833226023676;0.9994336642833112;0.9994336642833112;0.9994336642833112
3.0;0.9689608400923263;0.9713582351662798;0.9713582351662798;0.9713582351662798
3.15;0.9946325259272017;0.9914026786848755;0.9914026786848755;0.9914026786848755
4.25;0.9987767434605378;0.9997466234254719;0.9997466234254719;0.9997466234254719
2.7;0.9795539382671402;0.9187955074122209;0.9787471948026061;0.9188166116150903
4.75;0.999994619835901;0.9999946199905204;0.9999946199905204;0.9999946199905204
3.5;0.9243408591550676;0.9275437801229007;0.9275437801229007;0.9275437801229007
0.0;0.9754243669472451;0.9784405098640486;0.9784405098640486;0.9784405098640486
4.0;0.9998486598169167;0.9998896391610995;0.999959731236846;0.9998896391610995
3.25;0.9940004791189188;0.9943615711865846;0.9943796949335407;0.9943615711865846
4.75;1.0000000000000004;1.0000000000000002;1.0000000000000002;1.0000000000000002
0.5;0.9923657002468668;0.9923434266365696;0.9923434266365696;0.9923434266365696
3.5;0.965826748174622;0.9932212214749829;0.9932212214749829;0.9932212214749829
3.25;0.9812702077329134;0.9811177835821;0.9811177835821;0.9814536298404931
2.25;0.9813722857638474;0.9838268364328077;0.9838268364328077;0.9838268364328077
4.2;0.9515306892861992;0.9563966213264559;0.9562633802702151;0.9562553205892935
3.75;0.9965475057677139;0.9949639795589322;0.9949639795589322;0.9947657277065963
3.7;0.999375403064752;0.9949435012521349;0.9949435012521349;0.9949435012521349
3.25;0.9964469057140364;0.996435201550816;0.996435201550816;0.9963897602911036
3.45;0.998033897572342;0.9985347518604631;0.9985347518604631;0.9985347518604631
4.9;0.9841546523391974;0.9842312083197351;0.9842312083197351;0.9842312083197351
4.75;0.9995721146419506;0.9996418518927206;0.9996418262053419;0.9996085095277265
4.9;0.9999582021804968;0.9999999438962461;0.9999999438962461;0.9999999438962461
0.5;0.9510243559201121;0.973832677771731;0.964020375326346;0.9751870758183514
4.25;0.9999996531226348;0.9999999859640675;0.9999999859640675;0.9999999859640675
3.75;0.9955450449509624;0.9946834199976607;0.994689766080714;0.9954541073780613
3.45;0.9906445770350627;0.9928788427196756;0.9928788427196756;0.9928788427196756
3.95;0.9560006341674531;0.9531929984770929;0.9485074126033614;0.9531929984770929
2.95;0.9982980774452574;0.9962999513917894;0.9961326309945695;0.9962999513917894
4.0;0.9997142176377396;0.9997408794440052;0.9997408794440052;0.9997408780049736
3.25;0.98805106455735;0.9893245622448562;0.9893245622448562;0.9893245622448562
0.0;0.9920946946491748;0.9922371564452919;0.9922371564452919;0.9922371564452919
3.25;0.9811540516146189;0.9817129914609596;0.9817129914609596;0.9817129914609596
0.0;0.9937623877319296;0.9937640585079432;0.9937640585079432;0.9932175726709466
2.75;0.9957651824751892;0.9966991652619994;0.9966991652619994;0.9966991652619994
4.25;0.9998492769653179;0.9974056679427815;0.9974056679427815;0.9974056679427815
3.85;0.997750769250704;0.9987035859256843;0.9973545466473044;0.9987035830841459
3.5;0.9941592365704648;0.9231981297056548;0.972805971241975;0.9232230199410986
3.25;0.9992469698043754;0.9991955629996377;0.9992520827177428;0.9991955629996361
3.55;0.9985229782437265;0.9983612695283716;0.9983612695283716;0.998730624501063
3.25;0.996100237856621;0.9965517396948637;0.9965517396948637;0.9965517396948637
3.25;0.9869071112188993;0.9599189405835034;0.9907308536764676;0.9599242514613159
4.0;0.9763214740560393;0.9791440042776473;0.9792179735171125;0.9791440042776473
3.4;0.9961597001688381;0.9956325528364556;0.9956325528364556;0.9956325528364556
0.0;0.9960451145604473;0.996066856821936;0.996066856821936;0.996066856821936
3.5;0.9968091686216217;0.997890265175892;0.997890265175892;0.997890265175892
1.0;0.9985749140462326;0.9987096150086394;0.9987096150086394;0.9986846874638163
3.45;0.9992235650574328;0.9997349579157232;0.9997349579157232;0.9997349579157232
0.0;0.9551132687175835;0.9534509306718091;0.9534509306718091;0.9534509306718091
3.25;0.9979995766091471;0.9978125412530847;0.9978125412530847;0.9981826386305307
5.0;0.999997104646192;1.0000000000000004;1.0000000000000004;1.0000000000000004
3.25;0.9961805086980001;0.996986382653154;0.996986382653154;0.996986382653154
3.4;0.998621080595246;0.9986432943659207;0.9986432943659207;0.9986432943659207
4.25;0.9935780296332415;0.9887116208436381;0.9887214394328285;0.9888481380363161
3.45;0.9949285494033543;0.9886125645124414;0.9886185354907883;0.9888865157976136
4.25;0.9905298394693698;0.9939748284500034;0.9939748284500034;0.9939748284500034
4.0;0.973970547755689;0.979275067527549;0.979275067527549;0.979275067527549
3.0;0.9831608164331014;0.9791999745078522;0.9783204723661427;0.9792033926390636
0.5;0.9980436270983429;0.9979916856931704;0.9979916856931704;0.9979915801645899
3.75;0.9763251054793511;0.9772561672491031;0.9772535391623411;0.9772561672491031
3.25;0.9996208089336911;0.9996208089336912;0.9996208089336912;0.9996208089336912
3.5;0.9949119412552441;0.9949119412552435;0.9949119412552433;0.9949119412552433
5.0;0.9927419079455495;0.9934379481805228;0.9934379481805228;0.9934379481805228
3.75;0.9996173119908269;0.9994345321278013;0.9994345321278013;0.9998098389822618
2.5;0.9776497783560698;0.9789340616358995;0.9776752393553045;0.9789340616358995
1.0;0.9937546153208445;0.9633156259373371;0.9633156259373371;0.9633156259373371
3.0;0.9939865102503389;0.995735008877055;0.9957644661272733;0.995735008877055
3.25;0.9923316278614269;0.9931865694245715;0.9931865694245715;0.9931865694245715
0.0;0.9892168153082906;0.9893408666659568;0.9893408666659568;0.9893408666659568
3.65;0.9995721146419503;0.9996395172432909;0.999639491391902;0.9996055189082343
4.4;0.9997631468090256;0.9999504150132075;0.9999504150132075;0.9999504150132075
3.25;0.9994394996014504;0.9988441013294603;0.9986710376451737;0.9988441013294603
4.45;0.9941027037810765;0.9939902314585348;0.9939902314585348;0.9940709074332434
3.4;0.9900484056269027;0.987537068700671;0.987537068700671;0.987537068700671
0.0;0.9448321263518823;0.9436904588797825;0.9436904588797825;0.9436904588797825
3.0;0.999962822379754;0.9999871027741429;0.9999871027741429;0.9999871027741429
1.25;0.9904448811918737;0.9658681137062979;0.9658681137062979;0.9658681137062979
4.0;0.9999684305817234;0.9999626913623244;0.9999626913623244;0.9999626913623242
4.15;0.9991146861948077;0.9995011972950263;0.9995011972950263;0.9995011972950263
3.5;0.9890794745794758;0.993893591443411;0.9939395829935539;0.993893591443411
2.75;0.8923123234474037;0.8936395088001131;0.8936395088001131;0.8936395088001131
4.75;0.9665413451489977;0.9668901992225007;0.9668901992225007;0.9668901992225007
5.0;0.9997042787308389;0.9972840806434915;0.9972840806434915;0.9961219626860632
3.7;0.9999367975705192;0.9999204127770435;0.9999204127770435;0.9999204127770435
0.0;0.986682636566088;0.9904303104508437;0.9904303104508437;0.9904303104508437
4.4;0.9975381824012302;0.9999965301468662;0.9999965301468662;0.9999965301468662
3.2;0.9825777779746181;0.9825962959446455;0.9825962959446455;0.9825962959446455
3.25;0.9946073641732055;0.9946315048826364;0.9946315048826364;0.9927866533556701
4.85;0.9994975605929473;0.999426951183217;0.999426951183217;0.999426951183217
2.5;0.9990019921822609;0.9989571416495631;0.9989571416495631;0.9989571416495631
2.0;0.9843625837917507;0.9410432976484328;0.9410432976484328;0.9410432976484328
4.25;0.9924187023730104;0.9637178987096646;0.9637178987096646;0.9637202447770664
5.0;0.9999865335610109;0.9999990676572252;0.9999990676572252;0.9999990676572252
3.4;0.9961313249560005;0.9961505374522669;0.9961505374522669;0.9961505374522669
2.65;0.9966569769065747;0.9965910055994744;0.9965910055994744;0.9965910055994743
3.9;0.994346673847061;0.996219211968935;0.9962188776516304;0.9962188776516304
5.0;NaN;NaN;NaN;NaN
4.7;0.9987072115439456;0.9988829611323655;0.9988829611323655;0.9988829611323655
1.75;0.9929731193716854;0.9814697679101474;0.9814697679101474;0.9814697679101474
3.0;0.9994015999651888;0.9994193556444926;0.9994193556444926;0.9994193556444926
3.0;0.9999998119554037;0.9998706685900944;0.9998321607577888;0.9998706685900953
3.65;0.9997745669191;0.9993979730575605;0.9993807795256243;0.9988317403365348
2.25;0.9835658870971911;0.9841555962073562;0.9841555962073562;0.9796860961252203
3.25;0.9892971795305974;0.9922774929887779;0.9922774929887779;0.9922774929887779
3.0;0.9738678181262985;0.9740745373880357;0.9740773728523788;0.9740745373880357
3.7;0.9770396494196422;0.9839570543506299;0.9833925881956438;0.9839604965220572
2.0;0.9997652717016843;0.9987100474486525;0.9997562308177191;0.9987129567829308
3.7;0.9984776499743181;0.9987090201176093;0.9987090201176093;0.9987090201176093
3.45;0.9997651567581942;0.9995000316176451;0.9995000316176451;0.9995000316176451
3.25;0.9982999454752138;0.9982962986880927;0.9982962986880927;0.9982962986880927
3.0;0.9885901543704955;0.9970735793289599;0.9970735793289599;0.9970735793289599
4.0;0.9790309801454029;0.9790309801454029;0.9790309801454029;0.9790309801454029
3.25;0.9825803768274207;0.9726634255250534;0.9726634255250534;0.9726634255250534
2.75;0.9936981149621622;0.9932056773662455;0.9932056773662455;0.9930286879824484
2.25;0.9778645029610536;0.9952535917385429;0.9952535917385429;0.9750418406343578
1.75;0.9799288806057619;0.9697418919709017;0.9697418919709017;0.9697418919709017
2.0;0.9749117474977316;0.9766135839190571;0.9751347709876574;0.9842185260919758
0.0;0.9826598666443257;0.9827740507303694;0.9826469234679966;0.9827740507303694
2.0;0.9885955956233888;0.9908683129984883;0.9908683129984883;0.9908683129984883
3.0;0.9954029205371776;0.9882905251630211;0.9882905251630211;0.9882905251630211
1.25;0.9966386606890478;0.9967060927991988;0.9967060927991988;0.9967081146873
0.0;0.9804153023136185;0.9792692532038311;0.9804152200356834;0.9792692532038311
3.4;0.9988335150121741;0.9988341370253007;0.9988341370253007;0.9988341370253007
3.0;0.9921090709376112;0.9936669961717448;0.9936669961717448;0.9936669961717448
1.25;0.9639691891818812;0.9660173339313968;0.9639677371485836;0.9660173339313968
3.65;0.9999896629767993;0.999990273590447;0.999990273590447;0.9999999999999998
3.7;0.9995669565238031;0.999813445060253;0.999813445060253;0.9998134450602535
2.0;0.9925521282790554;0.9925560442659966;0.9925560442659966;0.9925561387646004
0.0;0.9909046399081574;0.988587996886182;0.988587996886182;0.988587996886182
4.75;0.9996486901357012;0.9998724617825936;0.9998724617825936;0.9998724617825936
4.5;0.9987968974342964;0.9991396818935143;0.9991396818935143;0.9991396818935149
3.0;0.9943982493135232;0.990858361888696;0.990858361888696;0.990858361888696
3.0;0.9920289333217758;0.9900075009684273;0.9900075009684273;0.9900075009684273
2.9;0.9995443382889995;0.9994950020889807;0.9994950020889807;0.9993882849023459
4.0;0.975821455456473;0.9770192440604407;0.9770192440604407;0.9770192440604407
5.0;0.9993546332646571;0.9979332399439804;0.9979332399439804;0.9978986600134571
3.7;0.9952501148362379;0.9944041220459108;0.9944104947219136;0.995139579894937
4.25;0.9986292025847348;0.8448420991618463;0.7695913937572267;0.8448420991618463
3.95;0.9997688818631144;0.9997935391313948;0.9997935391313948;0.9997935391313948
3.75;0.9955367345528577;0.9980099838876779;0.9966292077124315;0.9980099790508389
2.5;0.9497070307429305;0.9518646985886356;0.9518646985886356;0.9518305324871812
3.0;0.9910239365746142;0.9962179592055351;0.9962277143310909;0.9962179592055351
5.0;NaN;NaN;NaN;NaN
3.5;0.9994287676576837;0.9994711379721531;0.9994705707914776;0.9994705707914776
4.15;0.9496726599756908;0.9498756034459171;0.9498756034459171;0.9498756034459171
1.5;0.9819953363476722;0.983423853788358;0.9826511512040901;0.9835406611396941
3.4;0.9995580469446496;0.999782983147832;0.999782983147832;0.999782983147832
3.0;0.9999385245635897;0.9999376506310128;0.999937478510473;0.9999376506310128
2.0;0.9965536531318006;0.9629562266610335;0.9634963646649675;0.9629562266610331
3.15;0.994465360874583;0.9944655060686379;0.9944655060686379;0.9944655060686379
4.4;0.99992576369179;0.9999820098397321;0.9999820098397321;0.9999820098397321
2.25;0.9979978960934397;0.9975632161023188;0.9975632161023188;0.9975632161023188
2.9;0.8554464348767908;0.9554458719444264;0.9380132898076762;0.9554458719444264
2.75;0.9967847874658344;0.9966211900320008;0.9966211900320008;0.9969884889473424
1.75;0.9771643483368287;0.9770024385736977;0.9770024385736977;0.9868272236118633
2.0;0.982927212792261;0.9891146369170637;0.9891146369170637;0.9891146369170637
4.4;0.9800646103874348;0.9771502795447933;0.9771502795447933;0.9771502795447933
3.0;0.9995199036493655;0.9943100701416239;0.9943100701416239;0.9943100701416239
5.0;0.9992593880606365;0.9993287060612979;0.9993287060612979;0.9993446985921293
3.25;0.9998230126387705;0.998536793778444;0.998536793778444;0.998536793778444
3.5;0.9777602621004455;0.9777321228303338;0.9777321228303338;0.9771378933365837
2.9;0.9909895863856644;0.9861964187116482;0.9861964187116482;0.9861964187116482
2.75;0.9967314741299421;0.9965613316379341;0.9965613316379341;0.9968708595708362
3.65;0.9951551571701761;0.9957166600498242;0.9953766060693817;0.9957166600498242
3.4;0.9990422145479169;0.9990416788287594;0.9990416788287594;0.9990416788287594
3.25;0.9997375325589029;0.9997222086632681;0.9997222086632681;0.9996818220520884
0.5;0.9985292508441097;0.9972432062308575;0.9972432062308575;0.9972432062308575
4.5;0.9974492483442107;1.0000000000000002;1.0000000000000002;1.0000000000000002
4.25;0.9995623360949719;0.9996551934410335;0.9996551687090705;0.9996434097085625
2.75;0.9873649836296056;0.9870754070239898;0.9870754070239898;0.9876421555505482
3.8;0.9999991609715525;0.9999991685130039;0.9999991685130039;0.9999991685130039
3.25;0.99611860647864;0.9942635721034384;0.9965027226637699;0.9942604928401728
3.0;0.9964342909074889;0.9961410286497328;0.9964711162794988;0.9961410286497325
3.65;0.9975636537155832;0.9976359064648808;0.9975705689848521;0.9976359064648808
4.9;1.0;1.0000000000000002;1.0000000000000002;1.0000000000000002
0.0;0.9829653733472643;0.996456118655582;0.996456118655582;0.996456118655582
3.25;0.997285723716826;0.9951254662805896;0.9951254662805896;0.9951254662805896
3.45;0.9840685264287248;0.9842130177777026;0.9842130177777026;0.9842130177777026
4.75;0.9962001610587691;0.9939598733168601;0.9939598733168601;0.9939598733168601
3.4;0.9768487539332548;0.9791778399462934;0.9791778399462934;0.9791778399462934
3.25;0.997997198424721;0.9974820191801027;0.9974820191801027;0.9974798667222987
3.25;0.9962217894529358;0.9962431525343696;0.9962431525343696;0.9961999044836463
3.25;0.9910055932269124;0.9881712625046574;0.9881712625046574;0.9881712625046574
1.0;0.9969286459379036;0.9936459252697595;0.9936459252697595;0.993549580501859
0.0;0.9818574970633579;0.9825926740808368;0.9825926740808368;0.9825926740808368
3.0;0.9997299729479198;0.996799010099816;0.996799010099816;0.996799010099816
3.0;0.9913448475371653;0.9880328216887102;0.9880328216887102;0.9880328216887102
3.25;0.9970064512009963;0.9984066878879784;0.9984066878879784;0.9984066878879784
4.85;0.9999999999999999;0.9997354825134219;0.9997354825134219;0.9997354825134219
3.0;0.9999990622028622;0.993497282081142;0.993497282081142;0.9998894108802614
2.25;0.9796767264002996;0.9796426992108386;0.9796426992108386;0.9796426992108386
2.75;0.999267404436572;0.9856539135432562;0.9993777195703583;0.9856539135432562
4.0;0.9999725557066861;0.9999719396165939;0.9999719396165939;0.9999719396165939
1.0;0.981125879878837;0.9828331860552058;0.9810839094404097;0.9828633560286552
1.5;0.9703335866846964;0.9795903842773108;0.9795903842773108;0.9795903842773108
3.0;0.9999723732241445;0.9997352734721918;0.9997352545667697;0.9994561687945334
2.4;0.9953724828697739;0.996671825491364;0.996671825491364;0.996671825491364
3.0;0.9788657707773587;0.9791707215025663;0.9788921294234123;0.9791707215025663
1.5;0.9749161745184313;0.9903201512938651;0.9903201512938651;0.9903201512938651
3.0;0.9988525588715781;0.9986681909080788;0.9986681909080788;0.9990406656862952
2.5;0.9944978585260689;0.9940389152844772;0.9940389152844772;0.9940389152844772
5.0;0.9999771193568051;1.0000000000000002;1.0000000000000002;1.0000000000000002
3.25;0.9998290898087847;0.9998290898087843;0.9998290898087848;0.9998290898087848
4.9;0.9781429166232622;0.9948818672888677;0.9948818672888677;0.9948818672888677
4.35;0.9997913676029986;0.999814198924606;0.999814198924606;0.999814198924606
3.0;0.9375386931144624;0.938602481739577;0.938602481739577;0.938602481739577
3.25;0.9986906679772521;0.9984985824761278;0.9984985824761278;0.9988703321069899
3.25;0.9949246325326879;0.9950091540287419;0.9950091540287419;0.9946459937980014
4.25;1.0;1.0000000000000002;1.0000000000000002;1.0000000000000002
3.25;0.9996121520906841;0.9994717411910277;0.9994717411910277;0.9998073192776458
3.95;0.980258954182972;0.9856421949629752;0.9856421949629752;0.9856421949629752
1.65;0.985194437353482;0.9691412737129291;0.9691412737129291;0.9691412737129291
3.0;0.9956331801615426;0.9880158244992304;0.9958121651038907;0.9880158244992304
3.45;0.9987375296537169;0.9991811630851222;0.9991811630851222;0.9991811630851222
2.0;0.9897232311441772;0.9930738547938542;0.9930738547938542;0.9930738547938542
3.5;0.9778209893460562;0.9933589311981452;0.9955164641625331;0.9933968463338834
2.75;0.9978991517824016;0.9946964460291879;0.9947253301473226;0.9946964460291879
4.25;0.9961058626434587;0.999683979301125;0.999683979301125;0.999683979301125
2.5;0.9900561342953995;0.9903472647926245;0.9903472647926245;0.9903472647926245
2.75;0.9994729157533049;0.9995741394160128;0.9995741394160128;0.9995741394160128
3.0;0.9955589702341618;0.9958393621452069;0.9958359205107109;0.9955334685810977
3.0;0.9989796480603045;0.9986047075646236;0.9986047075646236;0.9986047075646236
2.75;0.9560006341674531;0.9531929984770929;0.9485074126033614;0.9531929984770929
3.9;0.9999984377277138;0.9999999999999998;0.9999999999999998;0.9999999999999998
3.25;0.9903722698354779;0.9940002783436007;0.9940002783436007;0.9940002783436007
3.9;0.9997711969085988;0.9996306146418289;0.9996306146418289;0.999911389718467
3.0;0.9956674352327826;0.9957618051088806;0.9957477184906645;0.9957618051088803
1.0;0.9819791174788847;0.9665729470703674;0.9665729470703674;0.9665729470703674
3.0;0.9677387570232338;0.9685271858306856;0.9685483634209147;0.9685271858306856
3.25;0.9958518066626092;0.9960563088342423;0.9960563088342423;0.9960563088342423
1.5;0.9673135366688455;0.968121291087076;0.968121291087076;0.9681212910870751
3.9;0.9999999999999999;1.0;1.0000000000000002;1.0
1.75;0.9960388884614267;0.9918004008211267;0.9918004008211267;0.9918004008211267
3.0;0.993458078958231;0.9875812900205299;0.9875871298801169;0.988329992351106
3.0;0.9890310537169315;0.9869822605666793;0.9869822605666793;0.9869822605666793
4.25;0.9999985522388306;0.9999999999059224;0.9999999999059224;0.9999999999059224
2.0;0.9932550557795531;0.9934037870508988;0.9934037870508988;0.9934037870508988
3.9;0.9772395135721533;0.9769115925865623;0.9769115925865623;0.9770967712187862
4.75;0.9999684305817234;0.9999684304733101;0.9999684304733101;0.9999684304733095
3.25;0.9999999246566686;0.9998707802224737;0.9998695712345468;0.999870780222474
3.5;0.9882745623020365;0.9883442351500361;0.9883442351500361;0.987620244349002
3.75;0.9913367054049775;0.9921701824579551;0.9921701824579551;0.9921701824579551
3.75;0.9982000611453676;0.9980313646472104;0.9980313646472104;0.9984068969987575
3.4;0.9961805086980001;0.9969917850280944;0.9969917850280944;0.9969917850280944
3.15;0.9940753777464381;0.9934484185962529;0.9934484185962529;0.9934484185962529
3.4;0.9996927368933459;0.9983196310167796;0.9983196310167796;0.9983196310167796
3.0;0.9984101339208459;0.9988210245296293;0.9988210245296293;0.9988210245296293
1.0;0.995460236645779;0.996026550157693;0.996026550157693;0.996026550157693
3.5;0.989565777961508;0.9908742211201229;0.9908742211201229;0.9908742211201235
3.25;0.9950506586011768;0.9998031045968995;0.9998679228740425;0.9998031045968995
2.0;0.9733373791269475;0.9796372167410815;0.9714598605836903;0.9796344073034159
2.5;0.9883319821224692;0.9901243347863461;0.9895788406170135;0.9901243347863461
2.9;0.9946671371194884;0.9958649691188985;0.9958649691188985;0.9958649691188985
1.75;0.9974038464110598;0.9735662768719194;0.9735662768719194;0.9735662768719194
2.9;0.9944728304146863;0.9964327059465538;0.9964327059465538;0.9964327059465538
3.25;0.9950599213369553;0.9891465695756011;0.9891525368292153;0.9898774076844024
4.5;0.9883927070971693;0.9844966717050783;0.9844966717050783;0.9844966717050783
3.8;0.9872739706675084;0.9905864598326208;0.9856629381529202;0.9905864598326208
4.5;0.9986312245174241;0.9986348206402591;0.9986316847079981;0.9986348206402591
3.7;0.993164523951306;0.9950071559991811;0.9950071559991811;0.9950071559991811
3.0;0.9783487004524467;0.9792518644805043;0.9783738547808081;0.9792518644805042
3.85;0.9994798125657893;0.9996761926610578;0.9996761926610578;0.9996761926610578
0.5;0.931124149029386;0.9310631944051402;0.9310631944051402;0.9310631944051402
4.2;0.9995721146419501;0.9996418876916754;0.99964186200943;0.9995402453858392
4.4;0.9959951164872113;0.9901031535931788;0.9901031535931788;0.9901031535931788
2.5;0.9341220026245985;0.9341105393763415;0.9341105393763415;0.9341057682952637
4.25;0.9925467748988361;0.9939598733168601;0.9939598733168601;0.9939598733168601
3.25;0.9999994316506082;0.9999733736496889;0.9999733717403764;0.9999733303660765
3.0;0.9864586813703011;0.9854567646266489;0.990284077254228;0.9854567646266489
5.0;1.0000000000000002;0.9887117575733338;0.9999999999999998;0.9887117575733338
4.0;0.9987389356049291;0.9982354891129916;0.9982354891129916;0.9982342226954213
4.0;0.9999595361861734;0.999943633910684;0.999943633910684;0.999943633910684
0.0;0.9602628092716057;0.9734966497322584;0.9734966497322584;0.9734966497322584
3.75;0.9979978960934397;0.9975887042957708;0.9975887042957708;0.9975887042957708
4.75;0.9801385746897723;0.9826854038818924;0.9826854038818924;0.9826854038818924
3.65;0.9999250527838757;0.9999815406585508;0.999958098628654;0.9999815406585509
2.75;0.9964947962769491;0.9942854871475891;0.9965030134558304;0.994281428556565
4.2;0.99999387211692;0.9999938720560361;0.9999938720560361;0.9999938720560361
2.5;0.9851141389783629;0.9894063998870438;0.9868593692103738;0.9965827425946663
2.5;0.9998238962982747;0.999815317353228;0.999815317353228;0.999815317353228
3.25;0.99890539903366;0.9988952186164267;0.9988952186164267;0.9988922009382337
2.0;0.9995217212466719;0.9976189642109259;0.9995662267895451;0.9976189642109259
4.35;0.9998059539586459;0.9998095962433028;0.9998095962433028;0.9998095962433028
4.0;0.9995043512339955;0.9995049535356642;0.9995049535356642;0.9995049535356642
0.0;0.9964177576307263;0.9965379125709141;0.9965379125709141;0.9965379125709141
3.25;0.9492429546404005;0.9681835696181156;0.9541624812128047;0.9680701033479036
4.2;0.9834954199433191;0.9842210625945633;0.9842210625945633;0.9842210625945633
0.0;0.9901425510394062;0.9780878483994819;0.9780878483994819;0.9547608548973913
3.85;0.9925481192751443;0.9976303397221393;0.9976303397221393;0.9976303397221393
2.75;0.9789176927719987;0.9788989276654213;0.9788989276654213;0.9788989276654213
3.0;0.9972592951580393;0.9974299272234685;0.9969041742259233;0.9974299272234685
3.25;0.9976438802377499;0.9971209172696827;0.9971209172696827;0.9971209172696827
3.25;0.9729926934901891;0.9730110973794615;0.9730110973794615;0.9730110973794615
2.5;0.9939987269075521;0.9955804156975463;0.9955100108324468;0.9955804156975463
3.65;0.999466191381874;0.9999147531606051;0.99998484565557;0.9999147531606051
4.4;0.9991910206874409;0.9991887142218264;0.9991887142218264;0.9991887142218264
4.0;0.9825530792334151;0.982687786819911;0.982687786819911;0.9826877868199113
4.2;0.9990124258294885;0.9996439256112478;0.9996439256112478;0.9996439256112478
4.4;0.9945716293138963;0.9946801788093584;0.9946801788093584;0.9839063302043566
3.9;0.9973095494885694;0.9973095494885695;0.9973095494885695;0.9973095494885695
4.9;0.9990433523822085;0.999164538793595;0.999164538793595;0.999164538793595
4.5;0.9999912040291028;0.9999909464946656;0.9999909464946656;0.9999909464946656
4.25;0.9999455107519589;0.9999880142481125;0.9999880142481125;0.9999880142481125
2.5;0.9879959479600879;0.991124080608722;0.991124080608722;0.991124080608722
4.5;0.9999248530552441;0.999924853055244;0.999924853055244;0.999924853055244
4.35;0.9999999999999999;1.0000000000000004;0.9999999999999997;1.0000000000000004
3.25;0.9990694634416923;0.9990693158588352;0.9990693158588352;0.9990693158588352
1.0;0.9710345842581187;0.9753982336711948;0.9753982336711948;0.975407161964178
2.5;0.969282622324028;0.9823585386369038;0.9827875091145426;0.9823585386369038
3.4;0.9858540265042712;0.9686801789065161;0.9686801789065161;0.9686801789065161
2.9;0.9984696422640185;0.9981443348218428;0.9981443348218428;0.9981443348218428
4.05;0.9345996697067528;0.9988239417848144;0.9988239417848144;0.9988214096273003
3.45;0.9993240773335799;0.9996974569620741;0.9996974569620741;0.9996974569620741
0.0;0.9903034032591487;0.9894579338656332;0.989604268507738;0.989604268507738
3.0;0.9952395897930019;0.9936239782417939;0.9953057535639181;0.9936239782417939
3.0;0.9754379163547335;0.9607182422914968;0.983048055029231;0.9607182422914968
3.25;1.0000000000000002;0.9999657145613425;0.9999657145613425;0.9999657145613425
3.25;0.9885093197924532;0.9912616543275201;0.9912616543275201;0.9912616543275201
3.0;0.9994506854447119;0.9994627070269885;0.9994627070269891;0.9994627070269891
4.9;0.9905093314414356;0.9964372353882986;0.9964372353882986;0.9964372353882986
3.0;0.9999059370906433;0.996846077633686;0.996846077633686;0.996846077633686
0.75;0.9866515417573501;0.9870224112830599;0.9870224112830599;0.9870224112830599
3.4;0.9456464207933467;0.9796585499812815;0.9796585499812815;0.9796585499812815
2.5;0.9999842724631154;0.9999934833056268;0.9999934833056268;1.0000000000000002
2.75;0.9939536379264255;0.9959548727703933;0.9959548727703932;0.9956707423266541
3.95;0.9873706513764533;0.9901806317239388;0.9901806317239388;0.9901806317239388
3.8;0.999527780372556;0.9996584194323304;0.9996584194323304;0.9996584194323304
3.8;0.9896120151828142;0.9896210266578762;0.9896210266578762;0.9896210266578762
3.5;0.9784765628402097;0.9786723823003224;0.978677592540939;0.9654711048684299
3.0;0.9988912469135519;0.998893552500869;0.998893552500869;0.998894024215624
2.75;0.9980296928439428;0.999453003078457;0.999453003078457;0.999453003078457
3.25;0.9956539517145465;0.9929002079830894;0.9929002079830894;0.9929002079830894
3.45;0.9999684305817234;0.999968429942642;0.999968429942642;0.9999684299426423
3.25;0.9954549594058751;0.9957964179788712;0.9957297588066288;0.9957964179788712
3.75;0.9986785761920761;0.9986139879201572;0.9991824192829504;0.9986166914095186
3.25;0.9989898031578832;0.9989924714787215;0.9989924714787215;0.9989536462287859
2.5;0.9551844810470563;0.9731025487792613;0.9732592979800067;0.9731025487792608
3.8;0.9846150905797716;0.9848761570603591;0.9848761570603591;0.9848761570603591
3.0;0.9996875190310092;0.9995003166114197;0.9995003166114197;0.9998691524857908
3.0;0.992840814319919;0.9937200953496131;0.9937200953496131;0.9937200953496131
3.0;0.9996226700362445;0.9970007855610626;0.9970007855610626;0.9970007855610626
2.5;0.8927832268384203;0.8953111336055882;0.8953111336055882;0.8953111336055882
0.0;0.9877568617574365;0.9940284072393758;0.9940284072393758;0.9940284072393758
3.25;0.9939647492333947;0.9976118849786546;0.99755110516751;0.9976118849786546
2.9;0.9995026641508016;0.9994702754917681;0.9994323776424473;0.9994702754917681
0.0;0.994485277624953;0.9944013855556469;0.9944013855556469;0.9944013855556469
3.45;0.9980093846366407;0.9984377279205521;0.9984377279205521;0.9984377279205521
3.5;0.9995061192115383;0.9999741392482161;0.9999848456555697;0.9999741392482161
1.5;0.992891026151348;0.9929715014345267;0.9929715014345267;0.9929999745699328
2.25;0.9963648815171272;0.9950994723503799;0.9950994723503799;0.9950994723503799
4.9;0.9790369715623761;0.9773880865596268;0.9773880865596268;0.9773880865596268
3.25;0.9967571254836628;0.9998440421157819;0.9998440421157819;0.9998440421157819
4.25;1.0000000000000002;0.961292479618131;0.9311725336190613;0.961292479618131
2.9;0.9989652518879466;0.9962646545122276;0.9962646545122276;0.9962646545122276
0.5;0.9937159923691837;0.992853902148814;0.992853902148814;0.9928593669978378
2.25;0.9969173913197223;0.9973838006652044;0.9973838006652044;0.9953425206380097
4.5;0.9918188079904162;0.9867975332091883;0.9867975332091883;0.9867975332091883
4.25;0.9989224884121923;0.9993955268342195;0.9993955268342195;0.9993955268342195
4.9;0.9960596573144167;0.9821928012675947;0.9821928012675947;0.9988030556675351
3.25;1.0000000000000007;1.0000000000000004;1.0000000000000004;1.0000000000000004
4.5;0.9976344076308317;0.9978125115322578;0.9978125115322578;0.9976266739866214
3.45;0.9980671510268919;0.9980230223474092;0.9980230223474092;0.9980225318141289
2.75;0.9964621860592103;0.9906411519996561;0.9960957662598043;0.9906411519996561
3.75;0.9991795733319235;0.9868769789049002;0.9993207627406424;0.9868778366773933
4.2;0.9905298394693696;0.9939833352835267;0.9939833352835267;0.9939833352835267
4.2;0.9999416568163138;1.0;1.0;1.0
1.5;0.9933698817508535;0.9920590851565648;0.9920590851565648;0.9920590851565648
1.0;0.9940062780604108;0.9946814541091439;0.9946814541091439;0.9946814541091439
3.25;0.9268694440116882;0.9412603469022452;0.9412603469022449;0.9412603469022452
3.5;0.9944354261940486;0.9887418158448571;0.9887418158448571;0.9944701662985538
3.45;0.9950391710351708;0.9887591614072186;0.9887651681790264;0.9889995490166196
3.0;0.9937871677210247;0.9945829050778688;0.9945829050778684;0.9945829050778688
2.75;0.9861702694166018;0.9934795485665082;0.9934795485665082;0.9934795485665082
3.0;0.970412980075647;0.9714049890847726;0.9714049890847726;0.9714049890847726
1.0;0.9776944413954363;0.9776404140421382;0.9776404140421382;0.9776404140421382
3.0;0.9997602964784882;0.9996531021111141;0.9996531021111141;0.9996531021111141
2.9;0.985532720459621;0.9954591573096169;0.9998003393362589;0.9954603663516068
4.15;0.9999975646196858;0.9999975649370938;0.9999975649370938;0.9999975649370938
3.25;0.9956973595221488;0.9947605065903982;0.9947668714895554;0.995530625670906
4.4;0.9999999999999999;0.9999426830228343;1.0000000000000002;0.9999426830228344
3.7;0.9994377990244173;0.9994760739503346;0.9994760739503346;0.9994760739503346
4.35;0.999933573797069;0.9999999999999997;0.999999370591773;1.0000000000000002
3.25;0.9997326864360987;0.9997299856087222;0.9997299856087222;0.9997297386132692
3.4;0.9998097064344161;0.9999922307723899;0.9999922307723899;0.9999922307723899
3.75;0.9701352529820592;0.9993319312373299;0.9993319312373299;0.9993319312373299
2.75;0.994813929042935;0.9947939336081435;0.9947939336081435;0.9947939336081428
3.0;0.9997418057469822;0.9998051130508293;0.9998051130508291;0.9998051130508293
3.75;0.9783752714568437;0.9758166291398589;0.9758166291398589;0.9758166291398589
2.75;0.9795380065783854;0.9769419880213674;0.9769419880213674;0.9769419880213674
3.25;0.9914007985522877;0.9914997013560084;0.9914997013560084;0.9914997013560084
3.75;0.9870015670962354;0.9542755873367365;0.9542755873367365;0.9542755873367365
4.25;0.9963128548042827;0.9940069869723145;0.9940069869723145;0.9940069869723145
2.95;0.9750713048561486;0.9791528532028492;0.976868685604295;0.9791528532028492
0.0;0.9956878115976536;0.9945321415004351;0.9945321415004351;0.9945321415004351
2.75;0.9892270919382817;0.9858796633629026;0.9858796633629026;0.9858796633629028
2.5;0.9894815822610266;0.9909267713567922;0.9909267713567922;0.9909267713567922
4.9;0.9999214328030211;0.9999508102206449;0.9999508102206449;0.9999508102206449
3.5;0.9893089942436928;0.9902865508563014;0.9902865508563014;0.9962314793959698
0.5;0.9720896411993408;0.9811796702451667;0.9811796702451667;0.9811599384128757
3.4;0.920762463733533;0.9944543615140314;0.9944543615140314;0.9944543615140314
1.75;0.9935323887865743;0.9925657121361026;0.9925657121361026;0.9925657121361026
2.5;0.9748986378211455;0.9810195446611367;0.9810195446611367;0.9810195446611367
2.25;0.9917770662291401;0.9918962375250664;0.991326408921028;0.9918962375250664
2.5;0.9054444895842566;0.9429905435090556;0.9429905435090556;0.9429905435090556
3.5;0.9980920366542507;0.9986367311184459;0.9986367311184459;0.9986442309451016
1.5;0.9921557155705121;0.9933827306685898;0.9933827306685898;0.9933827855016304
3.75;0.9928408143199189;0.9937200953496135;0.9937200953496135;0.9937200953496135
3.0;0.9954563367515021;0.9936994734784267;0.9950593890530262;0.993699473478427
3.45;0.946326003561183;0.9454298177892295;0.9454298177892295;0.9336773435218002
5.0;0.9989314019532818;0.9998513687328625;0.9998513687328625;0.9998513687328625
1.0;0.978973981380938;0.978799017059621;0.978799017059621;0.978799017059621
4.9;0.9841546523391974;0.9842146736933188;0.9842146736933188;0.9842146736933188
3.25;0.9904162058625124;0.9928688290088984;0.992933110998;0.9928688290088984
3.25;0.9994377940429874;0.9996184223439247;0.999610330062655;0.9996185051859064
3.4;1.0;0.9995583063062836;0.9995583063062836;0.9995583063062836
3.25;0.9970884360828319;0.9976952664587385;0.9971304336354422;0.9976952664587385
4.0;0.9967984204853843;0.9984017638223373;0.9984017638223373;0.9984017638223373
3.25;0.9997064768319183;0.9995580276931474;0.9995580276931474;0.9998914424135028
3.9;0.9999282582808665;0.9999272983424596;0.9999272983424596;0.9999224697934525
3.75;0.998040711796551;0.9980578942814666;0.9980578942814666;0.9980578942814666
3.9;0.997337026395295;0.9955133303734222;0.9955133303734222;0.9955133303734222
3.7;0.9986253013705408;0.9999122671562293;0.9999122671562293;0.9999203035074306
4.25;0.9998526443916592;0.9984010587209253;0.9984010587209253;0.9984010587209253
4.0;0.9655376399566545;0.965538551192672;0.965538551192672;0.965538551192672
4.25;NaN;NaN;NaN;NaN
2.25;0.9924686443187233;0.9885439656069058;0.988554170588039;0.982872670400055
3.0;0.9901708169066032;0.9962069116234662;0.9962069116234662;0.9962069116234662
0.0;0.9827581088886209;0.9858675398434288;0.9843090137036042;0.9858675398434288
3.45;0.9980009626467592;0.9979469964197063;0.9979469964197063;0.9979460347035625
3.45;0.9941921050148763;0.9890021016377343;0.9890021016377343;0.9890021016377343
3.25;0.9973291685909826;0.9971837240124954;0.9971837240124954;0.9971837240124954
0.0;0.9827159249026499;0.9838101860543875;0.9838101860543875;0.9838101860543875
4.15;0.9990245107012713;0.99902290251079;0.99902290251079;0.99902290251079
5.0;0.9975459665851469;0.9976101646983503;0.9975528010189613;0.9976101646983503
3.9;0.9997282545294457;0.9997380308133323;0.9997380308133323;0.9997357293531139
3.25;0.9983619765650005;0.9983576930469334;0.9983576930469334;0.9983576930469334
1.45;0.9977857291730404;0.997712600026801;0.997712600026801;0.9976496808776906
3.4;0.9961077442519038;0.9986741346547295;0.9932394976949972;0.9986741346547295
3.25;0.9932020333759765;0.9932573300498827;0.9932373966772026;0.9932573300498827
0.0;0.9793883164675024;0.9814576437399932;0.9814576437399932;0.9814576437399932
1.25;0.9663775557678115;0.9658708093048727;0.9658708093048727;0.9347390572065438
4.3;0.9996185166522422;0.9996188294804023;0.9996188294804023;0.9996188294804023
3.7;0.9851362029051189;0.993153439740891;0.993153439740891;0.993153439740891
3.25;0.9970323990005397;0.9975079176855864;0.9975079176855864;0.9975079176855864
3.95;0.9962301713537947;0.9958458045468245;0.9958458045468245;0.9958121830637733
3.0;0.9972505946149691;0.9955693709308844;0.9955690640240302;0.9937623802725365
5.0;0.9991196689465093;0.9991516386106855;0.9991516386106855;0.9991005895795689
3.0;0.9982230926061488;0.9999640083595313;0.9999640083595313;0.9999640083595313
3.4;0.9759199635975144;0.975913640162708;0.975913640162708;0.975913640162708
4.35;0.9959554058837563;0.9959557563589024;0.9959557563589024;0.9959538498420993
3.0;0.9970997105843082;0.9970999030626014;0.9970999030626014;0.9970999030626014
3.0;0.993636423680205;0.9907222633759605;0.9956307207624464;0.9907222633759605
3.0;0.9286997163659567;0.9676037923848071;0.9676037923848071;0.9676037923848071
3.0;0.9938610639954093;0.9911561156961324;0.9911561156961324;0.9911561156961324
3.25;0.9951694166914986;0.9957124747638507;0.9957124747638507;0.9957124747638507
3.0;0.9956024331584132;0.9949367090421999;0.9949367090421999;0.9949367090421999
2.5;0.9961863640305761;0.9966107363068953;0.9966107363068953;0.9966351138399353
3.0;0.9985881970010808;0.9983869171739302;0.9983869171739302;0.9987499019999427
0.0;0.975031519366163;0.9750316601390043;0.9750316601390043;0.964105747561479
4.0;0.9965264693688124;0.9975625833796031;0.9975625833796031;0.9975625833796031
3.9;0.9950955942703081;0.9942676046652578;0.9942739574620995;0.9949366148133465
4.5;0.9876161743139064;0.9716411450931227;0.9716411450931227;0.9716411450931227
3.4;0.9855765687957425;0.9865979491136408;0.9865979491136408;0.9865979491136408
4.25;0.9490131367545412;0.948683033908004;0.948683033908004;0.948683033908004
3.45;0.9999999982826344;0.9995611837063619;0.9995611837063619;0.9995611837063619
4.0;0.9955666698012322;0.9964109056608393;0.996407454955997;0.9963673379573978
4.4;0.999964331594063;0.9999646544956948;0.9999646544956948;0.9999646544956953
4.4;0.9976214963611861;0.9985357400956195;0.9985357400956195;0.9985357400956195
3.25;0.9970143807813208;0.9994964027974927;0.9994964027974927;0.9994964027974927
3.0;0.9672339941716922;0.9676037423627386;0.9676037423627386;0.9676037423627386
2.5;0.9975351996182553;0.9975321894946523;0.9975216879469881;0.9975321894946523
3.45;0.9993573036763993;0.9997352489517519;0.9997352489517519;0.9997352489517519
2.75;0.9855254014976452;0.9958307033638972;0.9958307033638972;0.9958307033638972
4.9;0.9994452458791497;0.9990435862643662;0.9990435862643662;0.9990435862643662
4.0;0.9963557269552011;0.9906870487735022;0.9959452160608148;0.9906870487735024
4.9;1.0;0.9999999999999999;0.9999999999999999;0.9999999999999999
3.9;0.999992814204895;0.9950436726173507;0.9950436726173507;0.9950436726173507
4.9;0.9999138537909026;0.9978241701408932;0.9999985836958986;0.9978241701408932
3.9;0.9998739736110779;0.9987199971418057;0.9987199971418057;0.9987199971418057
1.75;0.9656631614193406;0.9957801127438219;0.9923052920650507;0.9337003395819424
4.0;0.9802742579277749;0.9803553836324479;0.9803553836324479;0.9803553836324479
5.0;0.9922258870614052;0.9936672420597221;0.9936672420597221;0.9936672420597221
4.25;0.986268223293648;0.9866754574551536;0.986714459354769;0.9859118388444035
3.4;0.9999158005078311;0.9999158005078311;0.9999158005078311;0.9999158005078311
3.25;0.9943087494573319;0.9938613608155838;0.9938613608155838;0.993847785628165
3.0;0.9527256726648312;0.974138712449951;0.974138712449951;0.974138712449951
2.75;0.9963482272478472;0.9950222117645644;0.9950222117645644;0.9950222117645644
2.5;0.9695497871035668;0.9697105386973508;0.9697105386973508;0.9866460240947069
3.25;1.0;1.0000000000000002;1.0000000000000002;1.0000000000000002
2.5;0.9957909854563932;0.9978782590939484;0.9972719354353947;0.9978782590939479
0.0;0.9550395691774807;0.9523983286412865;0.9523983286412865;0.9523983286412865
3.25;0.9993588518714879;0.9994111266947568;0.9994111266947568;0.9994111266947568
4.25;0.9800550815960576;0.9773950148582567;0.9773950148582567;0.9773950148582567
3.75;0.9994127515854027;0.9974054718491213;0.9974054718491213;0.9974054718491213
3.9;0.9901831015189728;0.9924453058713575;0.9924453058713575;0.9938251665004831
4.5;0.9992167171850898;0.9992167171850906;0.9992167171850906;0.9992165253146099
3.4;0.9988537531997352;0.9986584351377505;0.9986584351377505;0.9990263632185992
4.25;0.9993485547480034;0.997925037241157;0.997925037241157;0.997925037241157
0.0;0.973073896548824;0.9716295920385737;0.9716295920385737;0.9716295920385737
4.25;0.9672938900023903;0.9784926432428243;0.9784926432428243;0.9784926432428243
2.9;0.9806058634783484;0.9804386129239346;0.9804386129239346;0.9808075358104268
1.75;0.9563254953784447;0.9613807292577955;0.9613807292577955;0.9613807292577955
2.75;0.991609769969312;0.9992627998341715;0.9992627998341715;0.9992627998341715
4.75;0.9999999999999999;0.9999999999999998;0.9999999999999998;0.9999999999999998
3.9;0.9995715460493004;0.9995619082074158;0.999508639473111;0.9993191828237529
3.5;0.9944705794206344;0.9946541956426914;0.9946541956426914;0.9946541956426914
3.45;0.9652704447793257;0.9654774190115721;0.9654774190115721;0.9986736576717468
3.75;0.9959975987417736;0.9928459072977774;0.9928459072977774;0.9928459072977774
4.75;0.9190234346669104;0.9466679920587407;0.9466679920587407;0.9466679920587407
4.25;0.9974540560133706;0.9991640453653803;0.9991640453653803;0.9991640453653803
3.25;0.9993454507573806;0.9995172878939311;0.9995172878939311;0.9995172878939311
3.9;0.9997526128892817;0.9997425386535047;0.9997425386535047;0.9997423541450832
4.2;0.9900943161175718;0.991447939774495;0.991447939774495;0.9915493049178541
4.25;NaN;NaN;NaN;NaN
3.4;0.9946366044310468;0.9946027587620538;0.9946027587620538;0.9946027587620538
2.75;0.9944909684324158;0.9885464843729062;0.9945443107707304;0.9885464843729062
2.0;0.9998383800158446;0.999843687000972;0.999843687000972;0.9998501583708039
1.65;0.9199054639560288;0.9263750449058483;0.9263750449058483;0.9263750449058483
2.75;0.9886522357505331;0.9921612230566644;0.9908456723131625;0.9966552601176643
3.5;0.9968119236743871;0.9999752368107001;0.9999752368107001;0.9999752368107001
3.0;0.9985104865341451;0.9987524715401995;0.9987524715401995;0.9987524715401995
3.9;0.9766504300482969;0.9771502795447933;0.9771502795447933;0.9771502795447933
3.25;0.985532720459621;0.9953464326352147;0.9996567456367617;0.995347641540294
4.0;0.9998490531722587;0.9998965072388902;0.9998965072388902;0.9998965072388902
3.9;0.9940809555210098;0.9934049339098656;0.9934049339098656;0.9937164169364288
3.95;0.9966688807697871;0.9966714945659731;0.9966714945659731;0.9966714945659731
2.75;0.9763218668195045;0.9776835071608643;0.9776835071608643;0.9776835071608643
3.0;0.9999777988507654;0.9999510955457536;0.9999547350715627;0.9999519646819917
2.5;0.9978976888251504;0.9979054662624902;0.9979054662624902;0.9979054662624902
3.0;0.9931058626906888;0.9867648942669115;0.9867706439170425;0.9873945690381929
2.5;0.9842341679844449;0.9798431423422038;0.9837791009563077;0.9842775929501535
2.75;0.9813743680788111;0.9511613160270629;0.9820240247709655;0.9511613160270629
2.75;0.9979610167215587;0.998439238743101;0.998439238743101;0.998439238743101
4.5;1.0;1.0000000000000002;1.0000000000000002;1.0000000000000002
3.9;0.8803196340417264;0.8826312711202758;0.8826312711202758;0.8826312711202758
3.4;0.9812996697572136;0.9811576332534295;0.9811576332534295;0.9811576332534295
4.0;0.9732037674509524;0.9760813208258076;0.9760813208258076;0.9760813208258076
4.85;0.9995102529725353;0.9999943875682596;0.9999943875682596;0.9999943875682596
0.0;0.9988340394714019;0.9989069715067876;0.9989069715067876;0.9988349802733559
4.9;0.9943571662537198;0.9964372353882986;0.9964372353882986;0.9964372353882986
3.5;0.9993965619176624;0.9371615725731044;0.997798935321969;0.9371615725731044
3.25;0.9950599213369553;0.9891449740387462;0.9891509391598026;0.9898022340656922
1.25;0.9504898497629438;0.9857484741818441;0.9857484741818441;0.9857484741818441
3.15;0.9950840927028334;0.9963944576523918;0.9963944576523918;0.9963944576523918
