Human;bioconceptvec_fasttext__tok-whitespace_lc_sw-user_cf-default_ner-none_Sum;bioconceptvec_fasttext__tok-whitespace_notlc_sw-user_cf-default_ner-none_Sum
3.5;0.9998443972632011;0.9998417047554132
2.5;0.9988460324503728;0.9986124985457475
3.45;0.9987172583828638;0.9988552272296424
4.0;0.9998551425886942;0.9998505635149576
3.0;0.9985478612465732;0.9981121217672635
2.0;0.9988234619070683;0.9987326286059103
2.5;0.9991528779983173;0.9991898207739931
3.0;0.9940288954087805;0.9989969382020004
0.0;0.998918824672205;0.9987477508281101
2.5;0.996662368225509;0.9949163260477794
3.0;0.9995534937800967;0.9996501974704181
0.5;0.9952951194627503;0.9948194134565359
3.0;0.9990301361847167;0.9989433543994576
4.1;0.9997945374380975;0.999792538186461
3.5;0.9988213237524701;0.9948999384060083
4.0;0.9999737679227227;0.9999664728873111
2.5;0.9997061930691882;0.9995657005621373
4.0;0.9994333205255963;0.9985334502850313
4.0;0.9993376035096251;0.9987242239376257
4.1;0.9988678925924247;0.9988773498139234
4.0;0.9995784490535069;0.9998096979726331
3.0;0.9995233229219993;0.9968835750705558
4.0;0.9968277355117714;0.9991058744855191
3.0;0.9987732831254951;0.9983274164744532
4.5;0.999846082091026;0.9998400603561568
3.5;0.9994907369428461;0.9994428968689458
3.5;0.9994014612443229;0.999451906334197
3.0;0.9997435116815814;0.9997083074405343
3.5;0.9996306025768337;0.9986374663241491
4.0;0.9999702914627818;0.9999774628390864
4.0;0.9999670164078728;0.9999247841679315
4.0;0.9999251824949731;0.9998761479614625
3.0;0.9986908383274334;0.9988841037431135
2.5;0.9994045341183377;0.999699926105428
2.5;0.9996323899189908;0.9996151493653647
3.0;0.9990196110705559;0.9988690987255882
0.0;0.9984603416192431;0.9980407164500804
4.25;0.9998162362809561;0.9997863289957175
3.0;0.9986302264256463;0.9986799618163262
3.0;0.9991396898436501;0.9975233860228256
4.0;0.9993111335323552;0.9988811329871076
0.0;0.9968514269435798;0.9961512460541969
3.5;0.9998050090938037;0.9997707590669226
1.0;0.9929117060011627;0.9944414790808765
0.0;0.9988760544473939;0.9979362047759175
1.5;0.9982407377557233;0.9958487779616855
3.6;0.9981996044739649;0.9981508957318362
3.0;0.9996523058893433;0.999450819457915
3.0;0.9998416425031146;0.999402477005472
5.0;0.9995425864562734;0.999498241448833
3.5;0.9995876270453222;0.9996239737818762
0.0;0.9979485958092851;0.9976323583899621
4.0;0.9965129055607188;0.9996140619026926
4.5;0.9999553941345458;0.9990404928216093
3.0;0.9994447999497589;0.9990876213622547
3.5;0.9999225097238078;0.9999139257437598
4.0;0.9999279966759527;0.9998166444209031
3.0;0.9994397153851516;0.9992097099048457
3.0;0.9986915005087407;0.9986976162444353
3.5;0.9992689680104284;0.9990941661117353
2.5;0.9958659776741969;0.995824990460694
3.5;0.9999301247733519;0.999917515033611
3.5;0.997634766166516;0.9928904786696122
3.0;0.9994962887747938;0.9994664986267052
4.5;0.9854113932270031;0.9968445317578866
2.5;0.9988531446950979;0.9986236751451528
3.5;0.9987212809989382;0.9981953350094893
3.0;0.9987436764106162;0.9986525538785415
2.5;0.9995419566328752;0.9997372243738758
4.0;0.9995681175517114;0.9873105449350529
3.5;0.9997042177703357;0.9983015026207063
3.5;0.997698165168574;0.9981097699500336
3.0;0.9992908395642225;0.9992844236457641
2.5;0.9998947592710177;0.9996040767136783
4.0;0.9996804244948678;0.9996596783438774
3.5;0.9964876445966183;0.9993245365976973
2.5;0.9950675331703468;0.9951081824111258
2.5;0.9997568319356976;0.9997477350452615
5.0;0.9996690037052997;0.9996115787510275
4.25;0.9997115612696356;0.9996921945981644
2.5;0.999285269409364;0.9992879602531145
2.95;0.9990662265734478;0.9991293668698705
3.0;0.9999022455504556;0.9999030738124773
3.45;0.9999056494503739;0.9998884689321031
2.5;0.9997393527063038;0.9997573058165953
0.5;0.9960405966908383;0.9973567389765438
4.5;0.9980691260381795;0.9974459839976587
2.0;0.9955171955902858;0.9900828178907944
2.0;0.9974206986816814;0.9969031916419906
3.5;0.9999721053676622;0.9999722760608659
3.5;0.9993024330817887;0.9971574774092409
4.0;0.9999302723499994;0.9999262408284829
3.5;0.9995103512134412;0.999492217890772
4.0;0.9998345909104962;0.9998385749560306
2.5;0.998904332293726;0.999276871475694
3.0;0.9994933413822008;0.9985962690753244
3.0;0.9992923158398372;0.9993162463043134
3.0;0.9983967999932039;0.9982592224250287
1.0;0.9974943997128924;0.9990604619249195
2.0;0.995492939647359;0.9956795926189743
2.0;0.9991818342335039;0.9987743935924348
4.5;0.9987752206230928;0.9989920063316194
4.0;NaN;NaN
3.0;0.9996139985176328;0.999906531033606
3.0;0.99968834743667;0.9995419165505365
4.15;0.9978369166316993;0.9999117290850525
2.5;0.9989876502056302;0.9992787337908791
3.5;0.997562888830292;0.9968550360560218
4.0;0.9941711657523951;0.993564552516143
5.0;0.997143909728712;0.9865686872787286
4.8;0.9997187966713772;0.9997072105708894
0.0;0.9946367235120188;0.9951356691107895
4.6;0.9999265398799554;0.9999162245778958
3.0;0.99843447333101;0.9989828409435242
2.7;0.9993850855060628;0.9993735611908586
3.6;0.9996917253326055;0.9990696687209036
3.75;0.9997375433187653;0.9997739543729077
3.65;0.9995950529578282;0.9995504376127947
0.0;0.9978422177555447;0.9936673949992855
3.0;0.9984813587158142;0.9989451414191007
4.75;0.9992266677128004;0.9991325309721084
3.6;0.9996800821072056;0.9997281480536677
3.5;0.9999236751598701;0.9998775914179906
2.75;0.9997063500954552;0.9997030684527786
5.0;0.996809023806486;0.9959622361308708
4.0;0.9994924840221814;0.999470028231945
3.0;0.9958966093105667;0.9922145491863111
3.5;0.994452531286153;0.9987250200443394
3.35;0.9998430673968255;0.9998441018736551
3.2;0.9983814383951047;0.9980584631253241
3.6;0.9988838457107548;0.999113779275523
3.75;0.9992426287998593;0.998854697688517
4.0;0.9999558703378976;0.9999518649902774
3.75;0.9997481278766416;0.9996800172492376
3.5;0.9998544956408489;0.9998334987561264
3.5;0.9994282581514918;0.9967207899067285
4.25;0.9999103766602545;0.9999054129586499
0.0;0.9990293001393992;0.9986635391355135
3.5;0.9979470415627413;0.9992258249769831
2.75;0.9996105563976682;0.9993444252561605
5.0;0.9957641784538237;0.9931628383119279
3.75;0.999881742940289;0.9998686448186379
3.45;0.9997858629594807;0.9995079807942395
3.0;0.999562553089701;0.9995171223128999
2.25;0.9960566440885339;0.9988624982554436
3.25;0.9995564871609506;0.9995560784612495
4.2;0.9998117569848995;0.9999384208757357
4.25;0.999730146182974;0.9997272477581876
4.4;0.9995939083599976;0.9997012162287738
2.5;0.9973941790197236;0.9971162737391954
1.75;0.9986880647237212;0.9996807427307128
3.5;0.9991690232246535;0.9983846553935384
3.5;0.9998392700092535;0.9998045525728086
5.0;0.9997604404064899;0.9986323799926152
3.95;0.9998641227599158;0.9998172168503917
3.5;0.9994497764359925;0.9994369982034031
3.25;0.9941170331981333;0.9959265182740057
4.5;0.9993972742457375;0.9993709836008594
0.0;0.9985016429222359;0.9972181596475649
3.1;0.9998669283064416;0.9992376962254101
3.5;0.999865789187793;0.9993802125888912
4.25;0.9998126334434188;0.9999675675927031
2.75;0.9964216448618144;0.9973322100189774
3.5;0.9993998586952597;0.9990474496713431
4.5;0.9999017064210327;0.9998929936458505
3.5;0.9996129759937102;0.9982927643086179
2.9;0.9996131007155727;0.9996141978476472
3.0;0.995629180512756;0.9948788212320736
3.0;0.9988430626041898;0.9986627675015276
3.0;0.9926358283176663;0.9811724596109519
4.0;0.9986150022706947;0.9985016137101869
0.0;0.9988678803035401;0.9987294633862775
3.75;0.999304944394454;0.9992696517096069
3.0;0.9999413409963083;0.9999481412376536
2.5;0.9981327614191576;0.9995754664007758
3.5;0.9995322646212569;0.9977600304889112
4.0;0.9962770982673905;0.9991427320345653
4.5;0.999330475694807;0.9992451594586951
3.5;0.9986859209160537;0.9986662457414051
2.5;0.9996027052457305;0.9996336189010879
3.75;0.9996676354499365;0.9989281571039316
3.5;0.9990869816367638;0.9990323837563956
3.0;0.9996032715011245;0.9993823658348523
3.9;0.9944503915175609;0.9959837330753045
3.25;0.9969437305175827;0.9988646592562297
3.75;0.9999551833242446;0.9999172264677917
3.4;0.9987145844064911;0.9986469848865336
4.75;0.9997288624697765;0.9996406323421482
3.5;0.9996125185052421;0.9995907229021822
3.75;0.9993715384533862;0.9997385463029361
3.25;0.9998306926894958;0.9998332542170835
0.5;0.9919382610115;0.9989084795457529
0.5;0.9964768469187121;0.9954397932625393
3.75;0.9987451580917401;0.9992456849927059
3.25;0.9968277355117714;0.9991058744855191
2.5;0.9975483878197985;0.9980791858653555
4.95;0.9999266211121982;1.0
0.0;0.9974876139338159;0.9972497642094682
3.4;0.9992592359298462;0.9989012109623815
3.0;0.998539257424849;0.9979345943903533
3.5;0.9986094546819992;0.9986020287540578
4.25;0.9998320520365147;0.9997916170780113
3.0;0.999925827725922;0.9999518300409955
3.9;0.9998253002155318;0.9995665839157528
3.25;0.9988960314772474;0.9988960314772474
3.0;0.9986626806853937;0.998883828235988
3.5;0.9997698542325841;0.999456257706801
3.25;0.999605486505324;0.9995876122259454
4.45;NaN;NaN
1.5;0.998505531265816;0.9992186975285823
3.0;0.9976053787884243;0.9977368553263936
3.25;0.9992423076063268;0.9988209671272462
3.9;0.9985702137415676;0.9985880382818907
2.9;0.9981423208242257;0.9979400156503055
2.0;0.9981935512012133;0.9998487038170902
3.75;0.9997531073212286;0.999747240046784
3.0;0.9852240926151161;0.9816483666348432
3.0;0.9988338097478943;0.9988194412334317
1.5;0.9944674868568547;0.9973449454058332
2.4;0.9989454101107227;0.9993998898913912
3.0;0.9998124131275122;0.9998036529099718
0.0;0.9979371542223486;0.9970348662532184
3.5;0.9974895591939389;0.9979854902232455
3.5;0.9999760032985899;0.9999505280659206
3.75;0.998025744702932;0.9978557273911591
4.9;0.9999726659522139;0.9999717006809985
1.25;0.9994009697241413;0.9991196391969838
3.0;0.9962868273092673;0.9976682135952158
3.75;0.9971503121966393;0.9962175683617535
2.0;0.9968840231795258;0.9989802150276639
3.0;0.9994718563191356;0.9995428902492197
3.0;0.9991515777244387;0.9972440594200443
2.1;0.9989575319673591;0.9981390015642635
3.0;0.9992663010065957;0.9993013549449736
1.5;0.9995237270562795;0.9994757304228742
4.75;0.9990327609818079;0.9991707767264318
3.6;0.992005624450288;0.9860840785369828
3.0;0.9986148346557311;0.9960309675839034
3.25;0.999275742800127;0.9993348234410749
3.0;0.9972213502364562;0.9978840769735957
1.5;0.9998784773321205;0.9998107465295182
0.0;0.9986788018582661;0.9988992702851491
3.9;0.9995875020094079;0.9971900833751463
4.45;0.9976688022313083;0.999667261750808
0.0;0.9987189079124705;0.9987907006434747
3.0;0.9980634936205616;0.9976533577027236
3.6;0.997949318551325;0.9972159018392994
3.5;0.999392242196659;0.9951631577594455
3.45;0.9999407791868807;0.9999381390454278
3.0;0.9995802547031248;0.999696638526809
3.0;0.998570258116241;0.9978192039438095
3.5;0.9997168058702222;0.9996251279911448
4.2;0.9999653115471668;0.999941690525131
3.25;0.9998029647061066;0.9998128625336679
2.0;0.9989535289102486;0.9986434628512649
0.0;0.9967375529728211;0.9922503381067973
4.25;0.9986923559597777;0.9977981752334489
4.25;0.9995719820990532;0.9993541461478735
3.0;0.9995132763649514;0.9985024248062231
1.5;0.994502296082244;0.9921340960632368
4.25;0.9996556941536756;0.999632630557379
3.5;0.9997392199061397;0.9991127491280363
3.75;0.9963429535388956;0.999373370403493
3.75;0.9998313961724705;0.9997671269324213
3.75;0.9998756687146204;0.9998191592841305
3.5;0.9919716223668728;0.999280792153623
4.25;0.9992639684258301;0.9991378673079137
3.0;0.999073296642794;0.998822262454537
3.5;0.9996275582844285;0.999615024709299
3.35;0.9969995157927265;0.9979037904520618
3.25;0.9954139556028861;0.9990954191130598
4.4;0.9972657817738704;0.9957894956946233
5.0;0.9998691262359337;0.9997928445093133
4.4;0.9999158794126688;0.9999153095886101
0.0;0.9985145094793834;0.9982729283367933
3.5;0.9998005861067464;0.9997691140379912
3.9;0.9992354438471173;0.9992677470585279
5.0;0.9992277684648514;0.9997423500093553
0.0;0.9973377615037476;0.9975426081101808
3.0;0.9996261979102461;0.9997144299224249
3.0;0.9994192387178853;0.9995010870984361
4.25;0.997726554546194;0.9997259260174991
0.0;0.9977377132692986;0.9991652720815712
3.5;0.9982191388877563;0.9981891843241424
3.1;0.9922467734442566;0.994042425528742
3.0;0.9989051096980446;0.9990466953799532
3.0;0.9994132297939886;0.9994217345551647
3.0;0.9992380658495901;0.9994345938568968
3.75;0.9986173960328061;0.9988537150618644
0.5;0.9926929466411804;0.9880497445116342
2.5;0.9939665487936723;0.9704531220726843
3.0;0.9990145374562173;0.9984807506857449
3.75;0.9981918759246314;0.9977146867445227
3.5;0.9997375877300534;0.9998644954058238
3.9;0.9994683281893185;0.9989754084478849
2.75;0.9996402581545525;0.999571955361948
3.0;0.999818272704109;0.9997483073098452
4.4;0.9997860316277961;0.9996999138341113
2.0;0.998636007690919;0.9989096804742346
3.5;0.999620758386133;0.9977936224838405
3.4;0.9985413074500428;0.9985716841718651
4.95;0.9996911201434475;0.9999206570391568
3.75;0.9997317430755488;0.9997259402462336
0.0;0.9990770783816227;0.9990467654280635
3.75;0.9972959899030533;0.9954313339791517
2.9;0.9993980310473978;0.9976840245698272
4.75;0.997496628427708;0.9961930202171759
4.9;0.9985694199225492;0.9998659420030295
4.25;0.9970777472990785;1.0000000000000002
3.9;0.9997173917150817;0.9999605817063748
1.95;0.9991533612246457;0.9994557008340228
3.75;0.9999572654571802;0.9999594672071318
4.25;NaN;NaN
3.0;0.9992722386292562;0.9965772482850247
2.25;0.9982298374543255;0.9996407078039071
2.5;0.9954559044143716;0.99839783346658
3.0;0.9982482799800793;0.9992392417414009
3.25;0.9995245722654573;0.9991910703873741
4.0;0.9991654241386289;0.9980701738092338
4.75;0.9976663676335061;0.9985085930629707
3.0;0.999393472547185;0.9987201580630111
3.4;0.9996772420471782;0.9996837591394672
3.4;0.9986707056201023;0.9844954828032811
0.5;0.9935011592522619;0.9897560116802611
1.9;0.989620069073714;0.998279227667425
4.5;0.9998677685270062;0.999870663652496
3.2;0.9995832779888851;0.999276381828475
3.25;0.9998600605574547;0.999842399993725
3.25;0.9996590880177723;0.9996963431698693
3.25;0.9996340718778235;0.999636084076892
3.0;0.9989411218996526;0.9985330448612455
3.45;0.9985672259692971;0.9995101141554192
3.7;0.9987914042483341;0.9996158115713758
3.5;0.9997101957609158;0.9994548668521936
2.75;0.9991900847420978;0.999150718126563
3.1;0.9985771687984463;0.9990120070813412
3.4;0.9989717748906891;0.9976800708124874
3.25;0.9963549329735824;0.9996913322076982
3.35;0.9963264945000608;0.9955897554055566
4.9;0.9982877332581918;0.996439308653299
3.5;0.9997505138730135;0.9997080190427066
4.65;0.9997903447061679;0.9993672399782375
4.75;0.996284051278953;0.998233525828905
4.7;0.9999431358150573;0.9999411056239749
3.5;0.9997218398799893;0.9996934365360234
3.25;0.9997670512319413;0.9997496888094537
1.5;0.997006996090214;0.9952586396725771
4.2;0.9991720435221192;0.9988919331947876
5.0;0.9993590251933259;0.9991947482995291
3.0;0.9957017910578406;0.9989264352582712
3.0;0.9969773397287777;0.9792028072123439
5.0;0.9997434546757489;0.9997209395677988
0.0;0.9977580849165275;0.9994383974656571
3.5;0.9995935331788679;0.9995774739370081
3.75;0.9981520142760095;0.9844954828032811
4.5;0.9993248175266963;0.9993170456958955
3.7;0.9995001245437016;0.9994805535356113
3.25;0.9991180629079003;0.997919766494172
4.25;0.9988335504549062;0.9986158653748959
2.0;0.9994727486790973;0.9968913841628895
4.0;0.9995440944860937;0.9997477340318399
3.75;0.9969763164231755;0.999896880814026
3.5;0.9991229921047183;0.9991785862168162
3.0;0.999576900227769;0.9995071577552038
4.95;0.9987634515735772;0.9987834143507763
4.0;0.9987275536755028;0.9956556175489469
4.0;0.9982404334898041;0.9998374292999628
4.9;0.9974820144051526;0.9975142549278316
4.9;0.9980812214751089;0.9970609527643691
3.7;0.9996635911419635;0.9997149632283455
4.0;0.9969882318242353;0.9970000206866666
3.25;0.9977190766398052;0.9994584325697384
3.0;0.9999449860566841;0.9999418267077708
2.25;0.997079269033039;0.9970052042670259
3.0;0.999750213821545;0.9993932863816231
4.0;0.9984003764764443;0.9998771423780735
3.4;0.9946631612482953;0.9924013064372142
2.9;0.996295621577428;0.9958858106990455
3.25;0.9997811164986175;0.9997890622703817
2.5;0.9995060587387837;0.9995609274206367
3.7;0.9995290193193724;0.9994501977630917
3.25;0.9999452151938142;0.9999322362740722
0.5;0.9968829899196058;0.9975360705784252
2.75;0.9978854620232114;0.9980106514107958
4.0;0.9998828330905916;0.9998700607191036
1.75;0.9979742233160054;0.9963271690158221
4.0;0.9988914612717222;0.9994497845067171
3.45;0.9970840256189866;0.9992588905999937
3.4;0.9997912505900857;0.9999156282504417
3.0;0.9974406063625074;0.9976672038605761
4.25;0.999435017031972;0.9992973542621811
3.0;0.9997613253836872;0.9997548420553449
3.0;0.9958883206496626;0.9961087277937779
3.5;0.9981405337319719;0.9967077010955468
3.25;0.999917897529093;0.9998253249534899
3.45;0.9990239076268161;0.9990576230391417
4.6;0.9981685667139242;0.9969131649021999
4.25;0.9995294552905032;0.9994833631660677
1.5;0.9984812807095039;0.9996734231084242
2.5;0.9953308661354906;0.999347698017314
4.75;0.9991822162090686;0.9994576488480628
4.4;0.9986477136609612;0.9988003316509085
0.0;0.992043494920251;0.987170795732065
3.25;0.9997616599554993;0.9997746490562318
0.5;0.996377376528621;0.9948650496358045
3.4;0.9994093117514821;0.9998644954058238
3.25;0.9997707591272583;0.9997621420298552
3.25;0.9946344562662944;0.9906058819324858
3.0;0.9982911857445868;0.9984169769421342
3.25;0.9987266431598725;0.9989616661488488
1.5;0.9982842556642705;0.9986142975888437
3.2;0.9996073400710594;0.9995438257641612
0.0;0.9981623739722959;0.9971267711561249
3.0;0.9995011956136778;0.9994971291301747
3.4;0.998564485329072;0.9989121217730831
3.25;0.999568438523172;0.999570204046309
3.5;0.9993509989910666;0.9991709366533237
1.5;0.996527105571364;0.9961844465053304
3.0;0.9946555397701439;0.9899607035515953
4.9;0.9937794792159925;0.9989110697569646
3.45;0.99938561616468;0.999552949501993
4.25;0.9962582154293264;0.9995686269178238
4.5;0.9990029744087588;0.9994890701708832
3.0;0.9982376233454594;0.9984195216044733
3.5;0.9989070377301186;0.9990656058931244
2.25;0.998680967895067;0.9984219556821986
4.25;0.996079302604437;0.9985321746382847
3.4;0.9995647144905745;0.9997714937788755
3.75;0.9999569809691168;0.9999570474664461
4.25;0.9996772975259461;0.9996591561201219
3.25;0.99992759439835;0.9997560564377387
3.25;0.999713798600768;0.9995019662325839
3.65;0.9993596750435716;0.999569402127935
2.75;0.9981065055632455;0.9978416215820257
1.5;0.9989917712414188;0.9988117468068709
3.0;0.9994775803275993;0.9994386241219528
4.25;0.9983360722536196;0.997381953227848
3.5;0.9985631991012156;0.9985638157297131
3.0;0.9992904730550217;0.9986224058467256
2.0;0.9995341898165957;0.9995373080523575
2.5;0.9961227432737924;0.9979843447972219
0.0;0.9966335944924833;0.9979718961934062
0.0;0.997638312173999;0.9972676016786168
4.0;0.9995939818211139;0.9991207769067919
3.35;0.9990738934457324;0.9986466680919092
4.25;0.9989313096115461;0.9989081933246649
4.25;0.9980566203227634;0.9980315957535669
3.45;0.9984382720108479;0.9976830013947752
4.25;0.9988335504549062;0.9986158653748959
3.0;0.9998547817238187;0.9998812147953956
3.45;0.9858104968556975;0.9950014498380702
0.0;0.9984323734046817;0.9981362679506293
4.2;0.9945331687744975;0.9987919861999833
0.0;0.9939974547636323;0.9928075851346828
3.0;0.999638374131663;0.9996036081124401
4.75;0.9997655204537026;0.9997247937012228
3.25;0.9991392065442727;0.9991578414146337
3.25;0.9996179033474782;0.9995912865871012
3.65;0.9998939599814602;0.9998852204131619
3.5;0.9997972120993108;0.9997866573126117
3.0;0.9997509273675311;0.9995375429878708
3.25;0.9998301599073302;0.9995589385170092
3.0;0.9995045332525307;0.9995103601470706
3.4;0.999771375169466;0.9997776775057939
3.25;0.9920636823259993;0.9933229300486057
4.25;0.9998765916174639;0.9998464473468036
3.4;0.9997961597831918;0.9998390516746666
3.0;0.9994482267755066;0.9993350857078006
4.75;0.9997173606647695;0.9996974741985674
5.0;0.999950315577902;0.99994694737125
4.5;0.9997578576104298;0.9997516037440978
3.0;0.99831233463245;0.9984721451786394
4.2;0.9993765667840129;0.9991162029620461
3.25;0.9997526001958966;0.999752812353926
4.25;0.9972186929251392;0.9997595886739941
0.5;0.9981563925595794;0.9965731844198431
3.95;0.9987349614376242;0.9987823675428302
3.95;0.9999491446574228;0.9997399727434774
1.75;0.9980922217145142;0.9972871911269449
3.95;0.9953269198612109;0.9979733735163552
4.25;0.9996064605549163;0.9988009950567424
3.25;0.999131569197877;0.9988178942229211
4.2;0.9993682407931799;0.999011785775714
2.95;0.9889364218550686;0.9907138536029048
3.0;0.9998351274804235;0.9998402330869283
3.25;0.9945364854811324;0.9942545880979757
0.0;0.9944549825483291;0.9921361217897969
4.9;0.9994298712552389;0.999420035381719
2.9;0.9901837756696952;0.9992391152743766
2.0;0.9985945755841652;0.9981907557759968
1.75;0.9993767441436117;0.9998744694982303
3.65;0.99858836370411;0.9978340980473461
2.5;0.9981669527386373;0.997867156653059
0.0;0.9987577891196058;0.9939795228927679
3.0;0.9988253621050822;0.9989435330541065
5.0;0.9998051615631529;0.9998195259299152
2.25;0.9983825361334283;0.9985951790486117
2.5;0.99955763006187;0.9995437647704315
3.0;0.9994058794954592;0.9994251229067532
2.5;0.9962750196953407;0.9946109774447659
4.5;0.9999092542825094;0.9998617806540674
3.45;0.9994937481339061;0.9991954972157732
4.2;0.9976470774030685;0.9993435011643602
3.95;0.9996942987148132;0.9996243914955029
4.4;0.9995421138203922;0.9996416037041479
4.15;0.999165853218332;0.9992226734006306
3.25;0.9982395386446491;0.9985864974389835
0.5;0.9995482608589028;0.9976578209043963
4.15;0.9998190726695271;0.9996960754542833
3.25;0.9972794852276065;0.9964990969136205
3.4;0.9994416251974477;0.9993969296351615
2.75;0.9974679924132278;0.9984948111851876
4.85;0.9966359437190377;0.9972404378009464
1.0;0.9973696309237768;0.99714079343959
4.25;0.9998287984943123;0.9998895507198523
1.25;0.99310565221143;0.9968870721516003
2.75;0.9961819372430718;0.9953994072068564
3.15;0.9998179193932517;0.9995649130334259
5.0;0.9998656847100804;0.9998381504038886
0.0;0.9991344447059969;0.9991269049243108
3.4;0.9992770839886355;0.9989556537565931
2.75;0.9991683680657771;0.9995892321755181
3.2;0.9988851711816799;0.9988369527784292
5.0;0.9998155693625913;0.9998155693625913
3.5;0.999236461609538;0.998774745165309
3.0;0.998016271201443;0.9938857108590501
3.15;0.9995849936183289;0.9993032613850257
4.25;0.9998476319959045;0.9997079246926238
2.7;0.9943170891843518;0.9919442635914364
4.75;0.9997597606231964;0.999718181156366
3.5;0.9916980338181557;0.998075137220991
0.0;0.9981576004627969;0.998079235346948
4.0;0.9996663850803288;0.9996687595100557
3.25;0.9997508354413384;0.9997378117270671
4.75;0.9995997529067847;0.9993140619805171
0.5;0.9990218831176274;0.9987678980032645
3.5;0.9943634102073788;0.9934617189847498
3.25;0.9990223545077319;0.9994181872286305
2.25;0.9985828130262409;0.9985912743183561
4.2;0.9973393786353666;0.9988741383412847
3.75;0.9983198471996769;0.9989239249225772
3.7;0.9994558855265137;0.9989056566967154
3.25;0.9998104792579651;0.9995428606742627
3.45;0.9974290187895203;0.992496881627803
4.9;0.9986540827297136;0.9998302277939803
4.75;0.9996177358799929;0.9991818930055608
4.9;0.9999465081964023;0.999956070034508
0.5;0.9990082009770619;0.9989852520254414
4.25;0.9999653852259559;0.9999657407748646
3.75;0.9995352958420031;0.9995443384730507
3.45;0.9988817703063226;0.9993111922081542
3.95;0.9843387823333176;0.9807207444812719
2.95;0.9985994746359932;0.9975215488315978
4.0;0.9998171134404138;0.9998369152038656
3.25;0.9949599152724985;0.9930519454232791
0.0;0.9990405896759449;0.9987049738472299
3.25;0.9988124430093747;0.9987749140672623
0.0;0.9980615762472151;0.9993206619744102
2.75;0.9996195682503273;0.9994749318941639
4.25;0.9998907277014178;0.9998992996347169
3.85;0.9998648968067538;0.999917842867031
3.5;0.9962928234414107;0.9999999999999999
3.25;0.9998747244461687;0.9998711946453509
3.55;0.9997184472634667;0.9986523771196175
3.25;0.9992898171246914;0.9988502079950782
3.25;0.9965489469791795;0.99913007595661
4.0;0.9971988402595785;0.9963173776539551
3.4;0.9993575338811301;0.996193327405781
0.0;0.9985590179070178;0.9970988514125336
3.5;0.9995196109726462;0.9995814599669833
1.0;0.9973818524772733;0.9963317080800856
3.45;0.9996547097500184;0.9999177806452755
0.0;0.9925513950773763;0.9983667133734405
3.25;0.998899528541795;0.9974870258217524
5.0;0.9999482705641403;0.9999328680317241
3.25;0.998728573712603;0.9988405984744163
3.4;0.9995590063256202;0.9974487859998963
4.25;0.9986582130032596;1.0000000000000002
3.45;0.9984609747907238;0.9980222986156678
4.25;0.9997093410237131;0.9997322744004028
4.0;0.9993779359701804;0.9992583903249915
3.0;0.996988084158742;0.9972605328544907
0.5;0.9988809888137314;0.9984324366719497
3.75;0.9994777178178125;0.9994696094423677
3.25;0.9998271588720575;0.9997828985130812
3.5;0.9983620509578567;1.0
5.0;0.9997335360297852;0.9996742181668339
3.75;0.9983308220297669;0.9942187815160893
2.5;0.9977140151369007;0.9979296943368154
1.0;0.9964723698667857;0.9937122873884474
3.0;0.9998703203768654;0.9998726818700997
3.25;0.9992885516377328;0.9992646283044144
0.0;0.9978682609610312;0.9984230471827104
3.65;0.9997227799606119;0.9994732488368413
4.4;0.9999032862580532;0.999893155433518
3.25;0.9993951079042137;0.9993898001639941
4.45;0.9992689454326277;0.9983926590718367
3.4;0.9986682220149975;0.9983498134424122
0.0;0.9792342751260302;0.9926764829904328
3.0;0.9996123988817449;0.9978764434763081
1.25;0.991394566983211;0.9866231890654389
4.0;0.9998573057842889;0.9997919297077988
4.15;0.999784222004118;0.9997002367991044
3.5;0.9997610067379585;0.9997083195003978
2.75;0.9976522371744422;0.9982038162711105
4.75;0.9986356344911234;0.9981937766855519
5.0;0.9976514560881543;0.9969378427548493
3.7;0.9997907578079924;0.9997621560245171
0.0;0.9987962619513364;0.9984852727066622
4.4;0.9998294925489886;0.99984133016724
3.2;0.9973305338691648;0.9969407072443464
3.25;0.9978683597026824;0.9967590290495633
4.85;0.9991350489758961;0.9993181799288168
2.5;0.9995803412860165;0.9980843282168786
2.0;0.9972957390581905;0.9939262335786405
4.25;0.9978682306589695;0.9999999999999999
5.0;0.9999453164596479;0.999934678717808
3.4;0.9984032542824295;0.9995757878816328
2.65;0.9967621666548262;0.9980989514046834
3.9;0.998934093236619;0.9996995642249148
5.0;NaN;NaN
4.7;0.9999044769118232;0.9999156282504417
1.75;0.9980426139442877;0.9974495245945824
3.0;0.999399595889456;0.9995820577211159
3.0;0.9981026671766149;0.999450819457915
3.65;0.9982306509490935;0.9972288614924681
2.25;0.9991673736588496;0.9967828204283221
3.25;0.9991541039344358;0.9991250626391799
3.0;0.9994374967736291;0.999247958595692
3.7;0.9968776435999875;0.9971965335093839
2.0;0.9959316778518256;0.9996766900531866
3.7;0.9996396196615885;0.9998087135672533
3.45;0.9995529419834993;0.9991423465352949
3.25;0.9992712123351377;0.9993903182066493
3.0;0.999482913053987;0.9994386957980754
4.0;0.9987391551679787;0.9988676252964298
3.25;0.9988811383713473;0.9975990802061584
2.75;0.9991443293083759;0.9989612192852406
2.25;0.9936895939914672;0.9955688582007939
1.75;0.9942292460864615;0.996922127861158
2.0;0.9991099302530041;0.9991309720614331
0.0;0.9985419057569532;0.9982168565131885
2.0;0.9969598598512787;0.9935663971114905
3.0;0.9983428323985643;0.9983272808814346
1.25;0.9994455583030861;0.9991497446004519
0.0;0.9977513303232671;0.9970390001255827
3.4;0.9996557361595217;0.9993903182066493
3.0;0.9990085955601287;0.9985148220548368
1.25;0.9977813996703762;0.9984190184511217
3.65;0.9998975435690761;1.0
3.7;0.9998198105030368;0.9997515401541621
2.0;0.9988653964302694;0.9983449699002117
0.0;0.9957591862745727;0.9954298954403719
4.75;0.9998415425105311;0.999794374944305
4.5;0.998910752400654;0.9971861770979902
3.0;0.9997126774701555;0.9997264774570368
3.0;0.9992553956517101;0.9992194849473173
2.9;0.9994177977854961;0.9991658661085318
4.0;0.9972156864722282;0.9968699661410815
5.0;0.999388986074173;0.9991361188418927
3.7;0.9984485915138026;0.9976780996753785
4.25;0.9907799723841476;1.0000000000000002
3.95;0.9999002784392901;0.9995589766119257
3.75;0.9992409077603657;0.9993969881109955
2.5;0.9981638015066039;0.999607817266261
3.0;0.9995417459169793;0.9995359519569005
5.0;NaN;NaN
3.5;0.9983911624342452;0.9947684052334932
4.15;0.9978808615875863;0.9991670550156356
1.5;0.9976673013302816;0.9988508781706902
3.4;0.9999509787449774;0.9999523276671837
3.0;0.9987614905868482;0.9987242215780492
2.0;0.9978134694794808;0.999204037449026
3.15;0.9982215973106286;0.9580180060161572
4.4;0.9998593054508302;0.9997659489028904
2.25;0.9950259898862573;0.9918964980415697
2.9;0.9959086656944108;0.9958799973803237
2.75;0.9975101987843057;0.9988432612073788
1.75;0.9801637256792144;0.9761953254769415
2.0;0.9975841261989508;0.9977974447551486
4.4;0.9997445447296535;0.9996527969946222
3.0;0.9992737107943788;0.9995444689325643
5.0;0.9994730625399543;0.9993126446223973
3.25;0.9988920882001192;0.9994934132009694
3.5;0.9997845646530168;0.9997234190718243
2.9;0.9990092268322118;0.9982221846822751
2.75;0.9993756865515276;0.9997966453692698
3.65;0.9998820860652786;0.9998787638499291
3.4;0.9998952940486887;0.9995238080006976
3.25;0.9998616508438317;0.9995360472097016
0.5;0.9995104580574581;0.9990371733665034
4.5;0.9999999999999999;1.0000000000000002
4.25;0.9998060569831124;0.9997279739717098
2.75;0.9984806368518868;0.9985568673631157
3.8;0.9996909609072625;0.9993822344516469
3.25;0.9977528424267722;0.9973891973485143
3.0;0.999684114515558;0.9996746169108038
3.65;0.9995563806731064;0.99954658247548
4.9;0.9999999999999999;1.0000000000000002
0.0;0.997811576223951;0.9976845139834296
3.25;0.9992428029623811;0.9990369573319454
3.45;0.9938473845753388;0.9982093573773105
4.75;0.9993435886879225;0.9993198135262397
3.4;0.9989863199886632;0.9989551638399421
3.25;0.9990269301108317;1.0
3.25;0.9981147985281006;0.9989408624891928
3.25;0.9972955256831355;0.9962163673208843
1.0;0.999006934275867;0.9992627032504893
0.0;0.9981949081001529;0.998020140435478
3.0;0.999539075713708;0.99895125694737
3.0;0.9994445686897835;0.9994946475415218
3.25;0.9983567301175609;0.9993341474323858
4.85;0.9995006000270991;1.0
3.0;0.999869472457645;0.999941690525131
2.25;0.9974521308279568;0.9988510604591276
2.75;0.9960731212849253;0.9986971197222384
4.0;0.9999361915519219;0.9999362855240975
1.0;0.9982820660718502;0.9954144309061981
1.5;0.9984647190371512;0.9961514230187477
3.0;0.9984109809604071;0.9977707288470646
2.4;0.9991387803711342;0.9990354801678766
3.0;0.9988798201130091;0.998982084232587
1.5;0.998221376411945;0.9982200601058268
3.0;0.9996973115080745;0.9993919372292911
2.5;0.9995576294618558;0.9982398796181117
5.0;0.9999999999999999;0.9999556409186217
3.25;0.9997290044094285;1.0
4.9;0.9982455334890148;0.9978848855923873
4.35;0.9998572974582411;0.9998524095049126
3.0;0.9963637981662086;0.9988107164252101
3.25;0.99911136010709;0.998038767028907
3.25;0.9990791514315859;0.9996776449650221
4.25;0.9999999999999999;1.0000000000000002
3.25;0.9986142836466879;0.9967947365121538
3.95;0.9994266263126376;0.9993242894964911
1.65;0.9986144979198384;0.9985179925507035
3.0;0.999681177835776;0.9996574242856066
3.45;0.9995477121615761;0.997523638429523
2.0;0.9995377047576908;0.9994564716020772
3.5;0.9984806821578287;0.9989415787712213
2.75;0.9985516492689842;1.0000000000000002
4.25;0.9992862939943633;0.9992997534276056
2.5;0.9979763208161767;0.9977587683426414
2.75;0.9995829410690098;0.9993431754801362
3.0;0.9989571039179999;0.9980491247674221
3.0;0.9991845610237277;0.9993315811703622
2.75;0.9843387823333176;0.9838744612502343
3.9;0.9997803258297672;0.9997409952321593
3.25;0.9997376082528565;0.9996921861923679
3.9;0.999679640795193;0.9994043111172409
3.0;0.9987730679579038;0.9988023473130466
1.0;0.9941536528998234;0.9920783269272915
3.0;0.9992671078871953;0.9992751242251033
3.25;0.9966085219768603;0.9967400272506034
1.5;0.9962687161559991;0.9944770077988707
3.9;0.9998208549126628;0.9998289594556078
1.75;0.9992788609644931;0.9972670417647477
3.0;0.9975057567393489;0.9977055585962518
3.0;0.99975039469641;0.9997668063500821
4.25;0.9999913391455381;0.9999861132356244
2.0;0.9945419796452748;0.9929173111408798
3.9;0.9952708446495593;0.9916174262913565
4.75;0.9999434182248702;0.9999268267831614
3.25;0.9990224581831848;0.9998003113258181
3.5;0.9977386522175082;0.9964797363987581
3.75;0.9996640643647341;0.9997035790775475
3.75;0.9996327123205747;0.9998205648044934
3.4;0.998575628965573;0.9986714118155671
3.15;0.9996014853057333;0.9995605306294492
3.4;0.9987924340974107;0.9993859066548191
3.0;0.9987184096720192;0.9992969944314014
1.0;0.9985675534471533;0.9982458696089507
3.5;0.998341339543964;0.9948210117654747
3.25;0.9994995273715281;0.9994892450268583
2.0;0.9974390820714152;0.9996795654152792
2.5;0.9991771454881677;0.9991938860880873
2.9;0.9991516535227442;0.9986375871622398
1.75;0.9906645874415309;0.9854972718282973
2.9;0.9989877513790159;0.9992211683610815
3.25;0.9979178586877671;0.9969222482947215
4.5;0.9987002336572867;0.9982082167244111
3.8;0.9997418437648681;0.9996265657613359
4.5;0.9997512200666536;0.9997487712894645
3.7;0.9985704344156677;0.998134270826438
3.0;0.9977044893291497;0.997914757063113
3.85;0.9998741332024079;0.999723180694865
0.5;0.9967109893144456;0.9996760961105148
4.2;0.9994318126831921;0.9987085139093403
4.4;0.9994072823714639;0.9993524426661996
2.5;0.9961561884619058;0.9974964384813195
4.25;0.9996945564551802;0.9996604028234786
3.25;0.9994336800453016;0.999227835306949
3.0;0.9996074793735223;0.9996373184785335
5.0;0.9994294375108803;0.9999999999999998
4.0;0.9994956228665571;0.9998163953743137
4.0;0.999141200876653;0.998916564334953
0.0;0.9903438642998749;0.9895318661891651
3.75;0.995018346477611;0.991124403981966
4.75;0.9995638835603138;0.9995018757606259
3.65;0.999829949159481;0.9998171548204124
2.75;0.9987366496669117;0.9978501654377724
4.2;0.9998690500522533;0.9998548722731387
2.5;0.9993158396535913;0.9992767655666174
2.5;0.9995552169923573;0.9994920175404871
3.25;0.9998898999437072;0.9998916580844919
2.0;0.9988071255924347;0.998116920416837
4.35;0.9995555554476393;0.9993619607628094
4.0;0.9997968969507499;0.9997943243015937
0.0;0.9986537107037426;0.9986463171134399
3.25;0.9993016529120416;0.9997184390037261
4.2;0.9981211767656841;0.9997873353476016
0.0;0.9962140432652724;0.9954264445192391
3.85;0.999328421062866;0.9997957579528343
2.75;0.9976758895595961;0.9979931168661575
3.0;0.9980260782199898;0.9980775579491129
3.25;0.9993587180572259;0.99951443990271
3.25;0.9973966975717992;0.9885172468214973
2.5;0.9984548034322426;0.9985514784357102
3.65;0.9999003132903261;0.9998939260098354
4.4;0.9997754309553992;0.9997768205090293
4.0;0.9995733706747566;0.9995320178713254
4.2;0.9993397452109413;0.9993654483936589
4.4;0.9984539522828897;0.9979653261144763
3.9;0.997957082032073;0.9976496179149134
4.9;0.9999325902455328;0.9999100791205332
4.5;0.9998118357489555;0.9997562886301133
4.25;0.999856942560708;0.9992137900504114
2.5;0.997729659558689;0.9973921746232973
4.5;0.9997179910440424;0.9996656842463055
4.35;0.9998631461252836;0.9997522048682864
3.25;0.9999232893635862;0.9996660736216475
1.0;0.99919033213388;0.9987463347549284
2.5;0.9989408645786324;0.9989355679432226
3.4;0.9982945202048104;0.9990868428775883
2.9;0.999686067239687;0.9997079742383681
4.05;0.9995279396904836;1.0
3.45;0.9996454020688408;0.9989810705659502
0.0;0.9991079593440346;0.9990536035475237
3.0;0.9989284364118606;0.9988646770222437
3.0;0.9990667098790806;0.9988350792322601
3.25;0.9995199124957883;0.9993370159118347
3.25;0.9997175139623247;0.9997299549497763
3.0;0.9996876914000014;0.9996440363338555
4.9;0.9996440170906803;0.9996598776843486
3.0;0.9998147425240904;0.9995594457268636
0.75;0.9961287412246264;0.9969141959261403
3.4;0.9997352048727346;0.9997118980674661
2.5;0.9997410515324731;0.9996539764949908
2.75;0.9983248515320886;0.9983262527867566
3.95;0.999850937567233;0.9998378622926404
3.8;0.999451242538469;0.9992884589559637
3.8;0.9994149317901261;0.9998425331375418
3.5;0.9947387687836413;0.9990371098785945
3.0;0.9994291229475898;0.9991510764198847
2.75;0.9996738527231862;0.9995029270925283
3.25;0.9996070115411729;0.9993795565966559
3.45;0.9998646812789638;0.9998295359041084
3.25;0.9998413368358529;0.9998308394967587
3.75;0.9981571410741171;0.9994494163914932
3.25;0.9996781227490275;0.999382048078393
2.5;0.9944576079445322;0.9956069716194303
3.8;0.9976688022313083;0.9987986541804953
3.0;0.9999205467349467;0.9998251452906106
3.0;0.9980489407209594;0.9969806181928885
3.0;0.9964960054860524;0.9956277016656027
2.5;0.9945703029997462;0.9977845952713748
0.0;0.9973653710453546;0.9966519824981531
3.25;0.9997820272264122;0.9997773109986043
2.9;0.9989897139489008;0.9989715460437607
0.0;0.9975384007146664;0.9959490982290149
3.45;0.9995352905719306;0.9989316345091404
3.5;0.9998380875304568;0.9998237170305024
1.5;0.9988016745142079;0.9986204686350689
2.25;0.9993334984321406;0.999299238164771
4.9;0.9988335504549062;0.9986158653748959
3.25;0.9998755040599507;0.9998765783323712
4.25;0.9983057560536387;1.0000000000000002
2.9;0.9989689618320331;0.9985973157743414
0.5;0.999743905707421;0.9997100338360776
2.25;0.9993499841580916;0.9998473547441104
4.5;0.998782305996159;0.9984417839039177
4.25;0.9991564665484585;0.9993139584709322
4.9;0.9997655204537026;0.9997247937012228
3.25;0.9999314052076599;0.9999318456878229
4.5;0.9996147884245794;0.9995809908454499
3.45;0.999094145880698;0.9983509075389255
2.75;0.998447825094821;0.9985413045572317
3.75;0.9987777355903895;0.9997844884316576
4.2;0.9997542788568234;0.9997368040774645
4.2;0.9988272446873587;0.9980779470068599
1.5;0.9987994531754135;0.9990325592059078
1.0;0.9992584595765013;0.9988218692728165
3.25;0.9972226787437269;0.9996490098057484
3.5;0.9998860422496764;0.9999423912224256
3.45;0.9974609629345365;0.9964008092520514
3.0;0.9991786835633949;0.9990790299118909
2.75;0.9978127471730155;0.9973727646592158
3.0;0.9963033323422645;0.9965305409924018
1.0;0.9971062391924236;0.9966357418372837
3.0;0.9992689966484669;0.9995691441438253
2.9;0.9990365820380177;0.9993574336242252
4.15;0.9997915648331721;0.9993262542762196
3.25;0.9985463825596229;0.9971360853382543
4.4;0.9998947962218553;0.9999002703506946
3.7;0.9985097842464126;0.9981247399667194
4.35;0.9999717225634268;0.9999624248325616
3.25;0.9998321973292388;0.9988735628704746
3.4;0.9997807682338198;0.9997773798292734
3.75;0.9998434656905975;0.9998102942057907
2.75;0.9977795764755784;0.9978217869509617
3.0;0.9997937596735842;0.9998093470330649
3.75;0.9974417313631009;0.998713294218846
2.75;0.9976713060540376;0.9968675370656942
3.25;0.9997711167296728;0.9997115763612598
3.75;0.991408412302967;0.9938520579075293
4.25;0.9997109103532317;0.9996962039358236
2.95;0.9983552055221744;0.9983913561371592
0.0;0.9977653350715078;0.9974149196873794
2.75;0.9987427936185841;0.9979569724065879
2.5;0.9972720390711398;0.9960765392928902
4.9;0.9997714488511517;0.9997951305108211
3.5;0.9970503892047581;0.9978381600120797
0.5;0.9980922077505533;0.9988986960691528
3.4;0.9928750729880674;0.9945704458773087
1.75;0.9980601328109318;0.9984697914876663
2.5;0.9969129281481791;0.9975492823813256
2.25;0.9997482947026257;0.9997467892122587
2.5;0.9873058024037538;0.9857065243973743
3.5;0.9991079996092669;0.9991432849391688
1.5;0.9981279089412637;0.9980915210434999
3.75;0.9981520142760095;0.9968115195354952
3.0;0.9997987859379045;0.999777395519405
3.45;0.9970674794754839;0.9977263833342976
5.0;0.9999406529281148;0.9999317037591562
1.0;0.9982618121008715;0.9977535343663072
4.9;0.997464079658428;0.9991694216807331
3.25;0.9997716543195163;0.9997416170905292
3.25;0.9999022455504556;0.9999030738124773
3.4;0.9990771421702138;0.9987449459069743
3.25;0.9991959582293167;0.9991956383121844
4.0;0.9994624392011393;0.9998349773590159
3.25;0.9986699686292441;0.9972845609308669
3.9;0.9995844157452027;0.9994710878923616
3.75;0.999779019683712;0.9998817299599059
3.9;0.9992741989292574;0.9989056966553582
3.7;0.9995730724418209;0.9979979250090666
4.25;0.9998135618034572;0.9998080138462161
4.0;0.9946529130788291;0.9946446745698213
4.25;NaN;NaN
2.25;0.999333348019468;0.998012181863379
3.0;0.9996051150708091;0.999585228783038
0.0;0.9988065529521484;0.9991349555935679
3.45;0.9994013710783458;0.9992198876372337
3.45;0.9994573680138159;0.9991298984472258
3.25;0.9990061739777863;NaN
0.0;0.9986270446150534;0.9989594183175426
4.15;0.9998591646114469;0.9998310090114084
5.0;0.9998465437194977;0.9998458158527258
3.9;0.9995071870775224;0.9995599048170255
3.25;0.9993411433784358;0.99951443990271
1.45;0.9980661345349692;0.997711069236803
3.4;0.999784794022793;0.9997717506221898
3.25;0.9993341162964123;0.9993545066834891
0.0;0.9987565702382659;0.998606915784818
1.25;0.9934360884690506;0.9909046129816873
4.3;0.999951515560144;0.9999516600239972
3.7;0.9956870475789061;0.9976567940222043
3.25;0.9991798568994031;0.9986909258526128
3.95;0.9995550731411267;0.9997403349747809
3.0;0.9960622245943747;0.9938067579236272
5.0;0.9994382080549788;0.9992339337128118
3.0;0.9999102020646453;0.9999173035147376
3.4;0.9994964394803976;0.9996553934309322
4.35;0.9989835295557622;0.9989551554857589
3.0;0.9991253102318401;0.9994063401220347
3.0;0.9996477840033147;0.9996382815505924
3.0;0.9987947717914512;0.9986518144810022
3.0;0.9984417782360575;0.9973119830973007
3.25;0.9994283903186763;0.9990483966017412
3.0;0.9990716822887069;0.9991585205416414
2.5;0.9989993496054553;0.9987869922259727
3.0;0.9998482781010748;0.9994426035205032
0.0;0.996847169040523;0.9963357497000784
4.0;0.9992365257652954;0.9990508207057558
3.9;0.9989131905494152;0.9986259177936098
4.5;0.9967473396743846;0.9975033021458606
3.4;0.9984541961301368;0.9988227141742317
4.25;0.9970064956667609;0.9995008458711454
3.45;0.9997557977785193;0.9995259705023581
4.0;0.9988631589714622;0.9978359346355163
4.4;0.9999671265965331;0.9999011380055268
4.4;0.9970834228494339;0.997633532559641
3.25;0.9991426891198034;0.9993358740927941
3.0;0.9939993391795832;0.9994657130892175
2.5;0.998849344725155;0.9987651368375615
3.45;0.9998639991564312;0.9994790683026381
2.75;0.9992907358640039;0.9990581559468832
4.9;0.9998796019458714;0.9998809102260169
4.0;0.9991273622836161;0.9991407858157992
4.9;0.9999748275942327;0.9990550732040865
3.9;0.9993985043581661;0.9986771762003701
4.9;0.9992309186678471;0.9998861592411326
3.9;0.9975689041759509;0.9953145395152729
1.75;0.9971375552194316;0.9925055586524489
4.0;0.9989010112250247;0.9987192026287405
5.0;0.9998550715685486;0.9999072351721928
4.25;0.999407357678546;0.9990502491678269
3.4;0.9995220800048605;0.9983154912240765
3.25;0.9964304529811284;0.9965081409715356
3.0;0.9991275760592674;0.9991589999048481
2.75;0.9983166664305545;0.9983176416613747
2.5;0.9984782833738142;0.9980669427274103
3.25;0.9997353262203439;0.9996204230168542
2.5;0.9984686816489812;0.9983976151496785
0.0;0.9947993741913135;0.9970318450923117
3.25;0.9998526320674556;0.9998345287640471
4.25;0.9992756901502666;0.9991032950713027
3.75;0.9998947372892131;0.9998691937420696
3.9;0.9995930438320898;0.999533836637886
4.5;0.9991667054406657;0.9997902575158512
3.4;0.9993078690014313;0.9985564713564056
4.25;0.9998846182528218;0.9998796177522945
0.0;0.9981933729669731;0.9984971180409091
4.25;0.9956104125875384;0.9983829836197738
2.9;0.9971665092638402;0.9995567829695584
1.75;0.995956932222191;0.9991159530699585
2.75;0.9993038425248909;0.9992303106754282
4.75;0.9999706690730785;0.9999607625239375
3.9;0.9990153603880602;0.9987376081193904
3.5;0.9996563629981656;0.9993019697165618
3.45;0.9994819610367683;0.9995135431789703
3.75;0.9998733681643126;0.9998676991520205
4.75;0.985410200636721;0.9983826831487281
4.25;0.9996140351132737;0.9998284942477957
3.25;0.9996724507049898;0.9994827906317306
3.9;0.9997703492979896;0.9995440585984536
4.2;0.998805378018364;0.9982892239070918
4.25;NaN;NaN
3.4;0.9995009091772025;0.9990696823778835
2.75;0.9963472696582868;0.9905444989169757
2.0;0.9992274123746825;0.999669963067099
1.65;0.9981209396049938;0.9974767062829912
2.75;0.9991323059656195;0.9990611105384228
3.5;0.9996646216639029;0.9996551508770748
3.0;0.9994504841510972;0.9992629909133968
3.9;0.9997445447296535;0.9996527969946222
3.25;0.9994076045428715;0.9995412387634471
4.0;0.9998581971136061;0.9997842559660743
3.9;0.9989527997318033;0.9963891712643224
3.95;0.9967556428281612;0.9996955682028962
2.75;0.9986018575713758;0.9996536273984322
3.0;0.9998033454255533;0.9997594937509372
2.5;0.9996103433613528;0.9995920154804806
3.0;0.9955465621210534;0.9945529371554712
2.5;0.9988705548855938;0.9990220984420641
2.75;0.9979408586036088;0.9995113937529613
2.75;0.9989279769823759;0.9989107077635042
4.5;0.9998968730762895;0.9990550732040865
3.9;0.99659665093982;0.9993539658147719
3.4;0.9959950043338119;0.9980500112561922
4.0;0.9986095726239967;0.9986498048783133
4.85;0.9999310380382739;0.9999204027786202
0.0;0.9986672516053693;0.9964953038577812
4.9;0.9996440170906803;0.9996598776843486
3.5;0.9966648927348637;0.9996803084545913
3.25;0.9956442900674685;0.9942889362475904
1.25;0.997416911428968;0.9971157401793846
3.15;0.998637941553115;0.9984397824694115
