Human;WBSM_AncSPLWeightedJiangConrath_tok-whitespace_lc_sw-nonestopwords_cf-default_ner-none;WBSM_AncSPLWeightedJiangConrath_tok-whitespace_notlc_sw-nonestopwords_cf-default_ner-none;WBSM_AncSPLRada_tok-whitespace_lc_sw-nonestopwords_cf-default_ner-none;WBSM_AncSPLRada_tok-whitespace_notlc_sw-nonestopwords_cf-default_ner-none;WBSM_AncSPLCosineNormWeightedJiangConrath_tok-whitespace_lc_sw-nonestopwords_cf-default_ner-none;WBSM_AncSPLCosineNormWeightedJiangConrath_tok-whitespace_notlc_sw-nonestopwords_cf-default_ner-none;WBSM_AncSPLCaiStrategy1_tok-whitespace_lc_sw-nonestopwords_cf-default_ner-none;WBSM_AncSPLCaiStrategy1_tok-whitespace_notlc_sw-nonestopwords_cf-default_ner-none;WBSM_JiangConrath_tok-whitespace_lc_sw-nonestopwords_cf-default_ner-none;WBSM_JiangConrath_tok-whitespace_notlc_sw-nonestopwords_cf-default_ner-none
2.6666666666666665;0.6765351373764563;0.6371299558285054;0.4338609156373124;0.4235294117647059;0.6192987247734466;0.5849867671831441;0.6962851037748499;0.6582732354014704;0.6765351373764563;0.6371299558285054
1.3333333333333333;0.33166361248332776;0.3252876624585834;0.13245323570650439;0.06622661785325219;0.25713548812427817;0.2286905370479019;0.39174304995253273;0.39451732086721025;0.33166361248332776;0.3252876624585834
4.0;0.5262256042272315;0.535905852038851;0.3077935056255462;0.3077935056255462;0.43311213402694915;0.4487325057204109;0.5735856573659226;0.5795885427063474;0.5262256042272315;0.535905852038851
2.6666666666666665;0.5668032030899869;0.5629738636360812;0.28603877677367767;0.23836564731139803;0.4656198479724288;0.45358159267104514;0.6107299812313938;0.613024555784361;0.5668032030899869;0.5629738636360812
2.6666666666666665;0.4852420921546039;0.5042971463620105;0.2558408596267325;0.2558408596267325;0.39004729230104157;0.41155636648252214;0.5404848523410574;0.5501170971770281;0.4852420921546039;0.5042971463620106
1.6666666666666667;0.5562647455161844;0.5562647455161844;0.24343224778007383;0.24343224778007383;0.4584730463392346;0.4584730463392346;0.6031173563823606;0.6031173563823606;0.5562647455161844;0.5562647455161844
2.3333333333333335;0.523746621403232;0.5097775274188064;0.4576043153224295;0.44539933408304444;0.49442501618914036;0.4812379726128157;0.5447999131059564;0.530269296815785;0.523746621403232;0.5097775274188064
1.0;0.2945671466200126;0.3458032254405679;0.17149858514250885;0.21629522817435007;0.20843022920619578;0.26170885744628963;0.40339694971864887;0.4402654966608074;0.2945671466200126;0.3458032254405679
1.6666666666666667;0.6743630679874586;0.6299728991756613;0.4626519455729923;0.4626519455729923;0.6065624427618769;0.558125384402557;0.7030541424674005;0.6648875463285537;0.6743630679874586;0.6299728991756613
3.0;0.6122798873127728;0.523824840256221;0.3450327796711771;0.2760262237369417;0.5538335030013801;0.44863296685826676;0.635494763440666;0.5577611507853681;0.6122798873127728;0.523824840256221
1.6666666666666667;0.5539067937361163;0.5376630941606259;0.2760262237369417;0.2672612419124244;0.46810233572194615;0.45374642431367584;0.5882232755923641;0.5714629910854392;0.5539067937361163;0.5376630941606259
1.3333333333333333;0.46699822141989583;0.47801059574938054;0.2253744679276044;0.26650089544451305;0.397365491422818;0.42669833034651616;0.4950493077180047;0.5007669773405586;0.46699822141989583;0.47801059574938054
1.3333333333333333;0.5139189334985654;0.49472006458345524;0.214422506967559;0.214422506967559;0.4355306494246882;0.41793195696981755;0.5409177567276345;0.5221234932576035;0.5139189334985654;0.49472006458345524
1.0;0.40858629983624967;0.37761472419237585;0.16609095970747995;0.16609095970747995;0.3279339488399304;0.3002557597494658;0.46472614687013614;0.43366605089634913;0.40858629983624967;0.37761472419237585
1.6666666666666667;0.3623354853976047;0.2992402837137406;0.22360679774997896;0.22360679774997896;0.3045636306266468;0.24726220552278735;0.41403540582832965;0.35481484839028504;0.3623354853976047;0.2992402837137406
2.3333333333333335;0.46837023665086663;0.3918947286013875;0.30316953129541624;0.2867696673382022;0.4044526419085468;0.33593748905498905;0.5083355838022761;0.4402710555594688;0.4683702366508665;0.3918947286013875
3.0;0.5338475348822457;0.5164234429240562;0.3796283011826483;0.3912927904356147;0.48165438772818103;0.47709088691040863;0.5638158556904671;0.5382196493043925;0.5338475348822457;0.5164234429240562
2.3333333333333335;0.4141142674677124;0.3853855117748501;0.16770509831248423;0.15990053726670783;0.31562217998563125;0.2983101500102243;0.4855124779862662;0.44516631970465925;0.4141142674677123;0.38538551177485003
3.0;0.608752653725184;0.5698574271170193;0.24209101306752098;0.23132597278649614;0.4900385702763781;0.4637715280831433;0.6662174212988174;0.6182823795208648;0.608752653725184;0.5698574271170193
1.6666666666666667;0.5009931635602395;0.4918798535260721;0.26943012562182533;0.264197974633739;0.4104096476570002;0.4026392093954733;0.5481879189541536;0.5385381317492018;0.5009931635602395;0.4918798535260721
3.0;0.6231845856472853;0.6398302609358094;0.4950737714883372;0.5185449728701349;0.587355083115205;0.6059976447801247;0.6413030269041159;0.65694620550641;0.6231845856472852;0.6398302609358094
2.6666666666666665;0.40746108433020173;0.3436598631438801;0.15430334996209194;0.10286889997472795;0.3481166991287302;0.2800485628575555;0.4256623681249175;0.37054616263442275;0.40746108433020173;0.34365986314388014
1.6666666666666667;0.3615232467598953;0.355588528660327;0.1143323900950059;0.1143323900950059;0.3014513755674169;0.2964436457963516;0.383094397444515;0.38039293674078134;0.3615232467598953;0.355588528660327
3.0;0.4468178255371401;0.3973862674152128;0.3279680246763151;0.28295822920905517;0.3829577665869289;0.3338974912982155;0.49772530217920985;0.4513815800074136;0.4468178255371401;0.3973862674152128
2.6666666666666665;0.5755723977986216;0.5944155819448379;0.47836487323493987;0.5020790110464023;0.5304209243805734;0.5516060489207688;0.6055862191850362;0.6228044092260491;0.5755723977986216;0.5944155819448379
2.6666666666666665;0.5525391684542812;0.4914458504828081;0.44095855184409843;0.37796447300922725;0.5038673214348288;0.441560476401472;0.5839305679969546;0.5239433964033978;0.5525391684542812;0.4914458504828081
2.0;0.5460774042105433;0.5639584423917008;0.40201512610368484;0.42808634473904467;0.49471618096619424;0.5154371394662693;0.5787081367918522;0.5948008561509952;0.5460774042105433;0.5639584423917008
2.0;0.4419949631837012;0.36148045977365867;0.1734944795898721;0.056613851707229795;0.3206896365014316;0.2190519651659307;0.515591682658893;0.44958072232505436;0.4419949631837012;0.36148045977365867
2.6666666666666665;0.7485237917313065;0.7253510499229195;0.6195224741298931;0.5962847939999439;0.7099845406507381;0.6777168471849535;0.7646082069350629;0.748143522220323;0.7485237917313065;0.7253510499229195
1.0;0.5083147411454593;0.47533462181239977;0.3734080224074693;0.32673201960653564;0.4428572051839214;0.400825044432825;0.5552287292895446;0.5299885540954519;0.5083147411454593;0.47533462181239977
3.0;0.5774576247306057;0.5784363577238893;0.29149941700174903;0.29149941700174903;0.5018918952526762;0.5032034357328521;0.6058403963376111;0.6063524888428609;0.5774576247306057;0.5784363577238893
3.0;0.4272506895577353;0.4403414333999912;0.25302403842552995;0.2741291138080412;0.37230643042203543;0.39086108462845476;0.455271475971793;0.46333906957137033;0.4272506895577353;0.4403414333999912
1.0;0.4616536519194817;0.4444873650581264;0.23782574707724707;0.23782574707724707;0.3793085257673998;0.3701856715253261;0.5128169909600875;0.49282169314042085;0.46165365191948166;0.4444873650581264
2.0;0.4018427813506943;0.40118603621343485;0.17039954414774927;0.16835875742536846;0.30817142073876963;0.3093232163711747;0.44997043179260215;0.44675042027775436;0.4018427813506943;0.40118603621343485
2.0;0.7209291796866815;0.7011578176785485;0.4085297439895141;0.4296689244236597;0.6569912791437219;0.6449950932940519;0.7444829502906802;0.7216347913414505;0.7209291796866815;0.7011578176785485
0.0;0.18874837911325476;0.13417880156933296;0.06537204504606135;0.06537204504606135;0.09494410247717606;0.07794065093777795;0.3484744434769209;0.26712066974767096;0.1887483791132548;0.1341788015693329
1.3333333333333333;0.4201177288652245;0.33867730697812726;0.14433756729740646;0.09622504486493764;0.3256203251887139;0.2572596339999605;0.4803392907236648;0.3951543376346017;0.42011772886522447;0.33867730697812715
2.3333333333333335;0.6036905872027452;0.5602247017097489;0.22271770159368698;0.21884405476620428;0.5132703784159433;0.4786771293753157;0.6324314959427859;0.586267727392706;0.6036905872027452;0.560224701709749
0.3333333333333333;0.5945850304774102;0.5738880048230287;0.12573892269238632;0.12573892269238632;0.46284185445743853;0.448637105592;0.6443215475225664;0.621728526601966;0.5945850304774101;0.5738880048230287
1.0;0.5924529954650757;0.5805029107492994;0.33872391937597646;0.2896465623585793;0.5129194335785497;0.49172112156715075;0.625181271875648;0.6150614411384527;0.5924529954650757;0.5805029107492994
3.0;0.6207553929673009;0.6218620656136854;0.425532248173495;0.425532248173495;0.5500562396091113;0.5513174903811624;0.6528390769778305;0.6533274576169444;0.6207553929673009;0.6218620656136854
2.0;0.6091868222807129;0.583091477474968;0.2843378373505565;0.27975144247209416;0.5138686677264115;0.4933199281446164;0.6481402648662893;0.6215718244053501;0.6091868222807129;0.583091477474968
1.0;0.44367834987929844;0.44367834987929844;0.2680281337094487;0.2680281337094487;0.3818197206436789;0.3818197206436789;0.4710857028944874;0.4710857028944874;0.44367834987929844;0.44367834987929844
1.3333333333333333;0.5426788479852408;0.4878180422917657;0.21320071635561041;0.16357216402190616;0.4288294007841636;0.3755370718265206;0.5919537371299389;0.5357908047446933;0.5426788479852408;0.4878180422917657
1.6666666666666667;0.5174279237250428;0.501735726287189;0.16357216402190616;0.21298080838955433;0.42766386254312994;0.43687499141292824;0.555683301102619;0.5337213720473344;0.5174279237250428;0.501735726287189
0.6666666666666666;0.5898305192040203;0.5757199200202674;0.19936243666246412;0.19592489556550532;0.502703952992516;0.48922893275226315;0.6198014853732745;0.607948326277872;0.5898305192040203;0.5757199200202674
1.3333333333333333;0.6641655872848383;0.6667485873167603;0.4934428168992916;0.4872745392147135;0.633758241251071;0.6321374960571045;0.6728144857343431;0.6774018190290463;0.6641655872848383;0.6667485873167603
2.0;0.6410501184424143;0.6424852456212845;0.3545628534594769;0.3501306435622544;0.5940316183938079;0.5920526681972619;0.6522969680247603;0.6554895032634275;0.6410501184424143;0.6424852456212845
2.0;0.6650179160235831;0.6476188470891728;0.39911971443524674;0.38763184147407487;0.5956715678200716;0.5793234138277661;0.6876442105230864;0.6700423463816506;0.665017916023583;0.6476188470891727
0.6666666666666666;0.4135257530542895;0.3664200628922835;0.15430334996209194;0.10286889997472795;0.34006380569929984;0.2910478656304958;0.45457775570829306;0.4085476335497241;0.4135257530542895;0.3664200628922835
3.0;0.6697698576827188;0.6797433987582311;0.48983350101987627;0.49716300153044185;0.6302589966745451;0.6382266749639056;0.6820950784734086;0.6926793420727727;0.6697698576827188;0.6797433987582311
3.0;0.6685543177879762;0.6490346266436618;0.36342784457360916;0.36342784457360916;0.5864743755755429;0.5740280004837526;0.6956896489730248;0.6734393333229423;0.6685543177879762;0.6490346266436617
1.3333333333333333;0.5943311902201339;0.5586462533502035;0.3107648150273463;0.2941231134169429;0.515925892252984;0.48449656075569847;0.6246545842305571;0.5889862341024582;0.5943311902201339;0.5586462533502035
2.0;0.688198378047346;0.688198378047346;0.4695163569423701;0.4695163569423701;0.6402664711366427;0.6402664711366427;0.7048045212311261;0.7048045212311261;0.6881983780473461;0.6881983780473461
2.0;0.6119280556140079;0.5626929564787324;0.2874024973854982;0.2814142886820324;0.5218237538772521;0.4691118936042704;0.6494641095990209;0.6070066821195614;0.6119280556140079;0.5626929564787324
1.0;0.17057189613022933;0.1631078189505179;0.06917144638660747;0.06917144638660747;0.09379797832588464;0.09277313773637197;0.31371782693923933;0.2887129278402683;0.17057189613022933;0.1631078189505179
1.6666666666666667;0.6110870122808663;0.6213999009919803;0.24915726198292534;0.27410564686335853;0.5412999496550653;0.5542481362223634;0.6328399497424523;0.6423712794955797;0.6110870122808663;0.6213999009919803
2.0;0.6476149876408172;0.6393864161170865;0.28583097523751466;0.2817180849095055;0.569950265608323;0.5622881452253424;0.6734380827281518;0.6651031486736289;0.6476149876408172;0.6393864161170865
0.3333333333333333;0.5252784905946647;0.5162830319013503;0.17268309857507377;0.16936195968798823;0.43079290550483623;0.4230245768650906;0.5570239178148848;0.5477077230379981;0.5252784905946647;0.5162830319013503
2.3333333333333335;0.6468494939751696;0.6614788840626364;0.4120169817949316;0.40087696508670057;0.5970361542002035;0.6055055891005214;0.66174096828729;0.6785625005396746;0.6468494939751696;0.6614788840626364
2.0;0.5143085509753348;0.3691772950990267;0.21693045781865616;0.10540925533894598;0.39414738442193603;0.25999896842010844;0.5858263568381332;0.4409971895003024;0.5143085509753348;0.3691772950990267
1.3333333333333333;0.44551683054918256;0.4348920225526173;0.2653343152526162;0.22742941307367104;0.3776137631398016;0.3531882418530959;0.4756770035002488;0.47308684330697504;0.44551683054918256;0.4348920225526173
2.6666666666666665;0.7458698539828915;0.7541997111515459;0.7458698539828915;0.7541997111515459;0.7458698539828915;0.7541997111515459;0.7458698539828915;0.7541997111515459;0.7458698539828915;0.7541997111515459
1.0;0.3174772681395781;0.3090333983204355;0.07412493166611013;0.07412493166611013;0.21600114066695023;0.20869461237127143;0.37362850621877014;0.3695677568024377;0.3174772681395781;0.3090333983204355
0.3333333333333333;0.4784421568053299;0.47710002994666567;0.140028008402801;0.140028008402801;0.3879652332716778;0.39283404013142403;0.5131033127923895;0.514027339383255;0.4784421568053299;0.47710002994666567
1.3333333333333333;0.5585619152008722;0.5006875218819057;0.3721042037676254;0.31008683647302115;0.4916526987624075;0.4319139893653026;0.6001684291170896;0.5438683258573774;0.5585619152008722;0.5006875218819057
1.3333333333333333;0.5107516905177724;0.5009824914354644;0.3342864154016064;0.32173365506714924;0.4536576236920618;0.44694561738506033;0.5401267220058775;0.5265318221523796;0.5107516905177724;0.5009824914354644
2.3333333333333335;0.4912402098026997;0.41113607932224927;0.1543033499620919;0.15152288168283162;0.38875930456607327;0.29785828959453997;0.5373076455412062;0.49415106719684604;0.4912402098026997;0.41113607932224927
3.0;0.6602386757269972;0.6494436021271509;0.4486765159772852;0.4325026439010608;0.601918081475403;0.5868956526918035;0.6839338967444453;0.6757727467098265;0.6602386757269972;0.6494436021271509
3.0;0.5869029490769068;0.5789731555348573;0.2515158186345753;0.2458308094711603;0.5236130497208185;0.5220884825473533;0.6063395045866774;0.5943167728464651;0.5869029490769068;0.5789731555348573
3.0;0.5556667671521862;0.5477034710342735;0.32954102182865386;0.32954102182865386;0.4841652992345595;0.4804723319866034;0.589154270850472;0.578458152466047;0.5556667671521862;0.5477034710342735
1.3333333333333333;0.5926222086791405;0.5740035461657863;0.3586731404623837;0.34941549766820706;0.5311750121110542;0.5133215463919681;0.6177788799307644;0.6008492896539518;0.5926222086791404;0.5740035461657863
3.0;0.569007350079794;0.5825223573379023;0.3768891807222045;0.38297084310253526;0.5069012578117826;0.5215199388291379;0.5975221350137804;0.6084354064807133;0.569007350079794;0.5825223573379023
1.3333333333333333;0.3699841765352746;0.36342074067663027;0.08770580193070293;0.08606629658238703;0.2476734810675019;0.24313459158558676;0.4455450040645873;0.43782160010293797;0.3699841765352746;0.36342074067663027
4.0;0.43536050932258785;0.4232362813546776;0.2618614682831909;0.24535824603285925;0.36219870087777406;0.346801330240339;0.47460980225497046;0.46474061924685034;0.43536050932258785;0.4232362813546776
2.6666666666666665;0.6489539456687826;0.6265344715304703;0.43082021842766455;0.4139186771923578;0.5812900784785014;0.5600246557778855;0.6846813683931213;0.6619394544537185;0.6489539456687826;0.6265344715304703
0.3333333333333333;0.326767872668061;0.3001599075717498;0.09304842103984709;0.09304842103984709;0.23374418930615587;0.22668721814781898;0.37864937770909146;0.35658142654197184;0.326767872668061;0.3001599075717498
0.0;0.30188789536674265;0.24970255673966002;0.06085806194501844;0.06085806194501844;0.22031295856913372;0.16655775234416476;0.3492397506900029;0.3025887444817887;0.30188789536674265;0.24970255673966002
0.0;0.24220842989370983;0.23101448575764982;0.041594516540385144;0.041594516540385144;0.1293838819402601;0.12540547670429608;0.35264593784162496;0.33634109315623745;0.24220842989370978;0.23101448575764982
0.0;0.5629111823189415;0.5138527008301981;0.1734944795898721;0.11566298639324807;0.47846195719877666;0.4268647898776188;0.5979827658992741;0.5500289002848782;0.5629111823189415;0.5138527008301981
0.6666666666666666;0.41232553869688415;0.41232553869688415;0.18394180184548972;0.18394180184548972;0.2959479624555808;0.2959479624555808;0.4903961760774129;0.4903961760774129;0.41232553869688415;0.41232553869688415
0.3333333333333333;0.4579513983574426;0.4144403830806832;0.24127791540868285;0.18923271008903098;0.4033018899213212;0.3484524406128864;0.4779761377647229;0.4405666522088445;0.4579513983574426;0.4144403830806832
0.6666666666666666;0.6073420205172497;0.5519414876780938;0.1709408646894569;0.16718346377260587;0.5087328053931189;0.44957819868035503;0.6425950400802092;0.5946703427683374;0.6073420205172497;0.5519414876780938
0.3333333333333333;0.4911836762994196;0.44855879183712133;0.20228869496966947;0.20228869496966947;0.37009400398809383;0.3358054783244085;0.5584408141117622;0.5267957383860417;0.4911836762994196;0.44855879183712133
0.3333333333333333;0.49595660166846206;0.48871189942797444;0.17660431427533915;0.17660431427533915;0.4126913536526605;0.41038105866971003;0.5306938320202935;0.5203305463465608;0.49595660166846206;0.48871189942797444
0.0;0.40085383842004607;0.3901783178754667;0.23570226039551587;0.22941573387056174;0.360428424131383;0.35081586406093695;0.44745452234498473;0.43563211806782426;0.40085383842004607;0.3901783178754667
0.0;0.49460033311764995;0.43024944300967466;0.16151457061744964;0.1076763804116331;0.3934718894921429;0.3349082172085298;0.543328784955915;0.47522162839406773;0.49460033311764995;0.43024944300967466
0.0;0.45517077046931215;0.4265266723226812;0.1333333333333333;0.1333333333333333;0.3133128470309632;0.2936620133010398;0.5373283682313444;0.5069011311339652;0.4551707704693122;0.42652667232268127
1.0;0.32545542627577895;0.3222692544089533;0.1636634176769943;0.1636634176769943;0.24358391474218588;0.24333516018573478;0.4246456318231466;0.40730086800604076;0.325455426275779;0.3222692544089533
0.0;0.5483696960644373;0.5157649351504912;0.07106690545187015;0.035533452725935076;0.4134214774273359;0.38176276538210685;0.5958970290761251;0.5656499769497976;0.5483696960644373;0.515764935150491
0.0;0.3502386706783557;0.33246923820225927;0.0;0.0;0.19886986790770483;0.19206971672635922;0.42919471795026437;0.4027487572209602;0.3502386706783557;0.33246923820225927
0.0;0.3189936234245212;0.29202677733715526;0.11180339887498948;0.11180339887498948;0.2101682515813296;0.19067361510089448;0.3969582704745312;0.38540745153366385;0.3189936234245212;0.29202677733715526
0.6666666666666666;0.4929294562205712;0.4066485986573226;0.18333969940564224;0.17712297710801903;0.3918317650004766;0.32262719947558494;0.5463280967306208;0.46521663130306024;0.49292945622057127;0.4066485986573226
0.0;0.582068542132361;0.571932434958776;0.14552137502179976;0.14269544824634825;0.4445082679582616;0.4363218711015408;0.6408180378022403;0.6300193656450412;0.582068542132361;0.571932434958776
0.0;0.5205791141260555;0.4962822091051754;0.17213259316477408;0.17025130615174972;0.39250417430033724;0.36893913991426863;0.5946395256648793;0.5712508017294416;0.5205791141260557;0.4962822091051753
0.6666666666666666;0.3930081021623984;0.40564595113145613;0.05270462766947299;0.05270462766947299;0.2788994790157051;0.2949225278384456;0.44216682998146206;0.4492425514665929;0.39300810216239845;0.40564595113145613
0.0;0.21119091485430125;0.14873171929298304;0.0;0.0;0.10430484607671381;0.07426410871545182;0.31031920029152726;0.2659539284948477;0.2111909148543013;0.14873171929298304
0.0;0.40669891514118256;0.39676237716819013;0.036369648372665396;0.036369648372665396;0.2878133564786312;0.2850333699089332;0.45830062611784766;0.44540798343598176;0.40669891514118256;0.39676237716819013
0.6666666666666666;0.44956284147548553;0.4292413841185193;0.14269544824634825;0.14269544824634825;0.36802945458106884;0.35323343173382343;0.48030493251472445;0.4584483470813748;0.44956284147548553;0.4292413841185193
0.3333333333333333;0.41372303917869896;0.41372303917869896;0.15294382258037453;0.15294382258037453;0.3289358997168344;0.3289358997168344;0.44708473247117136;0.44708473247117136;0.41372303917869885;0.41372303917869885
0.0;0.3119405414692111;0.0;0.0;0.0;0.21712895664325849;0.0;0.3664708958780843;0.0;0.3119405414692111;0.0
0.3333333333333333;0.49761641716683946;0.49438609334090616;0.15130688316720062;0.14847846772912465;0.3867315978143587;0.38618638274364614;0.5415418516414473;0.5367426974150077;0.49761641716683946;0.49438609334090616
0.3333333333333333;0.49488768713618414;0.4761465634217527;0.11785113019775792;0.1162476387438193;0.36464203571105475;0.3432864177544862;0.5731649802019231;0.5580749141742868;0.49488768713618414;0.47614656342175277
0.0;0.40829791262010606;0.39556484443433154;0.04688072309384954;0.04688072309384954;0.25590183647802656;0.24345469370593537;0.4928195864579907;0.48855879429277205;0.40829791262010606;0.39556484443433154
1.0;0.46828969271671966;0.47836279605718124;0.2272843225242474;0.22528177844479147;0.39815451448194633;0.40701265298037276;0.4971009511413325;0.5061709821995232;0.46828969271671966;0.47836279605718124
0.0;0.42908200682036834;0.42038378500781715;0.09284766908852593;0.090075469822209;0.2935088372399956;0.28740247526923995;0.49226563425665504;0.48251126185664683;0.42908200682036823;0.4203837850078171
0.3333333333333333;0.37916530266719206;0.32690032936307806;0.1679677532867563;0.11197850219117086;0.28236846906016877;0.22756095817425198;0.4424543549198622;0.39258956336582895;0.37916530266719206;0.32690032936307806
0.6666666666666666;0.328347228324158;0.3191195374049067;0.04794633014853841;0.046423834544262965;0.21888770360297086;0.2123015121093152;0.39957588240496345;0.389134267940159;0.328347228324158;0.3191195374049067
0.0;0.45982714968619687;0.40418083431316726;0.14269544824634825;0.09513029883089882;0.3589151935547331;0.28300680704532133;0.5076281033689984;0.468590146298409;0.45982714968619687;0.40418083431316737
0.0;0.4559265007936578;0.48935107434827246;0.044455422447438706;0.04347826086956522;0.3112181425472847;0.38035148522852;0.5295923561846394;0.5348029448539887;0.4559265007936578;0.48935107434827246
0.3333333333333333;0.16101495271042535;0.0;0.0;0.0;0.1079530779927339;0.0;0.2616120560506302;0.0;0.16101495271042535;0.0
0.0;0.3898970830368838;0.3820089428712801;0.10050378152592121;0.09829463743659811;0.26747335101880704;0.26957442093795064;0.4644867521955054;0.44277150475528787;0.3898970830368839;0.3820089428712801
1.0;0.311163443078032;0.30078200410927775;0.045454545454545456;0.044455422447438706;0.18331319024332962;0.17593386522033164;0.39406668333164974;0.38459016605085605;0.3111634430780321;0.30078200410927775
0.0;0.40706449919181714;0.3852731505524695;0.04089304100547654;0.04003203845127179;0.278681465127055;0.28322018021595374;0.4761239235148173;0.4318227410648461;0.40706449919181714;0.3852731505524695
0.0;0.4821255012398891;0.4346444971026644;0.0629940788348712;0.061898446059017294;0.34265730617879725;0.2970008070693295;0.5445611417675833;0.5203695474843621;0.482125501239889;0.4346444971026644
0.3333333333333333;0.3744306159211507;0.35380463041424426;0.08247860988423225;0.08247860988423225;0.24403628217747408;0.2363384881839444;0.45598364776907474;0.42427723314882415;0.3744306159211507;0.35380463041424426
0.0;0.380939838166652;0.3960830875146678;0.0;0.0;0.2556633406634909;0.2931903506534362;0.4496348777265923;0.43715229852473114;0.380939838166652;0.3960830875146678
0.3333333333333333;0.46085681015633845;0.4346544670061313;0.09670817576934843;0.06447211717956562;0.32891423872331615;0.28782323667508325;0.517142411592818;0.5055914408089469;0.46085681015633845;0.4346544670061313
0.0;0.43775515464252707;0.4402348437223066;0.044455422447438706;0.04351941398892446;0.267585240395385;0.2755844085622728;0.5288949246129557;0.5249155345094967;0.43775515464252707;0.44023484372230665
0.0;0.56226145998314;0.5490039281953616;0.13987572123604708;0.13693063937629152;0.41313849315665874;0.4029589229767594;0.630653853532082;0.618216676048106;0.56226145998314;0.5490039281953616
0.3333333333333333;0.37978322125043285;0.3661415686178011;0.09284766908852593;0.09128709291752768;0.24315445734141367;0.23727595607001947;0.47126908595722794;0.44840229743636273;0.3797832212504329;0.36614156861780117
1.0;0.40678256264790447;0.33230529054858626;0.09090909090909091;0.09090909090909091;0.2826509899503037;0.2354035942468731;0.45802470201963497;0.37361367878356283;0.40678256264790447;0.33230529054858626
0.0;0.3587313640094284;0.3465788868812953;0.06299407883487121;0.05923488777590923;0.23698243303679314;0.230979330440295;0.4335773423630831;0.4140905188574423;0.35873136400942846;0.3465788868812953
0.3333333333333333;0.5429052779453526;0.5279260936747036;0.2162513219505304;0.2162513219505304;0.4605093957927567;0.45032820138061747;0.573953222901123;0.5582516901335879;0.5429052779453526;0.5279260936747036
0.6666666666666666;0.4908418566403863;0.45831930240343643;0.12909944487358055;0.15179418517972906;0.3722065321769737;0.35909158449237943;0.5393859783102638;0.49875503925166076;0.4908418566403863;0.45831930240343643
0.0;0.3729032043600314;0.3047378383344987;0.0;0.0;0.2421818455855038;0.1809068083502224;0.4310218410852046;0.37140954239563356;0.3729032043600314;0.3047378383344987
0.6666666666666666;0.5038301367983896;0.4951468678658796;0.20515248496555455;0.23643312187173018;0.4172431345160219;0.4195187427989541;0.5437219121618514;0.5374423083480829;0.5038301367983896;0.4951468678658796
1.0;0.560128830835307;0.5489991118087193;0.31782086308186414;0.27544474800428226;0.49813421415047154;0.4727917457205601;0.5842382336361848;0.5807345860282322;0.560128830835307;0.5489991118087193
0.0;0.504026210818938;0.4434936882755875;0.22256595362986284;0.22256595362986284;0.3912813060291923;0.3440583843127108;0.5652311981245624;0.5075631168395595;0.504026210818938;0.4434936882755875
0.0;0.44294806426670696;0.3535548727609953;0.12060453783110546;0.0;0.3390960012411813;0.23050063743749785;0.481896807924833;0.4028188386440117;0.44294806426670696;0.3535548727609953
0.0;0.3077864608605998;0.22528529219954502;0.07071067811865474;0.0;0.19310741451081342;0.11250490993367394;0.3943071058519032;0.3194506441706943;0.3077864608605998;0.2252852921995451
0.0;0.3606754737227815;0.3280153933711497;0.0545544725589981;0.0545544725589981;0.25269721751954116;0.21920346582250919;0.4172808168888764;0.4020212042754458;0.3606754737227815;0.32801539337114977
0.6666666666666666;0.48092873772883166;0.3655257199852123;0.0;0.0;0.2785286838338793;0.16181116429031397;0.5927765503679224;0.5195652366985458;0.48092873772883166;0.3655257199852123
0.3333333333333333;0.2978805196323719;0.2914927922517766;0.15512630699850574;0.1517165212272521;0.22247943198352302;0.21762411578742208;0.398457063145766;0.39004286332062316;0.2978805196323719;0.2914927922517766
1.0;0.4110364005946067;0.3712565087672075;0.05716619504750295;0.05716619504750295;0.270388156887462;0.24790994357836063;0.48193081379132113;0.43381812153638183;0.4110364005946067;0.3712565087672075
0.6666666666666666;0.40297487922673647;0.40297487922673647;0.06019292654288461;0.06019292654288461;0.2717722169202244;0.2717722169202244;0.4863055542153078;0.4863055542153078;0.40297487922673647;0.40297487922673647
0.3333333333333333;0.1842916686382347;0.10904331199289662;0.0;0.0;0.05934119629554562;0.02829471717174528;0.3316715678682277;0.24292729356728326;0.1842916686382347;0.10904331199289659
0.3333333333333333;0.4590278301362544;0.4371726650689251;0.08997856234948101;0.08997856234948101;0.36710775130412965;0.3460873415166723;0.4998922999026771;0.47677923942280026;0.4590278301362544;0.4371726650689251
0.0;0.29387111620009704;0.3009859995587052;0.11396057645963795;0.11396057645963795;0.18727524865658024;0.2000318305055737;0.4043040787496296;0.4094248464160494;0.2938711162000971;0.30098599955870525
0.3333333333333333;0.5114770803654652;0.4877829620540638;0.24792052322132133;0.2383815201889433;0.42956223013895817;0.40709529763009256;0.5471239871328564;0.5268208959759153;0.5114770803654652;0.4877829620540638
0.0;0.3227917754951446;0.0;0.0;0.0;0.1549888546140378;0.0;0.44206009822541703;0.0;0.3227917754951446;0.0
0.0;0.527859123412704;0.4499673376508878;0.0;0.0;0.39185914912738584;0.33488055735654215;0.5785652745312246;0.5010475175999944;0.527859123412704;0.44996733765088776
0.0;0.3309887376136872;0.26508056043592587;0.2022599587389726;0.1348399724926484;0.24796910552366364;0.180770750796108;0.4216179735517966;0.35878898610347565;0.3309887376136872;0.26508056043592587
0.3333333333333333;0.32912754071076744;0.3252212312293882;0.07216878364870323;0.13453455879926252;0.19854985162086836;0.23191646763886128;0.4318548624524745;0.40945876327949876;0.32912754071076744;0.3252212312293882
0.3333333333333333;0.31955227314704726;0.33837262114185723;0.09805806756909202;0.09622504486493763;0.22263384357725405;0.2407118773516554;0.37470488823775705;0.39003512690832753;0.3195522731470472;0.33837262114185723
0.6666666666666666;0.44301213981525256;0.34828725227895035;0.08728715609439695;0.12381666008496585;0.31574068606226946;0.24585483884758022;0.5032609242262673;0.42886634709520266;0.44301213981525256;0.34828725227895035
0.3333333333333333;0.3569115083891327;0.34864292500290855;0.11547005383792514;0.1126872339638022;0.24709971208760562;0.24120441464962347;0.42080858977056307;0.4113999653168457;0.35691150838913266;0.34864292500290855
0.0;0.3565129179170225;0.36744241330667016;0.13452610468427006;0.1309853227343952;0.2551672968401982;0.2625278815723051;0.42653386716176905;0.43838189121968346;0.3565129179170225;0.36744241330667016
0.3333333333333333;0.2530910127522084;0.2303721687549902;0.11396057645963795;0.11145564251507058;0.1746330577706367;0.1636907184889517;0.3229872915332926;0.29139680108389476;0.25309101275220847;0.2303721687549902
0.0;0.2649298882031057;0.17340475019848328;0.0944911182523068;0.0;0.16347018508976818;0.06953792104651053;0.3766003506383184;0.28956388462266;0.2649298882031057;0.17340475019848328
0.0;0.40204613342196593;0.4074575881079655;0.12510864843424485;0.16012815380508716;0.29173366003330076;0.2948398628896005;0.4703739798755433;0.4799462007912417;0.40204613342196593;0.4074575881079655
0.0;0.373548287828871;0.40981211380831095;0.09428090415820635;0.13497638119975425;0.27117419794705006;0.3133518050289972;0.4299648431915254;0.45769199927365634;0.373548287828871;0.40981211380831095
0.0;0.45044789313445377;0.45044789313445377;0.16718346377260587;0.16718346377260587;0.34091803576972557;0.34091803576972557;0.5097195880430676;0.5097195880430676;0.45044789313445377;0.45044789313445377
0.3333333333333333;0.3049457668540126;0.3049457668540126;0.1127207868107461;0.1127207868107461;0.2642834368690017;0.2642834368690017;0.33736420986676713;0.33736420986676713;0.3049457668540126;0.3049457668540126
0.0;0.4895642429336357;0.47132172961735963;0.12909944487358055;0.12677313820927746;0.37311146124603656;0.3629118164645968;0.5412791071717743;0.5171114285078966;0.4895642429336357;0.47132172961735963
0.0;0.4938163683574599;0.4938163683574599;0.1636634176769943;0.1636634176769943;0.4153371882889377;0.4153371882889377;0.5210031180914015;0.5210031180914015;0.4938163683574599;0.4938163683574599
0.3333333333333333;0.3946164546641171;0.3948577485935158;0.2004459314343183;0.1336306209562122;0.32832959526203237;0.31508621058312053;0.4397586415106188;0.4472345241075581;0.3946164546641171;0.3948577485935158
0.3333333333333333;0.3814968543355982;0.3767134943856322;0.1342312110428049;0.0993399267798783;0.2918754013698727;0.2786081957811984;0.435212688915438;0.4330049488674776;0.3814968543355982;0.3767134943856322
1.0;0.2542543508426442;0.2467037745947593;0.0;0.0;0.1371936334803247;0.13292921286442286;0.330601319053914;0.32120720095771155;0.2542543508426442;0.2467037745947593
0.0;0.4274937820291895;0.2883846708871405;0.08944271909999159;0.044721359549995794;0.29123988944602514;0.17003910162375593;0.5261795851984159;0.3941866060761795;0.4274937820291894;0.28838467088714037
0.0;0.4070632789470933;0.3854105775040838;0.05270462766947299;0.05184758473652128;0.23446393156724707;0.22335099419685064;0.5143496228588093;0.48602334458724744;0.4070632789470933;0.3854105775040838
0.3333333333333333;0.4239212639734332;0.40418750545710447;0.13987572123604708;0.13416407864998736;0.33154701958199667;0.3145546774824509;0.460296371741099;0.4415426051268576;0.4239212639734332;0.40418750545710447
0.0;0.5445596073626328;0.5335839358567148;0.23227468205581656;0.2254415736214922;0.4449267088317618;0.4496719615642842;0.5978364339769912;0.5717657580593792;0.5445596073626328;0.5335839358567148
0.3333333333333333;0.2613722744544037;0.24776135517975106;0.0;0.0;0.14726185676830597;0.1423038031879321;0.34598204510397174;0.3269013452862352;0.2613722744544037;0.24776135517975106
0.3333333333333333;0.5252155474238072;0.5230542071002313;0.12719260014977865;0.15770628312808094;0.422883841891483;0.4377079863874399;0.5582710795973808;0.5483197364557468;0.5252155474238072;0.5230542071002313
0.3333333333333333;0.4462252854319698;0.39719535403874673;0.22470176588194152;0.1872514715682846;0.36219731962606383;0.31806236878227195;0.4869493070952633;0.43573812256717104;0.4462252854319698;0.39719535403874673
0.6666666666666666;0.4735396707419455;0.42708726356988;0.12909944487358055;0.09682458365518543;0.3713102332484923;0.32123108079599;0.5173644451964645;0.4713750863659201;0.4735396707419455;0.42708726356988
0.0;0.44879649338354116;0.4342791225812551;0.04376881095324086;0.04303314829119352;0.31182828480023006;0.304633219668119;0.5206608226194107;0.49895991975168336;0.44879649338354116;0.4342791225812551
0.0;0.498246172669368;0.5024389646300853;0.08520286456846099;0.12247448713915889;0.36685913752439064;0.3828400103879533;0.5535235795513128;0.5530152486515949;0.498246172669368;0.5024389646300853
0.0;0.46019839856307;0.42027635538927344;0.1900859665119568;0.18669130117198268;0.349835526744681;0.32289269855678704;0.520699522042849;0.4725446831239193;0.46019839856307004;0.4202763553892735
0.0;0.41613080302715866;0.35011228282129936;0.11322770341445959;0.05555555555555555;0.313912773544582;0.24749799906808662;0.459554201488621;0.3977324576261878;0.41613080302715866;0.35011228282129936
